#usda 1.0
(
    defaultPrim = "SevenCameraRig"
    metersPerUnit = 1
    upAxis = "Z"
    timeCodesPerSecond = 30
)

def Xform "SevenCameraRig"
{
    custom string designStatus = "SIM-V0.1; all non-PDF dimensions are proposed, not measured"
    custom string bodyFrame = "+X forward, +Y wearer left, +Z up; origin C0 optical center"
    def Xform "Housing"
    {
        def Mesh "central_housing"
        {
            point3f[] points = [(-0.03, -0.043, -0.013), (-0.03, -0.043, 0.013), (-0.03, 0.043, -0.013), (-0.03, 0.043, 0.013), (-0.004, -0.043, -0.013), (-0.004, -0.043, 0.013), (-0.004, 0.043, -0.013), (-0.004, 0.043, 0.013), (-0.03, -0.043, -0.013), (-0.004, -0.043, -0.013), (-0.03, -0.043, 0.013), (-0.004, -0.043, 0.013), (-0.03, 0.043, -0.013), (-0.004, 0.043, -0.013), (-0.03, 0.043, 0.013), (-0.004, 0.043, 0.013), (-0.03, -0.043, -0.013), (-0.03, 0.043, -0.013), (-0.004, -0.043, -0.013), (-0.004, 0.043, -0.013), (-0.03, -0.043, 0.013), (-0.03, 0.043, 0.013), (-0.004, -0.043, 0.013), (-0.004, 0.043, 0.013)]
            int[] faceVertexCounts = [3, 3, 3, 3, 3, 3, 3, 3, 3, 3, 3, 3]
            int[] faceVertexIndices = [1, 2, 0, 1, 3, 2, 5, 4, 6, 5, 6, 7, 10, 8, 9, 11, 10, 9, 14, 13, 12, 15, 13, 14, 19, 16, 17, 19, 18, 16, 23, 21, 20, 23, 20, 22]
            uniform token subdivisionScheme = "none"
            uniform bool doubleSided = true
            color3f[] primvars:displayColor = [(0.24, 0.28, 0.33)]
            custom string simulationStatus = "unmeasured_occlusion_proxy"
        }
        def Mesh "left_pod"
        {
            point3f[] points = [(-0.03, 0.043, -0.014), (-0.03, 0.043, 0.014), (-0.03, 0.067, -0.014), (-0.03, 0.067, 0.014), (-0.002, 0.043, -0.014), (-0.002, 0.043, 0.014), (-0.002, 0.067, -0.014), (-0.002, 0.067, 0.014), (-0.03, 0.043, -0.014), (-0.002, 0.043, -0.014), (-0.03, 0.043, 0.014), (-0.002, 0.043, 0.014), (-0.03, 0.067, -0.014), (-0.002, 0.067, -0.014), (-0.03, 0.067, 0.014), (-0.002, 0.067, 0.014), (-0.03, 0.043, -0.014), (-0.03, 0.067, -0.014), (-0.002, 0.043, -0.014), (-0.002, 0.067, -0.014), (-0.03, 0.043, 0.014), (-0.03, 0.067, 0.014), (-0.002, 0.043, 0.014), (-0.002, 0.067, 0.014)]
            int[] faceVertexCounts = [3, 3, 3, 3, 3, 3, 3, 3, 3, 3, 3, 3]
            int[] faceVertexIndices = [1, 2, 0, 1, 3, 2, 5, 4, 6, 5, 6, 7, 11, 8, 9, 11, 10, 8, 15, 13, 12, 15, 12, 14, 18, 16, 17, 19, 18, 17, 22, 21, 20, 23, 21, 22]
            uniform token subdivisionScheme = "none"
            uniform bool doubleSided = true
            color3f[] primvars:displayColor = [(0.24, 0.28, 0.33)]
            custom string simulationStatus = "unmeasured_occlusion_proxy"
        }
        def Mesh "right_pod"
        {
            point3f[] points = [(-0.03, -0.067, -0.014), (-0.03, -0.067, 0.014), (-0.03, -0.043, -0.014), (-0.03, -0.043, 0.014), (-0.002, -0.067, -0.014), (-0.002, -0.067, 0.014), (-0.002, -0.043, -0.014), (-0.002, -0.043, 0.014), (-0.03, -0.067, -0.014), (-0.002, -0.067, -0.014), (-0.03, -0.067, 0.014), (-0.002, -0.067, 0.014), (-0.03, -0.043, -0.014), (-0.002, -0.043, -0.014), (-0.03, -0.043, 0.014), (-0.002, -0.043, 0.014), (-0.03, -0.067, -0.014), (-0.03, -0.043, -0.014), (-0.002, -0.067, -0.014), (-0.002, -0.043, -0.014), (-0.03, -0.067, 0.014), (-0.03, -0.043, 0.014), (-0.002, -0.067, 0.014), (-0.002, -0.043, 0.014)]
            int[] faceVertexCounts = [3, 3, 3, 3, 3, 3, 3, 3, 3, 3, 3, 3]
            int[] faceVertexIndices = [1, 2, 0, 1, 3, 2, 5, 4, 6, 5, 6, 7, 11, 8, 9, 11, 10, 8, 15, 13, 12, 15, 12, 14, 19, 16, 17, 19, 18, 16, 23, 21, 20, 23, 20, 22]
            uniform token subdivisionScheme = "none"
            uniform bool doubleSided = true
            color3f[] primvars:displayColor = [(0.24, 0.28, 0.33)]
            custom string simulationStatus = "unmeasured_occlusion_proxy"
        }
        def Mesh "C0_barrel"
        {
            point3f[] points = [(-0.001, 1.46957615898e-18, 0.006), (-0.001, -0.000299075313964, 0.00599254152731), (-0.001, -0.000597407079575, 0.00597018465219), (-0.001, -0.000894253597057, 0.00593298495735), (-0.001, -0.0011888768592, 0.00588103492709), (-0.001, -0.00148054438614, 0.00581446371737), (-0.001, -0.00176853104647, 0.00573343683472), (-0.001, -0.00205212085995, 0.00563815572472), (-0.001, -0.00233060877765, 0.00552885727122), (-0.001, -0.00260330243471, 0.00540581320741), (-0.001, -0.00286952387173, 0.00526932944022), (-0.001, -0.00312861122028, 0.00511974528979), (-0.001, -0.00337992034838, 0.0049574326459), (-0.001, -0.00362282646195, 0.00478279504334), (-0.001, -0.00385672565812, 0.00459626665871), (-0.001, -0.00408103642663, 0.00439831123098), (-0.001, -0.00429520109556, 0.00418942090852), (-0.001, -0.00449868721781, 0.00397011502558), (-0.001, -0.00469098889481, 0.00374093881115), (-0.001, -0.0048716280343, 0.00350246203341), (-0.001, -0.0050401555389, 0.00325527758319), (-0.001, -0.00519615242271, 0.003), (-0.001, -0.00533923085287, 0.00273726394412), (-0.001, -0.00546903511387, 0.00246772261878), (-0.001, -0.00558524249187, 0.0021920461462), (-0.001, -0.005687564077, 0.00191091990151), (-0.001, -0.0057757454817, 0.00162504280886), (-0.001, -0.00584956747309, 0.00133512560374), (-0.001, -0.00590884651807, 0.001041889066), (-0.001, -0.0059534352396, 0.000746062227885), (-0.001, -0.00598322278309, 0.000448380561519), (-0.001, -0.005998135092, 0.000149584150428), (-0.001, -0.005998135092, -0.000149584150428), (-0.001, -0.00598322278309, -0.000448380561519), (-0.001, -0.0059534352396, -0.000746062227885), (-0.001, -0.00590884651807, -0.001041889066), (-0.001, -0.00584956747309, -0.00133512560374), (-0.001, -0.0057757454817, -0.00162504280886), (-0.001, -0.005687564077, -0.00191091990151), (-0.001, -0.00558524249187, -0.0021920461462), (-0.001, -0.00546903511387, -0.00246772261878), (-0.001, -0.00533923085287, -0.00273726394412), (-0.001, -0.00519615242271, -0.003), (-0.001, -0.0050401555389, -0.00325527758319), (-0.001, -0.0048716280343, -0.00350246203341), (-0.001, -0.00469098889481, -0.00374093881115), (-0.001, -0.00449868721781, -0.00397011502558), (-0.001, -0.00429520109556, -0.00418942090852), (-0.001, -0.00408103642663, -0.00439831123098), (-0.001, -0.00385672565812, -0.00459626665871), (-0.001, -0.00362282646195, -0.00478279504334), (-0.001, -0.00337992034838, -0.0049574326459), (-0.001, -0.00312861122028, -0.00511974528979), (-0.001, -0.00286952387173, -0.00526932944022), (-0.001, -0.00260330243471, -0.00540581320741), (-0.001, -0.00233060877765, -0.00552885727122), (-0.001, -0.00205212085995, -0.00563815572472), (-0.001, -0.00176853104647, -0.00573343683472), (-0.001, -0.00148054438614, -0.00581446371737), (-0.001, -0.0011888768592, -0.00588103492709), (-0.001, -0.000894253597057, -0.00593298495735), (-0.001, -0.000597407079575, -0.00597018465219), (-0.001, -0.000299075313964, -0.00599254152731), (-0.001, 2.05814939933e-17, -0.006), (-0.001, 0.000299075313964, -0.00599254152731), (-0.001, 0.000597407079575, -0.00597018465219), (-0.001, 0.000894253597057, -0.00593298495735), (-0.001, 0.0011888768592, -0.00588103492709), (-0.001, 0.00148054438614, -0.00581446371737), (-0.001, 0.00176853104647, -0.00573343683472), (-0.001, 0.00205212085995, -0.00563815572472), (-0.001, 0.00233060877765, -0.00552885727122), (-0.001, 0.00260330243471, -0.00540581320741), (-0.001, 0.00286952387173, -0.00526932944022), (-0.001, 0.00312861122028, -0.00511974528979), (-0.001, 0.00337992034838, -0.0049574326459), (-0.001, 0.00362282646195, -0.00478279504334), (-0.001, 0.00385672565812, -0.00459626665871), (-0.001, 0.00408103642663, -0.00439831123098), (-0.001, 0.00429520109556, -0.00418942090852), (-0.001, 0.00449868721781, -0.00397011502558), (-0.001, 0.00469098889481, -0.00374093881115), (-0.001, 0.0048716280343, -0.00350246203341), (-0.001, 0.0050401555389, -0.00325527758319), (-0.001, 0.00519615242271, -0.003), (-0.001, 0.00533923085287, -0.00273726394412), (-0.001, 0.00546903511387, -0.00246772261878), (-0.001, 0.00558524249187, -0.0021920461462), (-0.001, 0.005687564077, -0.00191091990151), (-0.001, 0.0057757454817, -0.00162504280886), (-0.001, 0.00584956747309, -0.00133512560374), (-0.001, 0.00590884651807, -0.001041889066), (-0.001, 0.0059534352396, -0.000746062227885), (-0.001, 0.00598322278309, -0.000448380561518), (-0.001, 0.005998135092, -0.000149584150428), (-0.001, 0.005998135092, 0.000149584150428), (-0.001, 0.00598322278309, 0.000448380561519), (-0.001, 0.0059534352396, 0.000746062227885), (-0.001, 0.00590884651807, 0.001041889066), (-0.001, 0.00584956747309, 0.00133512560374), (-0.001, 0.0057757454817, 0.00162504280886), (-0.001, 0.005687564077, 0.00191091990151), (-0.001, 0.00558524249187, 0.0021920461462), (-0.001, 0.00546903511387, 0.00246772261878), (-0.001, 0.00533923085287, 0.00273726394412), (-0.001, 0.00519615242271, 0.003), (-0.001, 0.0050401555389, 0.00325527758319), (-0.001, 0.0048716280343, 0.00350246203341), (-0.001, 0.00469098889481, 0.00374093881115), (-0.001, 0.00449868721781, 0.00397011502558), (-0.001, 0.00429520109556, 0.00418942090852), (-0.001, 0.00408103642663, 0.00439831123098), (-0.001, 0.00385672565812, 0.00459626665871), (-0.001, 0.00362282646195, 0.00478279504334), (-0.001, 0.00337992034838, 0.0049574326459), (-0.001, 0.00312861122028, 0.00511974528979), (-0.001, 0.00286952387173, 0.00526932944022), (-0.001, 0.00260330243471, 0.00540581320741), (-0.001, 0.00233060877765, 0.00552885727122), (-0.001, 0.00205212085995, 0.00563815572472), (-0.001, 0.00176853104647, 0.00573343683472), (-0.001, 0.00148054438614, 0.00581446371737), (-0.001, 0.0011888768592, 0.00588103492709), (-0.001, 0.000894253597057, 0.00593298495735), (-0.001, 0.000597407079575, 0.00597018465219), (-0.001, 0.000299075313964, 0.00599254152731), (-0.001, 1.46957615898e-18, 0.006), (-0.008, 1.46957615898e-18, 0.006), (-0.008, -0.000299075313964, 0.00599254152731), (-0.008, -0.000597407079575, 0.00597018465219), (-0.008, -0.000894253597057, 0.00593298495735), (-0.008, -0.0011888768592, 0.00588103492709), (-0.008, -0.00148054438614, 0.00581446371737), (-0.008, -0.00176853104647, 0.00573343683472), (-0.008, -0.00205212085995, 0.00563815572472), (-0.008, -0.00233060877765, 0.00552885727122), (-0.008, -0.00260330243471, 0.00540581320741), (-0.008, -0.00286952387173, 0.00526932944022), (-0.008, -0.00312861122028, 0.00511974528979), (-0.008, -0.00337992034838, 0.0049574326459), (-0.008, -0.00362282646195, 0.00478279504334), (-0.008, -0.00385672565812, 0.00459626665871), (-0.008, -0.00408103642663, 0.00439831123098), (-0.008, -0.00429520109556, 0.00418942090852), (-0.008, -0.00449868721781, 0.00397011502558), (-0.008, -0.00469098889481, 0.00374093881115), (-0.008, -0.0048716280343, 0.00350246203341), (-0.008, -0.0050401555389, 0.00325527758319), (-0.008, -0.00519615242271, 0.003), (-0.008, -0.00533923085287, 0.00273726394412), (-0.008, -0.00546903511387, 0.00246772261878), (-0.008, -0.00558524249187, 0.0021920461462), (-0.008, -0.005687564077, 0.00191091990151), (-0.008, -0.0057757454817, 0.00162504280886), (-0.008, -0.00584956747309, 0.00133512560374), (-0.008, -0.00590884651807, 0.001041889066), (-0.008, -0.0059534352396, 0.000746062227885), (-0.008, -0.00598322278309, 0.000448380561519), (-0.008, -0.005998135092, 0.000149584150428), (-0.008, -0.005998135092, -0.000149584150428), (-0.008, -0.00598322278309, -0.000448380561519), (-0.008, -0.0059534352396, -0.000746062227885), (-0.008, -0.00590884651807, -0.001041889066), (-0.008, -0.00584956747309, -0.00133512560374), (-0.008, -0.0057757454817, -0.00162504280886), (-0.008, -0.005687564077, -0.00191091990151), (-0.008, -0.00558524249187, -0.0021920461462), (-0.008, -0.00546903511387, -0.00246772261878), (-0.008, -0.00533923085287, -0.00273726394412), (-0.008, -0.00519615242271, -0.003), (-0.008, -0.0050401555389, -0.00325527758319), (-0.008, -0.0048716280343, -0.00350246203341), (-0.008, -0.00469098889481, -0.00374093881115), (-0.008, -0.00449868721781, -0.00397011502558), (-0.008, -0.00429520109556, -0.00418942090852), (-0.008, -0.00408103642663, -0.00439831123098), (-0.008, -0.00385672565812, -0.00459626665871), (-0.008, -0.00362282646195, -0.00478279504334), (-0.008, -0.00337992034838, -0.0049574326459), (-0.008, -0.00312861122028, -0.00511974528979), (-0.008, -0.00286952387173, -0.00526932944022), (-0.008, -0.00260330243471, -0.00540581320741), (-0.008, -0.00233060877765, -0.00552885727122), (-0.008, -0.00205212085995, -0.00563815572472), (-0.008, -0.00176853104647, -0.00573343683472), (-0.008, -0.00148054438614, -0.00581446371737), (-0.008, -0.0011888768592, -0.00588103492709), (-0.008, -0.000894253597057, -0.00593298495735), (-0.008, -0.000597407079575, -0.00597018465219), (-0.008, -0.000299075313964, -0.00599254152731), (-0.008, 2.05814939933e-17, -0.006), (-0.008, 0.000299075313964, -0.00599254152731), (-0.008, 0.000597407079575, -0.00597018465219), (-0.008, 0.000894253597057, -0.00593298495735), (-0.008, 0.0011888768592, -0.00588103492709), (-0.008, 0.00148054438614, -0.00581446371737), (-0.008, 0.00176853104647, -0.00573343683472), (-0.008, 0.00205212085995, -0.00563815572472), (-0.008, 0.00233060877765, -0.00552885727122), (-0.008, 0.00260330243471, -0.00540581320741), (-0.008, 0.00286952387173, -0.00526932944022), (-0.008, 0.00312861122028, -0.00511974528979), (-0.008, 0.00337992034838, -0.0049574326459), (-0.008, 0.00362282646195, -0.00478279504334), (-0.008, 0.00385672565812, -0.00459626665871), (-0.008, 0.00408103642663, -0.00439831123098), (-0.008, 0.00429520109556, -0.00418942090852), (-0.008, 0.00449868721781, -0.00397011502558), (-0.008, 0.00469098889481, -0.00374093881115), (-0.008, 0.0048716280343, -0.00350246203341), (-0.008, 0.0050401555389, -0.00325527758319), (-0.008, 0.00519615242271, -0.003), (-0.008, 0.00533923085287, -0.00273726394412), (-0.008, 0.00546903511387, -0.00246772261878), (-0.008, 0.00558524249187, -0.0021920461462), (-0.008, 0.005687564077, -0.00191091990151), (-0.008, 0.0057757454817, -0.00162504280886), (-0.008, 0.00584956747309, -0.00133512560374), (-0.008, 0.00590884651807, -0.001041889066), (-0.008, 0.0059534352396, -0.000746062227885), (-0.008, 0.00598322278309, -0.000448380561518), (-0.008, 0.005998135092, -0.000149584150428), (-0.008, 0.005998135092, 0.000149584150428), (-0.008, 0.00598322278309, 0.000448380561519), (-0.008, 0.0059534352396, 0.000746062227885), (-0.008, 0.00590884651807, 0.001041889066), (-0.008, 0.00584956747309, 0.00133512560374), (-0.008, 0.0057757454817, 0.00162504280886), (-0.008, 0.005687564077, 0.00191091990151), (-0.008, 0.00558524249187, 0.0021920461462), (-0.008, 0.00546903511387, 0.00246772261878), (-0.008, 0.00533923085287, 0.00273726394412), (-0.008, 0.00519615242271, 0.003), (-0.008, 0.0050401555389, 0.00325527758319), (-0.008, 0.0048716280343, 0.00350246203341), (-0.008, 0.00469098889481, 0.00374093881115), (-0.008, 0.00449868721781, 0.00397011502558), (-0.008, 0.00429520109556, 0.00418942090852), (-0.008, 0.00408103642663, 0.00439831123098), (-0.008, 0.00385672565812, 0.00459626665871), (-0.008, 0.00362282646195, 0.00478279504334), (-0.008, 0.00337992034838, 0.0049574326459), (-0.008, 0.00312861122028, 0.00511974528979), (-0.008, 0.00286952387173, 0.00526932944022), (-0.008, 0.00260330243471, 0.00540581320741), (-0.008, 0.00233060877765, 0.00552885727122), (-0.008, 0.00205212085995, 0.00563815572472), (-0.008, 0.00176853104647, 0.00573343683472), (-0.008, 0.00148054438614, 0.00581446371737), (-0.008, 0.0011888768592, 0.00588103492709), (-0.008, 0.000894253597057, 0.00593298495735), (-0.008, 0.000597407079575, 0.00597018465219), (-0.008, 0.000299075313964, 0.00599254152731), (-0.008, 1.46957615898e-18, 0.006), (-0.001, 1.46957615898e-18, 0.006), (-0.001, -0.000299075313964, 0.00599254152731), (-0.001, -0.000597407079575, 0.00597018465219), (-0.001, -0.000894253597057, 0.00593298495735), (-0.001, -0.0011888768592, 0.00588103492709), (-0.001, -0.00148054438614, 0.00581446371737), (-0.001, -0.00176853104647, 0.00573343683472), (-0.001, -0.00205212085995, 0.00563815572472), (-0.001, -0.00233060877765, 0.00552885727122), (-0.001, -0.00260330243471, 0.00540581320741), (-0.001, -0.00286952387173, 0.00526932944022), (-0.001, -0.00312861122028, 0.00511974528979), (-0.001, -0.00337992034838, 0.0049574326459), (-0.001, -0.00362282646195, 0.00478279504334), (-0.001, -0.00385672565812, 0.00459626665871), (-0.001, -0.00408103642663, 0.00439831123098), (-0.001, -0.00429520109556, 0.00418942090852), (-0.001, -0.00449868721781, 0.00397011502558), (-0.001, -0.00469098889481, 0.00374093881115), (-0.001, -0.0048716280343, 0.00350246203341), (-0.001, -0.0050401555389, 0.00325527758319), (-0.001, -0.00519615242271, 0.003), (-0.001, -0.00533923085287, 0.00273726394412), (-0.001, -0.00546903511387, 0.00246772261878), (-0.001, -0.00558524249187, 0.0021920461462), (-0.001, -0.005687564077, 0.00191091990151), (-0.001, -0.0057757454817, 0.00162504280886), (-0.001, -0.00584956747309, 0.00133512560374), (-0.001, -0.00590884651807, 0.001041889066), (-0.001, -0.0059534352396, 0.000746062227885), (-0.001, -0.00598322278309, 0.000448380561519), (-0.001, -0.005998135092, 0.000149584150428), (-0.001, -0.005998135092, -0.000149584150428), (-0.001, -0.00598322278309, -0.000448380561519), (-0.001, -0.0059534352396, -0.000746062227885), (-0.001, -0.00590884651807, -0.001041889066), (-0.001, -0.00584956747309, -0.00133512560374), (-0.001, -0.0057757454817, -0.00162504280886), (-0.001, -0.005687564077, -0.00191091990151), (-0.001, -0.00558524249187, -0.0021920461462), (-0.001, -0.00546903511387, -0.00246772261878), (-0.001, -0.00533923085287, -0.00273726394412), (-0.001, -0.00519615242271, -0.003), (-0.001, -0.0050401555389, -0.00325527758319), (-0.001, -0.0048716280343, -0.00350246203341), (-0.001, -0.00469098889481, -0.00374093881115), (-0.001, -0.00449868721781, -0.00397011502558), (-0.001, -0.00429520109556, -0.00418942090852), (-0.001, -0.00408103642663, -0.00439831123098), (-0.001, -0.00385672565812, -0.00459626665871), (-0.001, -0.00362282646195, -0.00478279504334), (-0.001, -0.00337992034838, -0.0049574326459), (-0.001, -0.00312861122028, -0.00511974528979), (-0.001, -0.00286952387173, -0.00526932944022), (-0.001, -0.00260330243471, -0.00540581320741), (-0.001, -0.00233060877765, -0.00552885727122), (-0.001, -0.00205212085995, -0.00563815572472), (-0.001, -0.00176853104647, -0.00573343683472), (-0.001, -0.00148054438614, -0.00581446371737), (-0.001, -0.0011888768592, -0.00588103492709), (-0.001, -0.000894253597057, -0.00593298495735), (-0.001, -0.000597407079575, -0.00597018465219), (-0.001, -0.000299075313964, -0.00599254152731), (-0.001, 2.05814939933e-17, -0.006), (-0.001, 0.000299075313964, -0.00599254152731), (-0.001, 0.000597407079575, -0.00597018465219), (-0.001, 0.000894253597057, -0.00593298495735), (-0.001, 0.0011888768592, -0.00588103492709), (-0.001, 0.00148054438614, -0.00581446371737), (-0.001, 0.00176853104647, -0.00573343683472), (-0.001, 0.00205212085995, -0.00563815572472), (-0.001, 0.00233060877765, -0.00552885727122), (-0.001, 0.00260330243471, -0.00540581320741), (-0.001, 0.00286952387173, -0.00526932944022), (-0.001, 0.00312861122028, -0.00511974528979), (-0.001, 0.00337992034838, -0.0049574326459), (-0.001, 0.00362282646195, -0.00478279504334), (-0.001, 0.00385672565812, -0.00459626665871), (-0.001, 0.00408103642663, -0.00439831123098), (-0.001, 0.00429520109556, -0.00418942090852), (-0.001, 0.00449868721781, -0.00397011502558), (-0.001, 0.00469098889481, -0.00374093881115), (-0.001, 0.0048716280343, -0.00350246203341), (-0.001, 0.0050401555389, -0.00325527758319), (-0.001, 0.00519615242271, -0.003), (-0.001, 0.00533923085287, -0.00273726394412), (-0.001, 0.00546903511387, -0.00246772261878), (-0.001, 0.00558524249187, -0.0021920461462), (-0.001, 0.005687564077, -0.00191091990151), (-0.001, 0.0057757454817, -0.00162504280886), (-0.001, 0.00584956747309, -0.00133512560374), (-0.001, 0.00590884651807, -0.001041889066), (-0.001, 0.0059534352396, -0.000746062227885), (-0.001, 0.00598322278309, -0.000448380561518), (-0.001, 0.005998135092, -0.000149584150428), (-0.001, 0.005998135092, 0.000149584150428), (-0.001, 0.00598322278309, 0.000448380561519), (-0.001, 0.0059534352396, 0.000746062227885), (-0.001, 0.00590884651807, 0.001041889066), (-0.001, 0.00584956747309, 0.00133512560374), (-0.001, 0.0057757454817, 0.00162504280886), (-0.001, 0.005687564077, 0.00191091990151), (-0.001, 0.00558524249187, 0.0021920461462), (-0.001, 0.00546903511387, 0.00246772261878), (-0.001, 0.00533923085287, 0.00273726394412), (-0.001, 0.00519615242271, 0.003), (-0.001, 0.0050401555389, 0.00325527758319), (-0.001, 0.0048716280343, 0.00350246203341), (-0.001, 0.00469098889481, 0.00374093881115), (-0.001, 0.00449868721781, 0.00397011502558), (-0.001, 0.00429520109556, 0.00418942090852), (-0.001, 0.00408103642663, 0.00439831123098), (-0.001, 0.00385672565812, 0.00459626665871), (-0.001, 0.00362282646195, 0.00478279504334), (-0.001, 0.00337992034838, 0.0049574326459), (-0.001, 0.00312861122028, 0.00511974528979), (-0.001, 0.00286952387173, 0.00526932944022), (-0.001, 0.00260330243471, 0.00540581320741), (-0.001, 0.00233060877765, 0.00552885727122), (-0.001, 0.00205212085995, 0.00563815572472), (-0.001, 0.00176853104647, 0.00573343683472), (-0.001, 0.00148054438614, 0.00581446371737), (-0.001, 0.0011888768592, 0.00588103492709), (-0.001, 0.000894253597057, 0.00593298495735), (-0.001, 0.000597407079575, 0.00597018465219), (-0.001, 0.000299075313964, 0.00599254152731), (-0.008, 1.46957615898e-18, 0.006), (-0.008, -0.000299075313964, 0.00599254152731), (-0.008, -0.000597407079575, 0.00597018465219), (-0.008, -0.000894253597057, 0.00593298495735), (-0.008, -0.0011888768592, 0.00588103492709), (-0.008, -0.00148054438614, 0.00581446371737), (-0.008, -0.00176853104647, 0.00573343683472), (-0.008, -0.00205212085995, 0.00563815572472), (-0.008, -0.00233060877765, 0.00552885727122), (-0.008, -0.00260330243471, 0.00540581320741), (-0.008, -0.00286952387173, 0.00526932944022), (-0.008, -0.00312861122028, 0.00511974528979), (-0.008, -0.00337992034838, 0.0049574326459), (-0.008, -0.00362282646195, 0.00478279504334), (-0.008, -0.00385672565812, 0.00459626665871), (-0.008, -0.00408103642663, 0.00439831123098), (-0.008, -0.00429520109556, 0.00418942090852), (-0.008, -0.00449868721781, 0.00397011502558), (-0.008, -0.00469098889481, 0.00374093881115), (-0.008, -0.0048716280343, 0.00350246203341), (-0.008, -0.0050401555389, 0.00325527758319), (-0.008, -0.00519615242271, 0.003), (-0.008, -0.00533923085287, 0.00273726394412), (-0.008, -0.00546903511387, 0.00246772261878), (-0.008, -0.00558524249187, 0.0021920461462), (-0.008, -0.005687564077, 0.00191091990151), (-0.008, -0.0057757454817, 0.00162504280886), (-0.008, -0.00584956747309, 0.00133512560374), (-0.008, -0.00590884651807, 0.001041889066), (-0.008, -0.0059534352396, 0.000746062227885), (-0.008, -0.00598322278309, 0.000448380561519), (-0.008, -0.005998135092, 0.000149584150428), (-0.008, -0.005998135092, -0.000149584150428), (-0.008, -0.00598322278309, -0.000448380561519), (-0.008, -0.0059534352396, -0.000746062227885), (-0.008, -0.00590884651807, -0.001041889066), (-0.008, -0.00584956747309, -0.00133512560374), (-0.008, -0.0057757454817, -0.00162504280886), (-0.008, -0.005687564077, -0.00191091990151), (-0.008, -0.00558524249187, -0.0021920461462), (-0.008, -0.00546903511387, -0.00246772261878), (-0.008, -0.00533923085287, -0.00273726394412), (-0.008, -0.00519615242271, -0.003), (-0.008, -0.0050401555389, -0.00325527758319), (-0.008, -0.0048716280343, -0.00350246203341), (-0.008, -0.00469098889481, -0.00374093881115), (-0.008, -0.00449868721781, -0.00397011502558), (-0.008, -0.00429520109556, -0.00418942090852), (-0.008, -0.00408103642663, -0.00439831123098), (-0.008, -0.00385672565812, -0.00459626665871), (-0.008, -0.00362282646195, -0.00478279504334), (-0.008, -0.00337992034838, -0.0049574326459), (-0.008, -0.00312861122028, -0.00511974528979), (-0.008, -0.00286952387173, -0.00526932944022), (-0.008, -0.00260330243471, -0.00540581320741), (-0.008, -0.00233060877765, -0.00552885727122), (-0.008, -0.00205212085995, -0.00563815572472), (-0.008, -0.00176853104647, -0.00573343683472), (-0.008, -0.00148054438614, -0.00581446371737), (-0.008, -0.0011888768592, -0.00588103492709), (-0.008, -0.000894253597057, -0.00593298495735), (-0.008, -0.000597407079575, -0.00597018465219), (-0.008, -0.000299075313964, -0.00599254152731), (-0.008, 2.05814939933e-17, -0.006), (-0.008, 0.000299075313964, -0.00599254152731), (-0.008, 0.000597407079575, -0.00597018465219), (-0.008, 0.000894253597057, -0.00593298495735), (-0.008, 0.0011888768592, -0.00588103492709), (-0.008, 0.00148054438614, -0.00581446371737), (-0.008, 0.00176853104647, -0.00573343683472), (-0.008, 0.00205212085995, -0.00563815572472), (-0.008, 0.00233060877765, -0.00552885727122), (-0.008, 0.00260330243471, -0.00540581320741), (-0.008, 0.00286952387173, -0.00526932944022), (-0.008, 0.00312861122028, -0.00511974528979), (-0.008, 0.00337992034838, -0.0049574326459), (-0.008, 0.00362282646195, -0.00478279504334), (-0.008, 0.00385672565812, -0.00459626665871), (-0.008, 0.00408103642663, -0.00439831123098), (-0.008, 0.00429520109556, -0.00418942090852), (-0.008, 0.00449868721781, -0.00397011502558), (-0.008, 0.00469098889481, -0.00374093881115), (-0.008, 0.0048716280343, -0.00350246203341), (-0.008, 0.0050401555389, -0.00325527758319), (-0.008, 0.00519615242271, -0.003), (-0.008, 0.00533923085287, -0.00273726394412), (-0.008, 0.00546903511387, -0.00246772261878), (-0.008, 0.00558524249187, -0.0021920461462), (-0.008, 0.005687564077, -0.00191091990151), (-0.008, 0.0057757454817, -0.00162504280886), (-0.008, 0.00584956747309, -0.00133512560374), (-0.008, 0.00590884651807, -0.001041889066), (-0.008, 0.0059534352396, -0.000746062227885), (-0.008, 0.00598322278309, -0.000448380561518), (-0.008, 0.005998135092, -0.000149584150428), (-0.008, 0.005998135092, 0.000149584150428), (-0.008, 0.00598322278309, 0.000448380561519), (-0.008, 0.0059534352396, 0.000746062227885), (-0.008, 0.00590884651807, 0.001041889066), (-0.008, 0.00584956747309, 0.00133512560374), (-0.008, 0.0057757454817, 0.00162504280886), (-0.008, 0.005687564077, 0.00191091990151), (-0.008, 0.00558524249187, 0.0021920461462), (-0.008, 0.00546903511387, 0.00246772261878), (-0.008, 0.00533923085287, 0.00273726394412), (-0.008, 0.00519615242271, 0.003), (-0.008, 0.0050401555389, 0.00325527758319), (-0.008, 0.0048716280343, 0.00350246203341), (-0.008, 0.00469098889481, 0.00374093881115), (-0.008, 0.00449868721781, 0.00397011502558), (-0.008, 0.00429520109556, 0.00418942090852), (-0.008, 0.00408103642663, 0.00439831123098), (-0.008, 0.00385672565812, 0.00459626665871), (-0.008, 0.00362282646195, 0.00478279504334), (-0.008, 0.00337992034838, 0.0049574326459), (-0.008, 0.00312861122028, 0.00511974528979), (-0.008, 0.00286952387173, 0.00526932944022), (-0.008, 0.00260330243471, 0.00540581320741), (-0.008, 0.00233060877765, 0.00552885727122), (-0.008, 0.00205212085995, 0.00563815572472), (-0.008, 0.00176853104647, 0.00573343683472), (-0.008, 0.00148054438614, 0.00581446371737), (-0.008, 0.0011888768592, 0.00588103492709), (-0.008, 0.000894253597057, 0.00593298495735), (-0.008, 0.000597407079575, 0.00597018465219), (-0.008, 0.000299075313964, 0.00599254152731)]
            int[] faceVertexCounts = [3, 3, 3, 3, 3, 3, 3, 3, 3, 3, 3, 3, 3, 3, 3, 3, 3, 3, 3, 3, 3, 3, 3, 3, 3, 3, 3, 3, 3, 3, 3, 3, 3, 3, 3, 3, 3, 3, 3, 3, 3, 3, 3, 3, 3, 3, 3, 3, 3, 3, 3, 3, 3, 3, 3, 3, 3, 3, 3, 3, 3, 3, 3, 3, 3, 3, 3, 3, 3, 3, 3, 3, 3, 3, 3, 3, 3, 3, 3, 3, 3, 3, 3, 3, 3, 3, 3, 3, 3, 3, 3, 3, 3, 3, 3, 3, 3, 3, 3, 3, 3, 3, 3, 3, 3, 3, 3, 3, 3, 3, 3, 3, 3, 3, 3, 3, 3, 3, 3, 3, 3, 3, 3, 3, 3, 3, 3, 3, 3, 3, 3, 3, 3, 3, 3, 3, 3, 3, 3, 3, 3, 3, 3, 3, 3, 3, 3, 3, 3, 3, 3, 3, 3, 3, 3, 3, 3, 3, 3, 3, 3, 3, 3, 3, 3, 3, 3, 3, 3, 3, 3, 3, 3, 3, 3, 3, 3, 3, 3, 3, 3, 3, 3, 3, 3, 3, 3, 3, 3, 3, 3, 3, 3, 3, 3, 3, 3, 3, 3, 3, 3, 3, 3, 3, 3, 3, 3, 3, 3, 3, 3, 3, 3, 3, 3, 3, 3, 3, 3, 3, 3, 3, 3, 3, 3, 3, 3, 3, 3, 3, 3, 3, 3, 3, 3, 3, 3, 3, 3, 3, 3, 3, 3, 3, 3, 3, 3, 3, 3, 3, 3, 3, 3, 3, 3, 3, 3, 3, 3, 3, 3, 3, 3, 3, 3, 3, 3, 3, 3, 3, 3, 3, 3, 3, 3, 3, 3, 3, 3, 3, 3, 3, 3, 3, 3, 3, 3, 3, 3, 3, 3, 3, 3, 3, 3, 3, 3, 3, 3, 3, 3, 3, 3, 3, 3, 3, 3, 3, 3, 3, 3, 3, 3, 3, 3, 3, 3, 3, 3, 3, 3, 3, 3, 3, 3, 3, 3, 3, 3, 3, 3, 3, 3, 3, 3, 3, 3, 3, 3, 3, 3, 3, 3, 3, 3, 3, 3, 3, 3, 3, 3, 3, 3, 3, 3, 3, 3, 3, 3, 3, 3, 3, 3, 3, 3, 3, 3, 3, 3, 3, 3, 3, 3, 3, 3, 3, 3, 3, 3, 3, 3, 3, 3, 3, 3, 3, 3, 3, 3, 3, 3, 3, 3, 3, 3, 3, 3, 3, 3, 3, 3, 3, 3, 3, 3, 3, 3, 3, 3, 3, 3, 3, 3, 3, 3, 3, 3, 3, 3, 3, 3, 3, 3, 3, 3, 3, 3, 3, 3, 3, 3, 3, 3, 3, 3, 3, 3, 3, 3, 3, 3, 3, 3, 3, 3, 3, 3, 3, 3, 3, 3, 3, 3, 3, 3, 3, 3, 3, 3, 3, 3, 3, 3, 3, 3, 3, 3, 3, 3, 3, 3, 3, 3, 3, 3, 3, 3, 3, 3, 3, 3, 3, 3, 3, 3, 3, 3, 3, 3, 3, 3, 3, 3, 3, 3, 3, 3, 3, 3, 3]
            int[] faceVertexIndices = [1, 0, 127, 1, 127, 128, 1, 128, 129, 2, 1, 129, 3, 129, 130, 3, 2, 129, 4, 130, 131, 4, 3, 130, 5, 131, 132, 5, 4, 131, 6, 132, 133, 6, 133, 134, 6, 5, 132, 7, 6, 134, 8, 134, 135, 8, 7, 134, 9, 135, 136, 9, 136, 137, 9, 8, 135, 10, 137, 138, 10, 9, 137, 11, 10, 138, 12, 11, 138, 12, 138, 139, 13, 12, 139, 13, 139, 140, 13, 140, 141, 14, 13, 141, 15, 14, 141, 15, 141, 142, 16, 15, 142, 16, 142, 143, 16, 143, 144, 17, 16, 144, 18, 17, 144, 18, 144, 145, 19, 18, 145, 19, 145, 146, 20, 19, 146, 20, 146, 147, 21, 20, 147, 21, 147, 148, 22, 21, 148, 22, 148, 149, 23, 149, 150, 23, 22, 149, 24, 150, 151, 24, 23, 150, 24, 151, 152, 25, 24, 152, 26, 152, 153, 26, 25, 152, 27, 153, 154, 27, 26, 153, 28, 154, 155, 28, 27, 154, 29, 155, 156, 29, 28, 155, 30, 156, 157, 30, 29, 156, 31, 157, 158, 31, 30, 157, 32, 158, 159, 32, 31, 158, 33, 159, 160, 33, 32, 159, 34, 160, 161, 34, 33, 160, 35, 161, 162, 35, 34, 161, 36, 162, 163, 36, 35, 162, 37, 36, 163, 37, 163, 164, 37, 164, 165, 38, 37, 165, 39, 38, 165, 39, 165, 166, 40, 39, 166, 40, 166, 167, 40, 167, 168, 41, 40, 168, 42, 41, 168, 42, 168, 169, 43, 42, 169, 43, 169, 170, 43, 170, 171, 44, 43, 171, 45, 44, 171, 45, 171, 172, 46, 45, 172, 46, 172, 173, 47, 46, 173, 47, 173, 174, 48, 47, 174, 48, 174, 175, 48, 175, 176, 49, 48, 176, 50, 49, 176, 50, 176, 177, 51, 50, 177, 51, 177, 178, 51, 178, 179, 52, 51, 179, 52, 179, 180, 53, 52, 180, 53, 180, 181, 54, 53, 181, 55, 54, 181, 55, 181, 182, 55, 182, 183, 56, 55, 183, 57, 56, 183, 57, 183, 184, 58, 184, 185, 58, 57, 184, 59, 185, 186, 59, 186, 187, 59, 58, 185, 60, 59, 187, 60, 187, 188, 61, 188, 189, 61, 60, 188, 62, 61, 189, 63, 62, 189, 63, 189, 190, 64, 63, 190, 64, 190, 191, 65, 64, 191, 65, 191, 192, 66, 65, 192, 66, 192, 193, 66, 193, 194, 67, 66, 194, 67, 194, 195, 68, 67, 195, 69, 68, 195, 69, 195, 196, 70, 69, 196, 70, 196, 197, 70, 197, 198, 71, 70, 198, 72, 71, 198, 72, 198, 199, 73, 72, 199, 73, 199, 200, 73, 200, 201, 74, 201, 202, 74, 73, 201, 75, 74, 202, 76, 202, 203, 76, 203, 204, 76, 75, 202, 77, 76, 204, 78, 204, 205, 78, 77, 204, 79, 205, 206, 79, 206, 207, 79, 78, 205, 80, 79, 207, 81, 207, 208, 81, 208, 209, 81, 80, 207, 82, 81, 209, 83, 209, 210, 83, 82, 209, 84, 210, 211, 84, 83, 210, 85, 211, 212, 85, 84, 211, 86, 212, 213, 86, 213, 214, 86, 85, 212, 87, 86, 214, 88, 87, 214, 88, 214, 215, 89, 88, 215, 89, 215, 216, 90, 89, 216, 90, 216, 217, 91, 90, 217, 91, 217, 218, 92, 218, 219, 92, 219, 220, 92, 91, 218, 93, 92, 220, 94, 220, 221, 94, 93, 220, 95, 221, 222, 95, 94, 221, 96, 222, 223, 96, 95, 222, 97, 223, 224, 97, 96, 223, 98, 224, 225, 98, 97, 224, 99, 225, 226, 99, 98, 225, 100, 226, 227, 100, 99, 226, 101, 227, 228, 101, 100, 227, 102, 228, 229, 102, 229, 230, 102, 101, 228, 103, 102, 230, 104, 230, 231, 104, 103, 230, 105, 231, 232, 105, 104, 231, 106, 232, 233, 106, 233, 234, 106, 105, 232, 107, 106, 234, 108, 234, 235, 108, 107, 234, 109, 235, 236, 109, 108, 235, 110, 236, 237, 110, 237, 238, 110, 109, 236, 111, 110, 238, 112, 111, 238, 112, 238, 239, 113, 112, 239, 113, 239, 240, 113, 240, 241, 114, 113, 241, 115, 114, 241, 115, 241, 242, 115, 242, 243, 116, 115, 243, 117, 116, 243, 117, 243, 244, 117, 244, 245, 118, 117, 245, 118, 245, 246, 119, 118, 246, 120, 119, 246, 120, 246, 247, 120, 247, 248, 121, 120, 248, 122, 121, 248, 122, 248, 249, 122, 249, 250, 123, 122, 250, 124, 250, 251, 124, 123, 250, 124, 251, 252, 125, 124, 252, 126, 252, 253, 126, 125, 252, 336, 332, 333, 336, 333, 334, 336, 334, 335, 329, 330, 331, 339, 336, 337, 339, 337, 338, 340, 332, 336, 340, 336, 339, 325, 329, 331, 325, 326, 327, 325, 327, 328, 325, 328, 329, 325, 331, 332, 323, 324, 325, 322, 323, 325, 322, 325, 332, 347, 340, 341, 347, 341, 342, 347, 342, 343, 347, 343, 344, 347, 344, 345, 347, 345, 346, 318, 319, 320, 318, 320, 321, 318, 321, 322, 349, 347, 348, 316, 317, 318, 315, 316, 318, 351, 349, 350, 352, 349, 351, 313, 314, 315, 312, 313, 315, 354, 349, 352, 354, 352, 353, 310, 311, 312, 357, 354, 355, 357, 355, 356, 308, 310, 312, 308, 312, 315, 308, 309, 310, 307, 308, 315, 307, 318, 322, 307, 315, 318, 359, 357, 358, 360, 354, 357, 360, 357, 359, 304, 305, 306, 304, 306, 307, 362, 360, 361, 362, 354, 360, 362, 349, 354, 303, 304, 307, 302, 303, 307, 364, 362, 363, 365, 349, 362, 365, 362, 364, 300, 307, 322, 300, 302, 307, 300, 301, 302, 300, 332, 340, 300, 322, 332, 300, 340, 347, 300, 347, 349, 367, 365, 366, 298, 299, 300, 368, 365, 367, 297, 298, 300, 369, 365, 368, 370, 365, 369, 294, 295, 296, 372, 370, 371, 292, 293, 294, 292, 294, 296, 291, 372, 373, 291, 373, 374, 291, 300, 349, 291, 296, 297, 291, 349, 365, 291, 297, 300, 291, 365, 370, 291, 370, 372, 291, 292, 296, 289, 290, 291, 287, 288, 289, 379, 375, 376, 379, 376, 377, 379, 377, 378, 284, 289, 291, 284, 287, 289, 284, 375, 379, 284, 374, 375, 284, 379, 254, 284, 285, 286, 284, 286, 287, 284, 291, 374, 257, 255, 256, 258, 255, 257, 281, 282, 283, 281, 283, 284, 259, 254, 255, 259, 255, 258, 280, 281, 284, 261, 259, 260, 261, 254, 259, 278, 279, 280, 278, 280, 284, 263, 261, 262, 276, 277, 278, 276, 278, 284, 264, 254, 261, 264, 261, 263, 275, 276, 284, 273, 274, 275, 273, 275, 284, 271, 272, 273, 269, 264, 265, 269, 265, 266, 269, 266, 267, 269, 267, 268, 270, 284, 254, 270, 254, 264, 270, 273, 284, 270, 264, 269, 270, 271, 273, 462, 459, 458, 462, 460, 459, 462, 461, 460, 455, 457, 456, 465, 463, 462, 465, 464, 463, 466, 462, 458, 466, 465, 462, 451, 457, 455, 451, 453, 452, 451, 454, 453, 451, 455, 454, 451, 458, 457, 449, 451, 450, 448, 451, 449, 448, 458, 451, 473, 467, 466, 473, 468, 467, 473, 469, 468, 473, 470, 469, 473, 471, 470, 473, 472, 471, 444, 446, 445, 444, 447, 446, 444, 448, 447, 475, 474, 473, 442, 444, 443, 441, 444, 442, 477, 476, 475, 478, 477, 475, 439, 441, 440, 438, 441, 439, 480, 478, 475, 480, 479, 478, 436, 438, 437, 483, 481, 480, 483, 482, 481, 434, 438, 436, 434, 441, 438, 434, 436, 435, 433, 441, 434, 433, 448, 444, 433, 444, 441, 485, 484, 483, 486, 483, 480, 486, 485, 483, 430, 432, 431, 430, 433, 432, 488, 487, 486, 488, 486, 480, 488, 480, 475, 429, 433, 430, 428, 433, 429, 490, 489, 488, 491, 488, 475, 491, 490, 488, 426, 448, 433, 426, 433, 428, 426, 428, 427, 426, 466, 458, 426, 458, 448, 426, 473, 466, 426, 475, 473, 493, 492, 491, 424, 426, 425, 494, 493, 491, 423, 426, 424, 495, 494, 491, 496, 495, 491, 420, 422, 421, 498, 497, 496, 418, 420, 419, 418, 422, 420, 417, 499, 498, 417, 500, 499, 417, 475, 426, 417, 423, 422, 417, 491, 475, 417, 426, 423, 417, 496, 491, 417, 498, 496, 417, 422, 418, 415, 417, 416, 413, 415, 414, 505, 502, 501, 505, 503, 502, 505, 504, 503, 410, 417, 415, 410, 415, 413, 410, 505, 501, 410, 501, 500, 410, 380, 505, 410, 412, 411, 410, 413, 412, 410, 500, 417, 383, 382, 381, 384, 383, 381, 407, 409, 408, 407, 410, 409, 385, 381, 380, 385, 384, 381, 406, 410, 407, 387, 386, 385, 387, 385, 380, 404, 406, 405, 404, 410, 406, 389, 388, 387, 402, 404, 403, 402, 410, 404, 390, 387, 380, 390, 389, 387, 401, 410, 402, 399, 401, 400, 399, 410, 401, 397, 399, 398, 395, 391, 390, 395, 392, 391, 395, 393, 392, 395, 394, 393, 396, 380, 410, 396, 390, 380, 396, 410, 399, 396, 395, 390, 396, 399, 397]
            uniform token subdivisionScheme = "none"
            uniform bool doubleSided = true
            color3f[] primvars:displayColor = [(0.24, 0.28, 0.33)]
            custom string simulationStatus = "unmeasured_occlusion_proxy"
        }
        def Mesh "C1_barrel"
        {
            point3f[] points = [(-0.001, 0.0315, 0.006), (-0.001, 0.031200924686, 0.00599254152731), (-0.001, 0.0309025929204, 0.00597018465219), (-0.001, 0.0306057464029, 0.00593298495735), (-0.001, 0.0303111231408, 0.00588103492709), (-0.001, 0.0300194556139, 0.00581446371737), (-0.001, 0.0297314689535, 0.00573343683472), (-0.001, 0.02944787914, 0.00563815572472), (-0.001, 0.0291693912224, 0.00552885727122), (-0.001, 0.0288966975653, 0.00540581320741), (-0.001, 0.0286304761283, 0.00526932944022), (-0.001, 0.0283713887797, 0.00511974528979), (-0.001, 0.0281200796516, 0.0049574326459), (-0.001, 0.027877173538, 0.00478279504334), (-0.001, 0.0276432743419, 0.00459626665871), (-0.001, 0.0274189635734, 0.00439831123098), (-0.001, 0.0272047989044, 0.00418942090852), (-0.001, 0.0270013127822, 0.00397011502558), (-0.001, 0.0268090111052, 0.00374093881115), (-0.001, 0.0266283719657, 0.00350246203341), (-0.001, 0.0264598444611, 0.00325527758319), (-0.001, 0.0263038475773, 0.003), (-0.001, 0.0261607691471, 0.00273726394412), (-0.001, 0.0260309648861, 0.00246772261878), (-0.001, 0.0259147575081, 0.0021920461462), (-0.001, 0.025812435923, 0.00191091990151), (-0.001, 0.0257242545183, 0.00162504280886), (-0.001, 0.0256504325269, 0.00133512560374), (-0.001, 0.0255911534819, 0.001041889066), (-0.001, 0.0255465647604, 0.000746062227885), (-0.001, 0.0255167772169, 0.000448380561519), (-0.001, 0.025501864908, 0.000149584150428), (-0.001, 0.025501864908, -0.000149584150428), (-0.001, 0.0255167772169, -0.000448380561519), (-0.001, 0.0255465647604, -0.000746062227885), (-0.001, 0.0255911534819, -0.001041889066), (-0.001, 0.0256504325269, -0.00133512560374), (-0.001, 0.0257242545183, -0.00162504280886), (-0.001, 0.025812435923, -0.00191091990151), (-0.001, 0.0259147575081, -0.0021920461462), (-0.001, 0.0260309648861, -0.00246772261878), (-0.001, 0.0261607691471, -0.00273726394412), (-0.001, 0.0263038475773, -0.003), (-0.001, 0.0264598444611, -0.00325527758319), (-0.001, 0.0266283719657, -0.00350246203341), (-0.001, 0.0268090111052, -0.00374093881115), (-0.001, 0.0270013127822, -0.00397011502558), (-0.001, 0.0272047989044, -0.00418942090852), (-0.001, 0.0274189635734, -0.00439831123098), (-0.001, 0.0276432743419, -0.00459626665871), (-0.001, 0.027877173538, -0.00478279504334), (-0.001, 0.0281200796516, -0.0049574326459), (-0.001, 0.0283713887797, -0.00511974528979), (-0.001, 0.0286304761283, -0.00526932944022), (-0.001, 0.0288966975653, -0.00540581320741), (-0.001, 0.0291693912224, -0.00552885727122), (-0.001, 0.02944787914, -0.00563815572472), (-0.001, 0.0297314689535, -0.00573343683472), (-0.001, 0.0300194556139, -0.00581446371737), (-0.001, 0.0303111231408, -0.00588103492709), (-0.001, 0.0306057464029, -0.00593298495735), (-0.001, 0.0309025929204, -0.00597018465219), (-0.001, 0.031200924686, -0.00599254152731), (-0.001, 0.0315, -0.006), (-0.001, 0.031799075314, -0.00599254152731), (-0.001, 0.0320974070796, -0.00597018465219), (-0.001, 0.0323942535971, -0.00593298495735), (-0.001, 0.0326888768592, -0.00588103492709), (-0.001, 0.0329805443861, -0.00581446371737), (-0.001, 0.0332685310465, -0.00573343683472), (-0.001, 0.03355212086, -0.00563815572472), (-0.001, 0.0338306087776, -0.00552885727122), (-0.001, 0.0341033024347, -0.00540581320741), (-0.001, 0.0343695238717, -0.00526932944022), (-0.001, 0.0346286112203, -0.00511974528979), (-0.001, 0.0348799203484, -0.0049574326459), (-0.001, 0.035122826462, -0.00478279504334), (-0.001, 0.0353567256581, -0.00459626665871), (-0.001, 0.0355810364266, -0.00439831123098), (-0.001, 0.0357952010956, -0.00418942090852), (-0.001, 0.0359986872178, -0.00397011502558), (-0.001, 0.0361909888948, -0.00374093881115), (-0.001, 0.0363716280343, -0.00350246203341), (-0.001, 0.0365401555389, -0.00325527758319), (-0.001, 0.0366961524227, -0.003), (-0.001, 0.0368392308529, -0.00273726394412), (-0.001, 0.0369690351139, -0.00246772261878), (-0.001, 0.0370852424919, -0.0021920461462), (-0.001, 0.037187564077, -0.00191091990151), (-0.001, 0.0372757454817, -0.00162504280886), (-0.001, 0.0373495674731, -0.00133512560374), (-0.001, 0.0374088465181, -0.001041889066), (-0.001, 0.0374534352396, -0.000746062227885), (-0.001, 0.0374832227831, -0.000448380561518), (-0.001, 0.037498135092, -0.000149584150428), (-0.001, 0.037498135092, 0.000149584150428), (-0.001, 0.0374832227831, 0.000448380561519), (-0.001, 0.0374534352396, 0.000746062227885), (-0.001, 0.0374088465181, 0.001041889066), (-0.001, 0.0373495674731, 0.00133512560374), (-0.001, 0.0372757454817, 0.00162504280886), (-0.001, 0.037187564077, 0.00191091990151), (-0.001, 0.0370852424919, 0.0021920461462), (-0.001, 0.0369690351139, 0.00246772261878), (-0.001, 0.0368392308529, 0.00273726394412), (-0.001, 0.0366961524227, 0.003), (-0.001, 0.0365401555389, 0.00325527758319), (-0.001, 0.0363716280343, 0.00350246203341), (-0.001, 0.0361909888948, 0.00374093881115), (-0.001, 0.0359986872178, 0.00397011502558), (-0.001, 0.0357952010956, 0.00418942090852), (-0.001, 0.0355810364266, 0.00439831123098), (-0.001, 0.0353567256581, 0.00459626665871), (-0.001, 0.035122826462, 0.00478279504334), (-0.001, 0.0348799203484, 0.0049574326459), (-0.001, 0.0346286112203, 0.00511974528979), (-0.001, 0.0343695238717, 0.00526932944022), (-0.001, 0.0341033024347, 0.00540581320741), (-0.001, 0.0338306087776, 0.00552885727122), (-0.001, 0.03355212086, 0.00563815572472), (-0.001, 0.0332685310465, 0.00573343683472), (-0.001, 0.0329805443861, 0.00581446371737), (-0.001, 0.0326888768592, 0.00588103492709), (-0.001, 0.0323942535971, 0.00593298495735), (-0.001, 0.0320974070796, 0.00597018465219), (-0.001, 0.031799075314, 0.00599254152731), (-0.001, 0.0315, 0.006), (-0.008, 0.0315, 0.006), (-0.008, 0.031200924686, 0.00599254152731), (-0.008, 0.0309025929204, 0.00597018465219), (-0.008, 0.0306057464029, 0.00593298495735), (-0.008, 0.0303111231408, 0.00588103492709), (-0.008, 0.0300194556139, 0.00581446371737), (-0.008, 0.0297314689535, 0.00573343683472), (-0.008, 0.02944787914, 0.00563815572472), (-0.008, 0.0291693912224, 0.00552885727122), (-0.008, 0.0288966975653, 0.00540581320741), (-0.008, 0.0286304761283, 0.00526932944022), (-0.008, 0.0283713887797, 0.00511974528979), (-0.008, 0.0281200796516, 0.0049574326459), (-0.008, 0.027877173538, 0.00478279504334), (-0.008, 0.0276432743419, 0.00459626665871), (-0.008, 0.0274189635734, 0.00439831123098), (-0.008, 0.0272047989044, 0.00418942090852), (-0.008, 0.0270013127822, 0.00397011502558), (-0.008, 0.0268090111052, 0.00374093881115), (-0.008, 0.0266283719657, 0.00350246203341), (-0.008, 0.0264598444611, 0.00325527758319), (-0.008, 0.0263038475773, 0.003), (-0.008, 0.0261607691471, 0.00273726394412), (-0.008, 0.0260309648861, 0.00246772261878), (-0.008, 0.0259147575081, 0.0021920461462), (-0.008, 0.025812435923, 0.00191091990151), (-0.008, 0.0257242545183, 0.00162504280886), (-0.008, 0.0256504325269, 0.00133512560374), (-0.008, 0.0255911534819, 0.001041889066), (-0.008, 0.0255465647604, 0.000746062227885), (-0.008, 0.0255167772169, 0.000448380561519), (-0.008, 0.025501864908, 0.000149584150428), (-0.008, 0.025501864908, -0.000149584150428), (-0.008, 0.0255167772169, -0.000448380561519), (-0.008, 0.0255465647604, -0.000746062227885), (-0.008, 0.0255911534819, -0.001041889066), (-0.008, 0.0256504325269, -0.00133512560374), (-0.008, 0.0257242545183, -0.00162504280886), (-0.008, 0.025812435923, -0.00191091990151), (-0.008, 0.0259147575081, -0.0021920461462), (-0.008, 0.0260309648861, -0.00246772261878), (-0.008, 0.0261607691471, -0.00273726394412), (-0.008, 0.0263038475773, -0.003), (-0.008, 0.0264598444611, -0.00325527758319), (-0.008, 0.0266283719657, -0.00350246203341), (-0.008, 0.0268090111052, -0.00374093881115), (-0.008, 0.0270013127822, -0.00397011502558), (-0.008, 0.0272047989044, -0.00418942090852), (-0.008, 0.0274189635734, -0.00439831123098), (-0.008, 0.0276432743419, -0.00459626665871), (-0.008, 0.027877173538, -0.00478279504334), (-0.008, 0.0281200796516, -0.0049574326459), (-0.008, 0.0283713887797, -0.00511974528979), (-0.008, 0.0286304761283, -0.00526932944022), (-0.008, 0.0288966975653, -0.00540581320741), (-0.008, 0.0291693912224, -0.00552885727122), (-0.008, 0.02944787914, -0.00563815572472), (-0.008, 0.0297314689535, -0.00573343683472), (-0.008, 0.0300194556139, -0.00581446371737), (-0.008, 0.0303111231408, -0.00588103492709), (-0.008, 0.0306057464029, -0.00593298495735), (-0.008, 0.0309025929204, -0.00597018465219), (-0.008, 0.031200924686, -0.00599254152731), (-0.008, 0.0315, -0.006), (-0.008, 0.031799075314, -0.00599254152731), (-0.008, 0.0320974070796, -0.00597018465219), (-0.008, 0.0323942535971, -0.00593298495735), (-0.008, 0.0326888768592, -0.00588103492709), (-0.008, 0.0329805443861, -0.00581446371737), (-0.008, 0.0332685310465, -0.00573343683472), (-0.008, 0.03355212086, -0.00563815572472), (-0.008, 0.0338306087776, -0.00552885727122), (-0.008, 0.0341033024347, -0.00540581320741), (-0.008, 0.0343695238717, -0.00526932944022), (-0.008, 0.0346286112203, -0.00511974528979), (-0.008, 0.0348799203484, -0.0049574326459), (-0.008, 0.035122826462, -0.00478279504334), (-0.008, 0.0353567256581, -0.00459626665871), (-0.008, 0.0355810364266, -0.00439831123098), (-0.008, 0.0357952010956, -0.00418942090852), (-0.008, 0.0359986872178, -0.00397011502558), (-0.008, 0.0361909888948, -0.00374093881115), (-0.008, 0.0363716280343, -0.00350246203341), (-0.008, 0.0365401555389, -0.00325527758319), (-0.008, 0.0366961524227, -0.003), (-0.008, 0.0368392308529, -0.00273726394412), (-0.008, 0.0369690351139, -0.00246772261878), (-0.008, 0.0370852424919, -0.0021920461462), (-0.008, 0.037187564077, -0.00191091990151), (-0.008, 0.0372757454817, -0.00162504280886), (-0.008, 0.0373495674731, -0.00133512560374), (-0.008, 0.0374088465181, -0.001041889066), (-0.008, 0.0374534352396, -0.000746062227885), (-0.008, 0.0374832227831, -0.000448380561518), (-0.008, 0.037498135092, -0.000149584150428), (-0.008, 0.037498135092, 0.000149584150428), (-0.008, 0.0374832227831, 0.000448380561519), (-0.008, 0.0374534352396, 0.000746062227885), (-0.008, 0.0374088465181, 0.001041889066), (-0.008, 0.0373495674731, 0.00133512560374), (-0.008, 0.0372757454817, 0.00162504280886), (-0.008, 0.037187564077, 0.00191091990151), (-0.008, 0.0370852424919, 0.0021920461462), (-0.008, 0.0369690351139, 0.00246772261878), (-0.008, 0.0368392308529, 0.00273726394412), (-0.008, 0.0366961524227, 0.003), (-0.008, 0.0365401555389, 0.00325527758319), (-0.008, 0.0363716280343, 0.00350246203341), (-0.008, 0.0361909888948, 0.00374093881115), (-0.008, 0.0359986872178, 0.00397011502558), (-0.008, 0.0357952010956, 0.00418942090852), (-0.008, 0.0355810364266, 0.00439831123098), (-0.008, 0.0353567256581, 0.00459626665871), (-0.008, 0.035122826462, 0.00478279504334), (-0.008, 0.0348799203484, 0.0049574326459), (-0.008, 0.0346286112203, 0.00511974528979), (-0.008, 0.0343695238717, 0.00526932944022), (-0.008, 0.0341033024347, 0.00540581320741), (-0.008, 0.0338306087776, 0.00552885727122), (-0.008, 0.03355212086, 0.00563815572472), (-0.008, 0.0332685310465, 0.00573343683472), (-0.008, 0.0329805443861, 0.00581446371737), (-0.008, 0.0326888768592, 0.00588103492709), (-0.008, 0.0323942535971, 0.00593298495735), (-0.008, 0.0320974070796, 0.00597018465219), (-0.008, 0.031799075314, 0.00599254152731), (-0.008, 0.0315, 0.006), (-0.001, 0.0315, 0.006), (-0.001, 0.031200924686, 0.00599254152731), (-0.001, 0.0309025929204, 0.00597018465219), (-0.001, 0.0306057464029, 0.00593298495735), (-0.001, 0.0303111231408, 0.00588103492709), (-0.001, 0.0300194556139, 0.00581446371737), (-0.001, 0.0297314689535, 0.00573343683472), (-0.001, 0.02944787914, 0.00563815572472), (-0.001, 0.0291693912224, 0.00552885727122), (-0.001, 0.0288966975653, 0.00540581320741), (-0.001, 0.0286304761283, 0.00526932944022), (-0.001, 0.0283713887797, 0.00511974528979), (-0.001, 0.0281200796516, 0.0049574326459), (-0.001, 0.027877173538, 0.00478279504334), (-0.001, 0.0276432743419, 0.00459626665871), (-0.001, 0.0274189635734, 0.00439831123098), (-0.001, 0.0272047989044, 0.00418942090852), (-0.001, 0.0270013127822, 0.00397011502558), (-0.001, 0.0268090111052, 0.00374093881115), (-0.001, 0.0266283719657, 0.00350246203341), (-0.001, 0.0264598444611, 0.00325527758319), (-0.001, 0.0263038475773, 0.003), (-0.001, 0.0261607691471, 0.00273726394412), (-0.001, 0.0260309648861, 0.00246772261878), (-0.001, 0.0259147575081, 0.0021920461462), (-0.001, 0.025812435923, 0.00191091990151), (-0.001, 0.0257242545183, 0.00162504280886), (-0.001, 0.0256504325269, 0.00133512560374), (-0.001, 0.0255911534819, 0.001041889066), (-0.001, 0.0255465647604, 0.000746062227885), (-0.001, 0.0255167772169, 0.000448380561519), (-0.001, 0.025501864908, 0.000149584150428), (-0.001, 0.025501864908, -0.000149584150428), (-0.001, 0.0255167772169, -0.000448380561519), (-0.001, 0.0255465647604, -0.000746062227885), (-0.001, 0.0255911534819, -0.001041889066), (-0.001, 0.0256504325269, -0.00133512560374), (-0.001, 0.0257242545183, -0.00162504280886), (-0.001, 0.025812435923, -0.00191091990151), (-0.001, 0.0259147575081, -0.0021920461462), (-0.001, 0.0260309648861, -0.00246772261878), (-0.001, 0.0261607691471, -0.00273726394412), (-0.001, 0.0263038475773, -0.003), (-0.001, 0.0264598444611, -0.00325527758319), (-0.001, 0.0266283719657, -0.00350246203341), (-0.001, 0.0268090111052, -0.00374093881115), (-0.001, 0.0270013127822, -0.00397011502558), (-0.001, 0.0272047989044, -0.00418942090852), (-0.001, 0.0274189635734, -0.00439831123098), (-0.001, 0.0276432743419, -0.00459626665871), (-0.001, 0.027877173538, -0.00478279504334), (-0.001, 0.0281200796516, -0.0049574326459), (-0.001, 0.0283713887797, -0.00511974528979), (-0.001, 0.0286304761283, -0.00526932944022), (-0.001, 0.0288966975653, -0.00540581320741), (-0.001, 0.0291693912224, -0.00552885727122), (-0.001, 0.02944787914, -0.00563815572472), (-0.001, 0.0297314689535, -0.00573343683472), (-0.001, 0.0300194556139, -0.00581446371737), (-0.001, 0.0303111231408, -0.00588103492709), (-0.001, 0.0306057464029, -0.00593298495735), (-0.001, 0.0309025929204, -0.00597018465219), (-0.001, 0.031200924686, -0.00599254152731), (-0.001, 0.0315, -0.006), (-0.001, 0.031799075314, -0.00599254152731), (-0.001, 0.0320974070796, -0.00597018465219), (-0.001, 0.0323942535971, -0.00593298495735), (-0.001, 0.0326888768592, -0.00588103492709), (-0.001, 0.0329805443861, -0.00581446371737), (-0.001, 0.0332685310465, -0.00573343683472), (-0.001, 0.03355212086, -0.00563815572472), (-0.001, 0.0338306087776, -0.00552885727122), (-0.001, 0.0341033024347, -0.00540581320741), (-0.001, 0.0343695238717, -0.00526932944022), (-0.001, 0.0346286112203, -0.00511974528979), (-0.001, 0.0348799203484, -0.0049574326459), (-0.001, 0.035122826462, -0.00478279504334), (-0.001, 0.0353567256581, -0.00459626665871), (-0.001, 0.0355810364266, -0.00439831123098), (-0.001, 0.0357952010956, -0.00418942090852), (-0.001, 0.0359986872178, -0.00397011502558), (-0.001, 0.0361909888948, -0.00374093881115), (-0.001, 0.0363716280343, -0.00350246203341), (-0.001, 0.0365401555389, -0.00325527758319), (-0.001, 0.0366961524227, -0.003), (-0.001, 0.0368392308529, -0.00273726394412), (-0.001, 0.0369690351139, -0.00246772261878), (-0.001, 0.0370852424919, -0.0021920461462), (-0.001, 0.037187564077, -0.00191091990151), (-0.001, 0.0372757454817, -0.00162504280886), (-0.001, 0.0373495674731, -0.00133512560374), (-0.001, 0.0374088465181, -0.001041889066), (-0.001, 0.0374534352396, -0.000746062227885), (-0.001, 0.0374832227831, -0.000448380561518), (-0.001, 0.037498135092, -0.000149584150428), (-0.001, 0.037498135092, 0.000149584150428), (-0.001, 0.0374832227831, 0.000448380561519), (-0.001, 0.0374534352396, 0.000746062227885), (-0.001, 0.0374088465181, 0.001041889066), (-0.001, 0.0373495674731, 0.00133512560374), (-0.001, 0.0372757454817, 0.00162504280886), (-0.001, 0.037187564077, 0.00191091990151), (-0.001, 0.0370852424919, 0.0021920461462), (-0.001, 0.0369690351139, 0.00246772261878), (-0.001, 0.0368392308529, 0.00273726394412), (-0.001, 0.0366961524227, 0.003), (-0.001, 0.0365401555389, 0.00325527758319), (-0.001, 0.0363716280343, 0.00350246203341), (-0.001, 0.0361909888948, 0.00374093881115), (-0.001, 0.0359986872178, 0.00397011502558), (-0.001, 0.0357952010956, 0.00418942090852), (-0.001, 0.0355810364266, 0.00439831123098), (-0.001, 0.0353567256581, 0.00459626665871), (-0.001, 0.035122826462, 0.00478279504334), (-0.001, 0.0348799203484, 0.0049574326459), (-0.001, 0.0346286112203, 0.00511974528979), (-0.001, 0.0343695238717, 0.00526932944022), (-0.001, 0.0341033024347, 0.00540581320741), (-0.001, 0.0338306087776, 0.00552885727122), (-0.001, 0.03355212086, 0.00563815572472), (-0.001, 0.0332685310465, 0.00573343683472), (-0.001, 0.0329805443861, 0.00581446371737), (-0.001, 0.0326888768592, 0.00588103492709), (-0.001, 0.0323942535971, 0.00593298495735), (-0.001, 0.0320974070796, 0.00597018465219), (-0.001, 0.031799075314, 0.00599254152731), (-0.008, 0.0315, 0.006), (-0.008, 0.031200924686, 0.00599254152731), (-0.008, 0.0309025929204, 0.00597018465219), (-0.008, 0.0306057464029, 0.00593298495735), (-0.008, 0.0303111231408, 0.00588103492709), (-0.008, 0.0300194556139, 0.00581446371737), (-0.008, 0.0297314689535, 0.00573343683472), (-0.008, 0.02944787914, 0.00563815572472), (-0.008, 0.0291693912224, 0.00552885727122), (-0.008, 0.0288966975653, 0.00540581320741), (-0.008, 0.0286304761283, 0.00526932944022), (-0.008, 0.0283713887797, 0.00511974528979), (-0.008, 0.0281200796516, 0.0049574326459), (-0.008, 0.027877173538, 0.00478279504334), (-0.008, 0.0276432743419, 0.00459626665871), (-0.008, 0.0274189635734, 0.00439831123098), (-0.008, 0.0272047989044, 0.00418942090852), (-0.008, 0.0270013127822, 0.00397011502558), (-0.008, 0.0268090111052, 0.00374093881115), (-0.008, 0.0266283719657, 0.00350246203341), (-0.008, 0.0264598444611, 0.00325527758319), (-0.008, 0.0263038475773, 0.003), (-0.008, 0.0261607691471, 0.00273726394412), (-0.008, 0.0260309648861, 0.00246772261878), (-0.008, 0.0259147575081, 0.0021920461462), (-0.008, 0.025812435923, 0.00191091990151), (-0.008, 0.0257242545183, 0.00162504280886), (-0.008, 0.0256504325269, 0.00133512560374), (-0.008, 0.0255911534819, 0.001041889066), (-0.008, 0.0255465647604, 0.000746062227885), (-0.008, 0.0255167772169, 0.000448380561519), (-0.008, 0.025501864908, 0.000149584150428), (-0.008, 0.025501864908, -0.000149584150428), (-0.008, 0.0255167772169, -0.000448380561519), (-0.008, 0.0255465647604, -0.000746062227885), (-0.008, 0.0255911534819, -0.001041889066), (-0.008, 0.0256504325269, -0.00133512560374), (-0.008, 0.0257242545183, -0.00162504280886), (-0.008, 0.025812435923, -0.00191091990151), (-0.008, 0.0259147575081, -0.0021920461462), (-0.008, 0.0260309648861, -0.00246772261878), (-0.008, 0.0261607691471, -0.00273726394412), (-0.008, 0.0263038475773, -0.003), (-0.008, 0.0264598444611, -0.00325527758319), (-0.008, 0.0266283719657, -0.00350246203341), (-0.008, 0.0268090111052, -0.00374093881115), (-0.008, 0.0270013127822, -0.00397011502558), (-0.008, 0.0272047989044, -0.00418942090852), (-0.008, 0.0274189635734, -0.00439831123098), (-0.008, 0.0276432743419, -0.00459626665871), (-0.008, 0.027877173538, -0.00478279504334), (-0.008, 0.0281200796516, -0.0049574326459), (-0.008, 0.0283713887797, -0.00511974528979), (-0.008, 0.0286304761283, -0.00526932944022), (-0.008, 0.0288966975653, -0.00540581320741), (-0.008, 0.0291693912224, -0.00552885727122), (-0.008, 0.02944787914, -0.00563815572472), (-0.008, 0.0297314689535, -0.00573343683472), (-0.008, 0.0300194556139, -0.00581446371737), (-0.008, 0.0303111231408, -0.00588103492709), (-0.008, 0.0306057464029, -0.00593298495735), (-0.008, 0.0309025929204, -0.00597018465219), (-0.008, 0.031200924686, -0.00599254152731), (-0.008, 0.0315, -0.006), (-0.008, 0.031799075314, -0.00599254152731), (-0.008, 0.0320974070796, -0.00597018465219), (-0.008, 0.0323942535971, -0.00593298495735), (-0.008, 0.0326888768592, -0.00588103492709), (-0.008, 0.0329805443861, -0.00581446371737), (-0.008, 0.0332685310465, -0.00573343683472), (-0.008, 0.03355212086, -0.00563815572472), (-0.008, 0.0338306087776, -0.00552885727122), (-0.008, 0.0341033024347, -0.00540581320741), (-0.008, 0.0343695238717, -0.00526932944022), (-0.008, 0.0346286112203, -0.00511974528979), (-0.008, 0.0348799203484, -0.0049574326459), (-0.008, 0.035122826462, -0.00478279504334), (-0.008, 0.0353567256581, -0.00459626665871), (-0.008, 0.0355810364266, -0.00439831123098), (-0.008, 0.0357952010956, -0.00418942090852), (-0.008, 0.0359986872178, -0.00397011502558), (-0.008, 0.0361909888948, -0.00374093881115), (-0.008, 0.0363716280343, -0.00350246203341), (-0.008, 0.0365401555389, -0.00325527758319), (-0.008, 0.0366961524227, -0.003), (-0.008, 0.0368392308529, -0.00273726394412), (-0.008, 0.0369690351139, -0.00246772261878), (-0.008, 0.0370852424919, -0.0021920461462), (-0.008, 0.037187564077, -0.00191091990151), (-0.008, 0.0372757454817, -0.00162504280886), (-0.008, 0.0373495674731, -0.00133512560374), (-0.008, 0.0374088465181, -0.001041889066), (-0.008, 0.0374534352396, -0.000746062227885), (-0.008, 0.0374832227831, -0.000448380561518), (-0.008, 0.037498135092, -0.000149584150428), (-0.008, 0.037498135092, 0.000149584150428), (-0.008, 0.0374832227831, 0.000448380561519), (-0.008, 0.0374534352396, 0.000746062227885), (-0.008, 0.0374088465181, 0.001041889066), (-0.008, 0.0373495674731, 0.00133512560374), (-0.008, 0.0372757454817, 0.00162504280886), (-0.008, 0.037187564077, 0.00191091990151), (-0.008, 0.0370852424919, 0.0021920461462), (-0.008, 0.0369690351139, 0.00246772261878), (-0.008, 0.0368392308529, 0.00273726394412), (-0.008, 0.0366961524227, 0.003), (-0.008, 0.0365401555389, 0.00325527758319), (-0.008, 0.0363716280343, 0.00350246203341), (-0.008, 0.0361909888948, 0.00374093881115), (-0.008, 0.0359986872178, 0.00397011502558), (-0.008, 0.0357952010956, 0.00418942090852), (-0.008, 0.0355810364266, 0.00439831123098), (-0.008, 0.0353567256581, 0.00459626665871), (-0.008, 0.035122826462, 0.00478279504334), (-0.008, 0.0348799203484, 0.0049574326459), (-0.008, 0.0346286112203, 0.00511974528979), (-0.008, 0.0343695238717, 0.00526932944022), (-0.008, 0.0341033024347, 0.00540581320741), (-0.008, 0.0338306087776, 0.00552885727122), (-0.008, 0.03355212086, 0.00563815572472), (-0.008, 0.0332685310465, 0.00573343683472), (-0.008, 0.0329805443861, 0.00581446371737), (-0.008, 0.0326888768592, 0.00588103492709), (-0.008, 0.0323942535971, 0.00593298495735), (-0.008, 0.0320974070796, 0.00597018465219), (-0.008, 0.031799075314, 0.00599254152731)]
            int[] faceVertexCounts = [3, 3, 3, 3, 3, 3, 3, 3, 3, 3, 3, 3, 3, 3, 3, 3, 3, 3, 3, 3, 3, 3, 3, 3, 3, 3, 3, 3, 3, 3, 3, 3, 3, 3, 3, 3, 3, 3, 3, 3, 3, 3, 3, 3, 3, 3, 3, 3, 3, 3, 3, 3, 3, 3, 3, 3, 3, 3, 3, 3, 3, 3, 3, 3, 3, 3, 3, 3, 3, 3, 3, 3, 3, 3, 3, 3, 3, 3, 3, 3, 3, 3, 3, 3, 3, 3, 3, 3, 3, 3, 3, 3, 3, 3, 3, 3, 3, 3, 3, 3, 3, 3, 3, 3, 3, 3, 3, 3, 3, 3, 3, 3, 3, 3, 3, 3, 3, 3, 3, 3, 3, 3, 3, 3, 3, 3, 3, 3, 3, 3, 3, 3, 3, 3, 3, 3, 3, 3, 3, 3, 3, 3, 3, 3, 3, 3, 3, 3, 3, 3, 3, 3, 3, 3, 3, 3, 3, 3, 3, 3, 3, 3, 3, 3, 3, 3, 3, 3, 3, 3, 3, 3, 3, 3, 3, 3, 3, 3, 3, 3, 3, 3, 3, 3, 3, 3, 3, 3, 3, 3, 3, 3, 3, 3, 3, 3, 3, 3, 3, 3, 3, 3, 3, 3, 3, 3, 3, 3, 3, 3, 3, 3, 3, 3, 3, 3, 3, 3, 3, 3, 3, 3, 3, 3, 3, 3, 3, 3, 3, 3, 3, 3, 3, 3, 3, 3, 3, 3, 3, 3, 3, 3, 3, 3, 3, 3, 3, 3, 3, 3, 3, 3, 3, 3, 3, 3, 3, 3, 3, 3, 3, 3, 3, 3, 3, 3, 3, 3, 3, 3, 3, 3, 3, 3, 3, 3, 3, 3, 3, 3, 3, 3, 3, 3, 3, 3, 3, 3, 3, 3, 3, 3, 3, 3, 3, 3, 3, 3, 3, 3, 3, 3, 3, 3, 3, 3, 3, 3, 3, 3, 3, 3, 3, 3, 3, 3, 3, 3, 3, 3, 3, 3, 3, 3, 3, 3, 3, 3, 3, 3, 3, 3, 3, 3, 3, 3, 3, 3, 3, 3, 3, 3, 3, 3, 3, 3, 3, 3, 3, 3, 3, 3, 3, 3, 3, 3, 3, 3, 3, 3, 3, 3, 3, 3, 3, 3, 3, 3, 3, 3, 3, 3, 3, 3, 3, 3, 3, 3, 3, 3, 3, 3, 3, 3, 3, 3, 3, 3, 3, 3, 3, 3, 3, 3, 3, 3, 3, 3, 3, 3, 3, 3, 3, 3, 3, 3, 3, 3, 3, 3, 3, 3, 3, 3, 3, 3, 3, 3, 3, 3, 3, 3, 3, 3, 3, 3, 3, 3, 3, 3, 3, 3, 3, 3, 3, 3, 3, 3, 3, 3, 3, 3, 3, 3, 3, 3, 3, 3, 3, 3, 3, 3, 3, 3, 3, 3, 3, 3, 3, 3, 3, 3, 3, 3, 3, 3, 3, 3, 3, 3, 3, 3, 3, 3, 3, 3, 3, 3, 3, 3, 3, 3, 3, 3, 3, 3, 3, 3, 3, 3, 3, 3, 3, 3, 3, 3, 3, 3, 3, 3]
            int[] faceVertexIndices = [1, 0, 127, 1, 127, 128, 1, 128, 129, 2, 1, 129, 3, 129, 130, 3, 2, 129, 4, 130, 131, 4, 3, 130, 5, 131, 132, 5, 4, 131, 6, 132, 133, 6, 133, 134, 6, 5, 132, 7, 6, 134, 8, 134, 135, 8, 7, 134, 9, 135, 136, 9, 136, 137, 9, 8, 135, 10, 137, 138, 10, 9, 137, 11, 10, 138, 12, 11, 138, 12, 138, 139, 13, 12, 139, 13, 139, 140, 13, 140, 141, 14, 13, 141, 15, 14, 141, 15, 141, 142, 16, 15, 142, 16, 142, 143, 16, 143, 144, 17, 16, 144, 18, 17, 144, 18, 144, 145, 19, 18, 145, 19, 145, 146, 20, 19, 146, 20, 146, 147, 21, 20, 147, 21, 147, 148, 22, 21, 148, 22, 148, 149, 23, 149, 150, 23, 22, 149, 24, 150, 151, 24, 23, 150, 24, 151, 152, 25, 24, 152, 26, 152, 153, 26, 25, 152, 27, 153, 154, 27, 26, 153, 28, 154, 155, 28, 27, 154, 29, 155, 156, 29, 28, 155, 30, 156, 157, 30, 29, 156, 31, 157, 158, 31, 30, 157, 32, 158, 159, 32, 31, 158, 33, 159, 160, 33, 32, 159, 34, 160, 161, 34, 33, 160, 35, 161, 162, 35, 34, 161, 36, 162, 163, 36, 35, 162, 37, 36, 163, 37, 163, 164, 37, 164, 165, 38, 37, 165, 39, 38, 165, 39, 165, 166, 40, 39, 166, 40, 166, 167, 40, 167, 168, 41, 40, 168, 42, 41, 168, 42, 168, 169, 43, 42, 169, 43, 169, 170, 43, 170, 171, 44, 43, 171, 45, 44, 171, 45, 171, 172, 46, 45, 172, 46, 172, 173, 47, 46, 173, 47, 173, 174, 48, 47, 174, 48, 174, 175, 48, 175, 176, 49, 48, 176, 50, 49, 176, 50, 176, 177, 51, 50, 177, 51, 177, 178, 51, 178, 179, 52, 51, 179, 52, 179, 180, 53, 52, 180, 53, 180, 181, 54, 53, 181, 55, 54, 181, 55, 181, 182, 55, 182, 183, 56, 55, 183, 57, 56, 183, 57, 183, 184, 58, 184, 185, 58, 57, 184, 59, 185, 186, 59, 186, 187, 59, 58, 185, 60, 59, 187, 60, 187, 188, 61, 188, 189, 61, 60, 188, 62, 61, 189, 63, 62, 189, 63, 189, 190, 64, 63, 190, 64, 190, 191, 65, 64, 191, 65, 191, 192, 66, 65, 192, 66, 192, 193, 66, 193, 194, 67, 66, 194, 67, 194, 195, 68, 67, 195, 69, 68, 195, 69, 195, 196, 70, 69, 196, 70, 196, 197, 70, 197, 198, 71, 70, 198, 72, 71, 198, 72, 198, 199, 73, 72, 199, 73, 199, 200, 73, 200, 201, 74, 201, 202, 74, 73, 201, 75, 74, 202, 76, 202, 203, 76, 203, 204, 76, 75, 202, 77, 76, 204, 78, 204, 205, 78, 77, 204, 79, 205, 206, 79, 206, 207, 79, 78, 205, 80, 79, 207, 81, 207, 208, 81, 208, 209, 81, 80, 207, 82, 81, 209, 83, 209, 210, 83, 82, 209, 84, 210, 211, 84, 83, 210, 85, 211, 212, 85, 84, 211, 86, 212, 213, 86, 213, 214, 86, 85, 212, 87, 86, 214, 88, 87, 214, 88, 214, 215, 89, 88, 215, 89, 215, 216, 90, 89, 216, 90, 216, 217, 91, 90, 217, 91, 217, 218, 92, 218, 219, 92, 219, 220, 92, 91, 218, 93, 92, 220, 94, 220, 221, 94, 93, 220, 95, 221, 222, 95, 94, 221, 96, 222, 223, 96, 95, 222, 97, 223, 224, 97, 96, 223, 98, 224, 225, 98, 97, 224, 99, 225, 226, 99, 98, 225, 100, 226, 227, 100, 99, 226, 101, 227, 228, 101, 100, 227, 102, 228, 229, 102, 229, 230, 102, 101, 228, 103, 102, 230, 104, 230, 231, 104, 103, 230, 105, 231, 232, 105, 104, 231, 106, 232, 233, 106, 233, 234, 106, 105, 232, 107, 106, 234, 108, 234, 235, 108, 107, 234, 109, 235, 236, 109, 108, 235, 110, 236, 237, 110, 237, 238, 110, 109, 236, 111, 110, 238, 112, 111, 238, 112, 238, 239, 113, 112, 239, 113, 239, 240, 113, 240, 241, 114, 113, 241, 115, 114, 241, 115, 241, 242, 115, 242, 243, 116, 115, 243, 117, 116, 243, 117, 243, 244, 117, 244, 245, 118, 117, 245, 118, 245, 246, 119, 118, 246, 120, 119, 246, 120, 246, 247, 120, 247, 248, 121, 120, 248, 122, 121, 248, 122, 248, 249, 122, 249, 250, 123, 122, 250, 124, 250, 251, 124, 123, 250, 124, 251, 252, 125, 124, 252, 126, 252, 253, 126, 125, 252, 336, 333, 334, 336, 334, 335, 339, 333, 336, 339, 332, 333, 339, 336, 337, 339, 337, 338, 325, 326, 327, 325, 327, 328, 325, 328, 329, 325, 329, 330, 325, 330, 331, 325, 331, 332, 342, 339, 340, 342, 340, 341, 344, 342, 343, 320, 321, 322, 320, 322, 323, 320, 323, 324, 320, 324, 325, 349, 345, 346, 349, 346, 347, 349, 347, 348, 315, 316, 317, 351, 349, 350, 352, 349, 351, 312, 313, 314, 354, 349, 352, 354, 352, 353, 311, 312, 314, 311, 314, 315, 311, 317, 318, 311, 318, 319, 311, 319, 320, 311, 320, 325, 311, 315, 317, 357, 354, 355, 357, 355, 356, 307, 311, 325, 307, 308, 309, 307, 309, 310, 307, 310, 311, 307, 325, 332, 359, 357, 358, 305, 306, 307, 361, 359, 360, 361, 357, 359, 362, 354, 357, 362, 357, 361, 362, 342, 344, 362, 349, 354, 362, 345, 349, 362, 344, 345, 364, 362, 363, 301, 302, 303, 301, 303, 304, 301, 304, 305, 300, 301, 305, 300, 305, 307, 367, 365, 366, 298, 299, 300, 368, 365, 367, 369, 364, 365, 369, 365, 368, 296, 297, 298, 371, 369, 370, 371, 364, 369, 294, 362, 364, 294, 307, 332, 294, 295, 296, 294, 342, 362, 294, 339, 342, 294, 332, 339, 294, 300, 307, 294, 298, 300, 294, 296, 298, 373, 371, 372, 292, 293, 294, 374, 371, 373, 290, 291, 292, 289, 292, 294, 289, 290, 292, 379, 374, 375, 379, 375, 376, 379, 376, 377, 379, 377, 378, 379, 371, 374, 285, 286, 287, 285, 287, 288, 285, 288, 289, 256, 254, 255, 256, 379, 254, 283, 284, 285, 282, 283, 285, 258, 256, 257, 280, 282, 285, 280, 281, 282, 260, 258, 259, 260, 371, 379, 260, 256, 258, 260, 364, 371, 260, 379, 256, 278, 279, 280, 263, 261, 262, 276, 277, 278, 276, 280, 285, 276, 278, 280, 264, 261, 263, 266, 264, 265, 273, 285, 289, 273, 274, 275, 273, 275, 276, 273, 276, 285, 273, 289, 294, 267, 260, 261, 267, 364, 260, 267, 261, 264, 267, 264, 266, 272, 273, 294, 269, 267, 268, 270, 271, 272, 270, 364, 267, 270, 272, 294, 270, 267, 269, 270, 294, 364, 462, 460, 459, 462, 461, 460, 465, 462, 459, 465, 459, 458, 465, 463, 462, 465, 464, 463, 451, 453, 452, 451, 454, 453, 451, 455, 454, 451, 456, 455, 451, 457, 456, 451, 458, 457, 468, 466, 465, 468, 467, 466, 470, 469, 468, 446, 448, 447, 446, 449, 448, 446, 450, 449, 446, 451, 450, 475, 472, 471, 475, 473, 472, 475, 474, 473, 441, 443, 442, 477, 476, 475, 478, 477, 475, 438, 440, 439, 480, 478, 475, 480, 479, 478, 437, 440, 438, 437, 441, 440, 437, 444, 443, 437, 445, 444, 437, 446, 445, 437, 451, 446, 437, 443, 441, 483, 481, 480, 483, 482, 481, 433, 451, 437, 433, 435, 434, 433, 436, 435, 433, 437, 436, 433, 458, 451, 485, 484, 483, 431, 433, 432, 487, 486, 485, 487, 485, 483, 488, 483, 480, 488, 487, 483, 488, 470, 468, 488, 480, 475, 488, 475, 471, 488, 471, 470, 490, 489, 488, 427, 429, 428, 427, 430, 429, 427, 431, 430, 426, 431, 427, 426, 433, 431, 493, 492, 491, 424, 426, 425, 494, 493, 491, 495, 491, 490, 495, 494, 491, 422, 424, 423, 497, 496, 495, 497, 495, 490, 420, 490, 488, 420, 458, 433, 420, 422, 421, 420, 488, 468, 420, 468, 465, 420, 465, 458, 420, 433, 426, 420, 426, 424, 420, 424, 422, 499, 498, 497, 418, 420, 419, 500, 499, 497, 416, 418, 417, 415, 420, 418, 415, 418, 416, 505, 501, 500, 505, 502, 501, 505, 503, 502, 505, 504, 503, 505, 500, 497, 411, 413, 412, 411, 414, 413, 411, 415, 414, 382, 381, 380, 382, 380, 505, 409, 411, 410, 408, 411, 409, 384, 383, 382, 406, 411, 408, 406, 408, 407, 386, 385, 384, 386, 505, 497, 386, 384, 382, 386, 497, 490, 386, 382, 505, 404, 406, 405, 389, 388, 387, 402, 404, 403, 402, 411, 406, 402, 406, 404, 390, 389, 387, 392, 391, 390, 399, 415, 411, 399, 401, 400, 399, 402, 401, 399, 411, 402, 399, 420, 415, 393, 387, 386, 393, 386, 490, 393, 390, 387, 393, 392, 390, 398, 420, 399, 395, 394, 393, 396, 398, 397, 396, 393, 490, 396, 420, 398, 396, 395, 393, 396, 490, 420]
            uniform token subdivisionScheme = "none"
            uniform bool doubleSided = true
            color3f[] primvars:displayColor = [(0.24, 0.28, 0.33)]
            custom string simulationStatus = "unmeasured_occlusion_proxy"
        }
        def Mesh "C2_barrel"
        {
            point3f[] points = [(-0.001, -0.0315, 0.006), (-0.001, -0.031799075314, 0.00599254152731), (-0.001, -0.0320974070796, 0.00597018465219), (-0.001, -0.0323942535971, 0.00593298495735), (-0.001, -0.0326888768592, 0.00588103492709), (-0.001, -0.0329805443861, 0.00581446371737), (-0.001, -0.0332685310465, 0.00573343683472), (-0.001, -0.03355212086, 0.00563815572472), (-0.001, -0.0338306087776, 0.00552885727122), (-0.001, -0.0341033024347, 0.00540581320741), (-0.001, -0.0343695238717, 0.00526932944022), (-0.001, -0.0346286112203, 0.00511974528979), (-0.001, -0.0348799203484, 0.0049574326459), (-0.001, -0.035122826462, 0.00478279504334), (-0.001, -0.0353567256581, 0.00459626665871), (-0.001, -0.0355810364266, 0.00439831123098), (-0.001, -0.0357952010956, 0.00418942090852), (-0.001, -0.0359986872178, 0.00397011502558), (-0.001, -0.0361909888948, 0.00374093881115), (-0.001, -0.0363716280343, 0.00350246203341), (-0.001, -0.0365401555389, 0.00325527758319), (-0.001, -0.0366961524227, 0.003), (-0.001, -0.0368392308529, 0.00273726394412), (-0.001, -0.0369690351139, 0.00246772261878), (-0.001, -0.0370852424919, 0.0021920461462), (-0.001, -0.037187564077, 0.00191091990151), (-0.001, -0.0372757454817, 0.00162504280886), (-0.001, -0.0373495674731, 0.00133512560374), (-0.001, -0.0374088465181, 0.001041889066), (-0.001, -0.0374534352396, 0.000746062227885), (-0.001, -0.0374832227831, 0.000448380561519), (-0.001, -0.037498135092, 0.000149584150428), (-0.001, -0.037498135092, -0.000149584150428), (-0.001, -0.0374832227831, -0.000448380561519), (-0.001, -0.0374534352396, -0.000746062227885), (-0.001, -0.0374088465181, -0.001041889066), (-0.001, -0.0373495674731, -0.00133512560374), (-0.001, -0.0372757454817, -0.00162504280886), (-0.001, -0.037187564077, -0.00191091990151), (-0.001, -0.0370852424919, -0.0021920461462), (-0.001, -0.0369690351139, -0.00246772261878), (-0.001, -0.0368392308529, -0.00273726394412), (-0.001, -0.0366961524227, -0.003), (-0.001, -0.0365401555389, -0.00325527758319), (-0.001, -0.0363716280343, -0.00350246203341), (-0.001, -0.0361909888948, -0.00374093881115), (-0.001, -0.0359986872178, -0.00397011502558), (-0.001, -0.0357952010956, -0.00418942090852), (-0.001, -0.0355810364266, -0.00439831123098), (-0.001, -0.0353567256581, -0.00459626665871), (-0.001, -0.035122826462, -0.00478279504334), (-0.001, -0.0348799203484, -0.0049574326459), (-0.001, -0.0346286112203, -0.00511974528979), (-0.001, -0.0343695238717, -0.00526932944022), (-0.001, -0.0341033024347, -0.00540581320741), (-0.001, -0.0338306087776, -0.00552885727122), (-0.001, -0.03355212086, -0.00563815572472), (-0.001, -0.0332685310465, -0.00573343683472), (-0.001, -0.0329805443861, -0.00581446371737), (-0.001, -0.0326888768592, -0.00588103492709), (-0.001, -0.0323942535971, -0.00593298495735), (-0.001, -0.0320974070796, -0.00597018465219), (-0.001, -0.031799075314, -0.00599254152731), (-0.001, -0.0315, -0.006), (-0.001, -0.031200924686, -0.00599254152731), (-0.001, -0.0309025929204, -0.00597018465219), (-0.001, -0.0306057464029, -0.00593298495735), (-0.001, -0.0303111231408, -0.00588103492709), (-0.001, -0.0300194556139, -0.00581446371737), (-0.001, -0.0297314689535, -0.00573343683472), (-0.001, -0.02944787914, -0.00563815572472), (-0.001, -0.0291693912224, -0.00552885727122), (-0.001, -0.0288966975653, -0.00540581320741), (-0.001, -0.0286304761283, -0.00526932944022), (-0.001, -0.0283713887797, -0.00511974528979), (-0.001, -0.0281200796516, -0.0049574326459), (-0.001, -0.027877173538, -0.00478279504334), (-0.001, -0.0276432743419, -0.00459626665871), (-0.001, -0.0274189635734, -0.00439831123098), (-0.001, -0.0272047989044, -0.00418942090852), (-0.001, -0.0270013127822, -0.00397011502558), (-0.001, -0.0268090111052, -0.00374093881115), (-0.001, -0.0266283719657, -0.00350246203341), (-0.001, -0.0264598444611, -0.00325527758319), (-0.001, -0.0263038475773, -0.003), (-0.001, -0.0261607691471, -0.00273726394412), (-0.001, -0.0260309648861, -0.00246772261878), (-0.001, -0.0259147575081, -0.0021920461462), (-0.001, -0.025812435923, -0.00191091990151), (-0.001, -0.0257242545183, -0.00162504280886), (-0.001, -0.0256504325269, -0.00133512560374), (-0.001, -0.0255911534819, -0.001041889066), (-0.001, -0.0255465647604, -0.000746062227885), (-0.001, -0.0255167772169, -0.000448380561518), (-0.001, -0.025501864908, -0.000149584150428), (-0.001, -0.025501864908, 0.000149584150428), (-0.001, -0.0255167772169, 0.000448380561519), (-0.001, -0.0255465647604, 0.000746062227885), (-0.001, -0.0255911534819, 0.001041889066), (-0.001, -0.0256504325269, 0.00133512560374), (-0.001, -0.0257242545183, 0.00162504280886), (-0.001, -0.025812435923, 0.00191091990151), (-0.001, -0.0259147575081, 0.0021920461462), (-0.001, -0.0260309648861, 0.00246772261878), (-0.001, -0.0261607691471, 0.00273726394412), (-0.001, -0.0263038475773, 0.003), (-0.001, -0.0264598444611, 0.00325527758319), (-0.001, -0.0266283719657, 0.00350246203341), (-0.001, -0.0268090111052, 0.00374093881115), (-0.001, -0.0270013127822, 0.00397011502558), (-0.001, -0.0272047989044, 0.00418942090852), (-0.001, -0.0274189635734, 0.00439831123098), (-0.001, -0.0276432743419, 0.00459626665871), (-0.001, -0.027877173538, 0.00478279504334), (-0.001, -0.0281200796516, 0.0049574326459), (-0.001, -0.0283713887797, 0.00511974528979), (-0.001, -0.0286304761283, 0.00526932944022), (-0.001, -0.0288966975653, 0.00540581320741), (-0.001, -0.0291693912224, 0.00552885727122), (-0.001, -0.02944787914, 0.00563815572472), (-0.001, -0.0297314689535, 0.00573343683472), (-0.001, -0.0300194556139, 0.00581446371737), (-0.001, -0.0303111231408, 0.00588103492709), (-0.001, -0.0306057464029, 0.00593298495735), (-0.001, -0.0309025929204, 0.00597018465219), (-0.001, -0.031200924686, 0.00599254152731), (-0.001, -0.0315, 0.006), (-0.008, -0.0315, 0.006), (-0.008, -0.031799075314, 0.00599254152731), (-0.008, -0.0320974070796, 0.00597018465219), (-0.008, -0.0323942535971, 0.00593298495735), (-0.008, -0.0326888768592, 0.00588103492709), (-0.008, -0.0329805443861, 0.00581446371737), (-0.008, -0.0332685310465, 0.00573343683472), (-0.008, -0.03355212086, 0.00563815572472), (-0.008, -0.0338306087776, 0.00552885727122), (-0.008, -0.0341033024347, 0.00540581320741), (-0.008, -0.0343695238717, 0.00526932944022), (-0.008, -0.0346286112203, 0.00511974528979), (-0.008, -0.0348799203484, 0.0049574326459), (-0.008, -0.035122826462, 0.00478279504334), (-0.008, -0.0353567256581, 0.00459626665871), (-0.008, -0.0355810364266, 0.00439831123098), (-0.008, -0.0357952010956, 0.00418942090852), (-0.008, -0.0359986872178, 0.00397011502558), (-0.008, -0.0361909888948, 0.00374093881115), (-0.008, -0.0363716280343, 0.00350246203341), (-0.008, -0.0365401555389, 0.00325527758319), (-0.008, -0.0366961524227, 0.003), (-0.008, -0.0368392308529, 0.00273726394412), (-0.008, -0.0369690351139, 0.00246772261878), (-0.008, -0.0370852424919, 0.0021920461462), (-0.008, -0.037187564077, 0.00191091990151), (-0.008, -0.0372757454817, 0.00162504280886), (-0.008, -0.0373495674731, 0.00133512560374), (-0.008, -0.0374088465181, 0.001041889066), (-0.008, -0.0374534352396, 0.000746062227885), (-0.008, -0.0374832227831, 0.000448380561519), (-0.008, -0.037498135092, 0.000149584150428), (-0.008, -0.037498135092, -0.000149584150428), (-0.008, -0.0374832227831, -0.000448380561519), (-0.008, -0.0374534352396, -0.000746062227885), (-0.008, -0.0374088465181, -0.001041889066), (-0.008, -0.0373495674731, -0.00133512560374), (-0.008, -0.0372757454817, -0.00162504280886), (-0.008, -0.037187564077, -0.00191091990151), (-0.008, -0.0370852424919, -0.0021920461462), (-0.008, -0.0369690351139, -0.00246772261878), (-0.008, -0.0368392308529, -0.00273726394412), (-0.008, -0.0366961524227, -0.003), (-0.008, -0.0365401555389, -0.00325527758319), (-0.008, -0.0363716280343, -0.00350246203341), (-0.008, -0.0361909888948, -0.00374093881115), (-0.008, -0.0359986872178, -0.00397011502558), (-0.008, -0.0357952010956, -0.00418942090852), (-0.008, -0.0355810364266, -0.00439831123098), (-0.008, -0.0353567256581, -0.00459626665871), (-0.008, -0.035122826462, -0.00478279504334), (-0.008, -0.0348799203484, -0.0049574326459), (-0.008, -0.0346286112203, -0.00511974528979), (-0.008, -0.0343695238717, -0.00526932944022), (-0.008, -0.0341033024347, -0.00540581320741), (-0.008, -0.0338306087776, -0.00552885727122), (-0.008, -0.03355212086, -0.00563815572472), (-0.008, -0.0332685310465, -0.00573343683472), (-0.008, -0.0329805443861, -0.00581446371737), (-0.008, -0.0326888768592, -0.00588103492709), (-0.008, -0.0323942535971, -0.00593298495735), (-0.008, -0.0320974070796, -0.00597018465219), (-0.008, -0.031799075314, -0.00599254152731), (-0.008, -0.0315, -0.006), (-0.008, -0.031200924686, -0.00599254152731), (-0.008, -0.0309025929204, -0.00597018465219), (-0.008, -0.0306057464029, -0.00593298495735), (-0.008, -0.0303111231408, -0.00588103492709), (-0.008, -0.0300194556139, -0.00581446371737), (-0.008, -0.0297314689535, -0.00573343683472), (-0.008, -0.02944787914, -0.00563815572472), (-0.008, -0.0291693912224, -0.00552885727122), (-0.008, -0.0288966975653, -0.00540581320741), (-0.008, -0.0286304761283, -0.00526932944022), (-0.008, -0.0283713887797, -0.00511974528979), (-0.008, -0.0281200796516, -0.0049574326459), (-0.008, -0.027877173538, -0.00478279504334), (-0.008, -0.0276432743419, -0.00459626665871), (-0.008, -0.0274189635734, -0.00439831123098), (-0.008, -0.0272047989044, -0.00418942090852), (-0.008, -0.0270013127822, -0.00397011502558), (-0.008, -0.0268090111052, -0.00374093881115), (-0.008, -0.0266283719657, -0.00350246203341), (-0.008, -0.0264598444611, -0.00325527758319), (-0.008, -0.0263038475773, -0.003), (-0.008, -0.0261607691471, -0.00273726394412), (-0.008, -0.0260309648861, -0.00246772261878), (-0.008, -0.0259147575081, -0.0021920461462), (-0.008, -0.025812435923, -0.00191091990151), (-0.008, -0.0257242545183, -0.00162504280886), (-0.008, -0.0256504325269, -0.00133512560374), (-0.008, -0.0255911534819, -0.001041889066), (-0.008, -0.0255465647604, -0.000746062227885), (-0.008, -0.0255167772169, -0.000448380561518), (-0.008, -0.025501864908, -0.000149584150428), (-0.008, -0.025501864908, 0.000149584150428), (-0.008, -0.0255167772169, 0.000448380561519), (-0.008, -0.0255465647604, 0.000746062227885), (-0.008, -0.0255911534819, 0.001041889066), (-0.008, -0.0256504325269, 0.00133512560374), (-0.008, -0.0257242545183, 0.00162504280886), (-0.008, -0.025812435923, 0.00191091990151), (-0.008, -0.0259147575081, 0.0021920461462), (-0.008, -0.0260309648861, 0.00246772261878), (-0.008, -0.0261607691471, 0.00273726394412), (-0.008, -0.0263038475773, 0.003), (-0.008, -0.0264598444611, 0.00325527758319), (-0.008, -0.0266283719657, 0.00350246203341), (-0.008, -0.0268090111052, 0.00374093881115), (-0.008, -0.0270013127822, 0.00397011502558), (-0.008, -0.0272047989044, 0.00418942090852), (-0.008, -0.0274189635734, 0.00439831123098), (-0.008, -0.0276432743419, 0.00459626665871), (-0.008, -0.027877173538, 0.00478279504334), (-0.008, -0.0281200796516, 0.0049574326459), (-0.008, -0.0283713887797, 0.00511974528979), (-0.008, -0.0286304761283, 0.00526932944022), (-0.008, -0.0288966975653, 0.00540581320741), (-0.008, -0.0291693912224, 0.00552885727122), (-0.008, -0.02944787914, 0.00563815572472), (-0.008, -0.0297314689535, 0.00573343683472), (-0.008, -0.0300194556139, 0.00581446371737), (-0.008, -0.0303111231408, 0.00588103492709), (-0.008, -0.0306057464029, 0.00593298495735), (-0.008, -0.0309025929204, 0.00597018465219), (-0.008, -0.031200924686, 0.00599254152731), (-0.008, -0.0315, 0.006), (-0.001, -0.0315, 0.006), (-0.001, -0.031799075314, 0.00599254152731), (-0.001, -0.0320974070796, 0.00597018465219), (-0.001, -0.0323942535971, 0.00593298495735), (-0.001, -0.0326888768592, 0.00588103492709), (-0.001, -0.0329805443861, 0.00581446371737), (-0.001, -0.0332685310465, 0.00573343683472), (-0.001, -0.03355212086, 0.00563815572472), (-0.001, -0.0338306087776, 0.00552885727122), (-0.001, -0.0341033024347, 0.00540581320741), (-0.001, -0.0343695238717, 0.00526932944022), (-0.001, -0.0346286112203, 0.00511974528979), (-0.001, -0.0348799203484, 0.0049574326459), (-0.001, -0.035122826462, 0.00478279504334), (-0.001, -0.0353567256581, 0.00459626665871), (-0.001, -0.0355810364266, 0.00439831123098), (-0.001, -0.0357952010956, 0.00418942090852), (-0.001, -0.0359986872178, 0.00397011502558), (-0.001, -0.0361909888948, 0.00374093881115), (-0.001, -0.0363716280343, 0.00350246203341), (-0.001, -0.0365401555389, 0.00325527758319), (-0.001, -0.0366961524227, 0.003), (-0.001, -0.0368392308529, 0.00273726394412), (-0.001, -0.0369690351139, 0.00246772261878), (-0.001, -0.0370852424919, 0.0021920461462), (-0.001, -0.037187564077, 0.00191091990151), (-0.001, -0.0372757454817, 0.00162504280886), (-0.001, -0.0373495674731, 0.00133512560374), (-0.001, -0.0374088465181, 0.001041889066), (-0.001, -0.0374534352396, 0.000746062227885), (-0.001, -0.0374832227831, 0.000448380561519), (-0.001, -0.037498135092, 0.000149584150428), (-0.001, -0.037498135092, -0.000149584150428), (-0.001, -0.0374832227831, -0.000448380561519), (-0.001, -0.0374534352396, -0.000746062227885), (-0.001, -0.0374088465181, -0.001041889066), (-0.001, -0.0373495674731, -0.00133512560374), (-0.001, -0.0372757454817, -0.00162504280886), (-0.001, -0.037187564077, -0.00191091990151), (-0.001, -0.0370852424919, -0.0021920461462), (-0.001, -0.0369690351139, -0.00246772261878), (-0.001, -0.0368392308529, -0.00273726394412), (-0.001, -0.0366961524227, -0.003), (-0.001, -0.0365401555389, -0.00325527758319), (-0.001, -0.0363716280343, -0.00350246203341), (-0.001, -0.0361909888948, -0.00374093881115), (-0.001, -0.0359986872178, -0.00397011502558), (-0.001, -0.0357952010956, -0.00418942090852), (-0.001, -0.0355810364266, -0.00439831123098), (-0.001, -0.0353567256581, -0.00459626665871), (-0.001, -0.035122826462, -0.00478279504334), (-0.001, -0.0348799203484, -0.0049574326459), (-0.001, -0.0346286112203, -0.00511974528979), (-0.001, -0.0343695238717, -0.00526932944022), (-0.001, -0.0341033024347, -0.00540581320741), (-0.001, -0.0338306087776, -0.00552885727122), (-0.001, -0.03355212086, -0.00563815572472), (-0.001, -0.0332685310465, -0.00573343683472), (-0.001, -0.0329805443861, -0.00581446371737), (-0.001, -0.0326888768592, -0.00588103492709), (-0.001, -0.0323942535971, -0.00593298495735), (-0.001, -0.0320974070796, -0.00597018465219), (-0.001, -0.031799075314, -0.00599254152731), (-0.001, -0.0315, -0.006), (-0.001, -0.031200924686, -0.00599254152731), (-0.001, -0.0309025929204, -0.00597018465219), (-0.001, -0.0306057464029, -0.00593298495735), (-0.001, -0.0303111231408, -0.00588103492709), (-0.001, -0.0300194556139, -0.00581446371737), (-0.001, -0.0297314689535, -0.00573343683472), (-0.001, -0.02944787914, -0.00563815572472), (-0.001, -0.0291693912224, -0.00552885727122), (-0.001, -0.0288966975653, -0.00540581320741), (-0.001, -0.0286304761283, -0.00526932944022), (-0.001, -0.0283713887797, -0.00511974528979), (-0.001, -0.0281200796516, -0.0049574326459), (-0.001, -0.027877173538, -0.00478279504334), (-0.001, -0.0276432743419, -0.00459626665871), (-0.001, -0.0274189635734, -0.00439831123098), (-0.001, -0.0272047989044, -0.00418942090852), (-0.001, -0.0270013127822, -0.00397011502558), (-0.001, -0.0268090111052, -0.00374093881115), (-0.001, -0.0266283719657, -0.00350246203341), (-0.001, -0.0264598444611, -0.00325527758319), (-0.001, -0.0263038475773, -0.003), (-0.001, -0.0261607691471, -0.00273726394412), (-0.001, -0.0260309648861, -0.00246772261878), (-0.001, -0.0259147575081, -0.0021920461462), (-0.001, -0.025812435923, -0.00191091990151), (-0.001, -0.0257242545183, -0.00162504280886), (-0.001, -0.0256504325269, -0.00133512560374), (-0.001, -0.0255911534819, -0.001041889066), (-0.001, -0.0255465647604, -0.000746062227885), (-0.001, -0.0255167772169, -0.000448380561518), (-0.001, -0.025501864908, -0.000149584150428), (-0.001, -0.025501864908, 0.000149584150428), (-0.001, -0.0255167772169, 0.000448380561519), (-0.001, -0.0255465647604, 0.000746062227885), (-0.001, -0.0255911534819, 0.001041889066), (-0.001, -0.0256504325269, 0.00133512560374), (-0.001, -0.0257242545183, 0.00162504280886), (-0.001, -0.025812435923, 0.00191091990151), (-0.001, -0.0259147575081, 0.0021920461462), (-0.001, -0.0260309648861, 0.00246772261878), (-0.001, -0.0261607691471, 0.00273726394412), (-0.001, -0.0263038475773, 0.003), (-0.001, -0.0264598444611, 0.00325527758319), (-0.001, -0.0266283719657, 0.00350246203341), (-0.001, -0.0268090111052, 0.00374093881115), (-0.001, -0.0270013127822, 0.00397011502558), (-0.001, -0.0272047989044, 0.00418942090852), (-0.001, -0.0274189635734, 0.00439831123098), (-0.001, -0.0276432743419, 0.00459626665871), (-0.001, -0.027877173538, 0.00478279504334), (-0.001, -0.0281200796516, 0.0049574326459), (-0.001, -0.0283713887797, 0.00511974528979), (-0.001, -0.0286304761283, 0.00526932944022), (-0.001, -0.0288966975653, 0.00540581320741), (-0.001, -0.0291693912224, 0.00552885727122), (-0.001, -0.02944787914, 0.00563815572472), (-0.001, -0.0297314689535, 0.00573343683472), (-0.001, -0.0300194556139, 0.00581446371737), (-0.001, -0.0303111231408, 0.00588103492709), (-0.001, -0.0306057464029, 0.00593298495735), (-0.001, -0.0309025929204, 0.00597018465219), (-0.001, -0.031200924686, 0.00599254152731), (-0.008, -0.0315, 0.006), (-0.008, -0.031799075314, 0.00599254152731), (-0.008, -0.0320974070796, 0.00597018465219), (-0.008, -0.0323942535971, 0.00593298495735), (-0.008, -0.0326888768592, 0.00588103492709), (-0.008, -0.0329805443861, 0.00581446371737), (-0.008, -0.0332685310465, 0.00573343683472), (-0.008, -0.03355212086, 0.00563815572472), (-0.008, -0.0338306087776, 0.00552885727122), (-0.008, -0.0341033024347, 0.00540581320741), (-0.008, -0.0343695238717, 0.00526932944022), (-0.008, -0.0346286112203, 0.00511974528979), (-0.008, -0.0348799203484, 0.0049574326459), (-0.008, -0.035122826462, 0.00478279504334), (-0.008, -0.0353567256581, 0.00459626665871), (-0.008, -0.0355810364266, 0.00439831123098), (-0.008, -0.0357952010956, 0.00418942090852), (-0.008, -0.0359986872178, 0.00397011502558), (-0.008, -0.0361909888948, 0.00374093881115), (-0.008, -0.0363716280343, 0.00350246203341), (-0.008, -0.0365401555389, 0.00325527758319), (-0.008, -0.0366961524227, 0.003), (-0.008, -0.0368392308529, 0.00273726394412), (-0.008, -0.0369690351139, 0.00246772261878), (-0.008, -0.0370852424919, 0.0021920461462), (-0.008, -0.037187564077, 0.00191091990151), (-0.008, -0.0372757454817, 0.00162504280886), (-0.008, -0.0373495674731, 0.00133512560374), (-0.008, -0.0374088465181, 0.001041889066), (-0.008, -0.0374534352396, 0.000746062227885), (-0.008, -0.0374832227831, 0.000448380561519), (-0.008, -0.037498135092, 0.000149584150428), (-0.008, -0.037498135092, -0.000149584150428), (-0.008, -0.0374832227831, -0.000448380561519), (-0.008, -0.0374534352396, -0.000746062227885), (-0.008, -0.0374088465181, -0.001041889066), (-0.008, -0.0373495674731, -0.00133512560374), (-0.008, -0.0372757454817, -0.00162504280886), (-0.008, -0.037187564077, -0.00191091990151), (-0.008, -0.0370852424919, -0.0021920461462), (-0.008, -0.0369690351139, -0.00246772261878), (-0.008, -0.0368392308529, -0.00273726394412), (-0.008, -0.0366961524227, -0.003), (-0.008, -0.0365401555389, -0.00325527758319), (-0.008, -0.0363716280343, -0.00350246203341), (-0.008, -0.0361909888948, -0.00374093881115), (-0.008, -0.0359986872178, -0.00397011502558), (-0.008, -0.0357952010956, -0.00418942090852), (-0.008, -0.0355810364266, -0.00439831123098), (-0.008, -0.0353567256581, -0.00459626665871), (-0.008, -0.035122826462, -0.00478279504334), (-0.008, -0.0348799203484, -0.0049574326459), (-0.008, -0.0346286112203, -0.00511974528979), (-0.008, -0.0343695238717, -0.00526932944022), (-0.008, -0.0341033024347, -0.00540581320741), (-0.008, -0.0338306087776, -0.00552885727122), (-0.008, -0.03355212086, -0.00563815572472), (-0.008, -0.0332685310465, -0.00573343683472), (-0.008, -0.0329805443861, -0.00581446371737), (-0.008, -0.0326888768592, -0.00588103492709), (-0.008, -0.0323942535971, -0.00593298495735), (-0.008, -0.0320974070796, -0.00597018465219), (-0.008, -0.031799075314, -0.00599254152731), (-0.008, -0.0315, -0.006), (-0.008, -0.031200924686, -0.00599254152731), (-0.008, -0.0309025929204, -0.00597018465219), (-0.008, -0.0306057464029, -0.00593298495735), (-0.008, -0.0303111231408, -0.00588103492709), (-0.008, -0.0300194556139, -0.00581446371737), (-0.008, -0.0297314689535, -0.00573343683472), (-0.008, -0.02944787914, -0.00563815572472), (-0.008, -0.0291693912224, -0.00552885727122), (-0.008, -0.0288966975653, -0.00540581320741), (-0.008, -0.0286304761283, -0.00526932944022), (-0.008, -0.0283713887797, -0.00511974528979), (-0.008, -0.0281200796516, -0.0049574326459), (-0.008, -0.027877173538, -0.00478279504334), (-0.008, -0.0276432743419, -0.00459626665871), (-0.008, -0.0274189635734, -0.00439831123098), (-0.008, -0.0272047989044, -0.00418942090852), (-0.008, -0.0270013127822, -0.00397011502558), (-0.008, -0.0268090111052, -0.00374093881115), (-0.008, -0.0266283719657, -0.00350246203341), (-0.008, -0.0264598444611, -0.00325527758319), (-0.008, -0.0263038475773, -0.003), (-0.008, -0.0261607691471, -0.00273726394412), (-0.008, -0.0260309648861, -0.00246772261878), (-0.008, -0.0259147575081, -0.0021920461462), (-0.008, -0.025812435923, -0.00191091990151), (-0.008, -0.0257242545183, -0.00162504280886), (-0.008, -0.0256504325269, -0.00133512560374), (-0.008, -0.0255911534819, -0.001041889066), (-0.008, -0.0255465647604, -0.000746062227885), (-0.008, -0.0255167772169, -0.000448380561518), (-0.008, -0.025501864908, -0.000149584150428), (-0.008, -0.025501864908, 0.000149584150428), (-0.008, -0.0255167772169, 0.000448380561519), (-0.008, -0.0255465647604, 0.000746062227885), (-0.008, -0.0255911534819, 0.001041889066), (-0.008, -0.0256504325269, 0.00133512560374), (-0.008, -0.0257242545183, 0.00162504280886), (-0.008, -0.025812435923, 0.00191091990151), (-0.008, -0.0259147575081, 0.0021920461462), (-0.008, -0.0260309648861, 0.00246772261878), (-0.008, -0.0261607691471, 0.00273726394412), (-0.008, -0.0263038475773, 0.003), (-0.008, -0.0264598444611, 0.00325527758319), (-0.008, -0.0266283719657, 0.00350246203341), (-0.008, -0.0268090111052, 0.00374093881115), (-0.008, -0.0270013127822, 0.00397011502558), (-0.008, -0.0272047989044, 0.00418942090852), (-0.008, -0.0274189635734, 0.00439831123098), (-0.008, -0.0276432743419, 0.00459626665871), (-0.008, -0.027877173538, 0.00478279504334), (-0.008, -0.0281200796516, 0.0049574326459), (-0.008, -0.0283713887797, 0.00511974528979), (-0.008, -0.0286304761283, 0.00526932944022), (-0.008, -0.0288966975653, 0.00540581320741), (-0.008, -0.0291693912224, 0.00552885727122), (-0.008, -0.02944787914, 0.00563815572472), (-0.008, -0.0297314689535, 0.00573343683472), (-0.008, -0.0300194556139, 0.00581446371737), (-0.008, -0.0303111231408, 0.00588103492709), (-0.008, -0.0306057464029, 0.00593298495735), (-0.008, -0.0309025929204, 0.00597018465219), (-0.008, -0.031200924686, 0.00599254152731)]
            int[] faceVertexCounts = [3, 3, 3, 3, 3, 3, 3, 3, 3, 3, 3, 3, 3, 3, 3, 3, 3, 3, 3, 3, 3, 3, 3, 3, 3, 3, 3, 3, 3, 3, 3, 3, 3, 3, 3, 3, 3, 3, 3, 3, 3, 3, 3, 3, 3, 3, 3, 3, 3, 3, 3, 3, 3, 3, 3, 3, 3, 3, 3, 3, 3, 3, 3, 3, 3, 3, 3, 3, 3, 3, 3, 3, 3, 3, 3, 3, 3, 3, 3, 3, 3, 3, 3, 3, 3, 3, 3, 3, 3, 3, 3, 3, 3, 3, 3, 3, 3, 3, 3, 3, 3, 3, 3, 3, 3, 3, 3, 3, 3, 3, 3, 3, 3, 3, 3, 3, 3, 3, 3, 3, 3, 3, 3, 3, 3, 3, 3, 3, 3, 3, 3, 3, 3, 3, 3, 3, 3, 3, 3, 3, 3, 3, 3, 3, 3, 3, 3, 3, 3, 3, 3, 3, 3, 3, 3, 3, 3, 3, 3, 3, 3, 3, 3, 3, 3, 3, 3, 3, 3, 3, 3, 3, 3, 3, 3, 3, 3, 3, 3, 3, 3, 3, 3, 3, 3, 3, 3, 3, 3, 3, 3, 3, 3, 3, 3, 3, 3, 3, 3, 3, 3, 3, 3, 3, 3, 3, 3, 3, 3, 3, 3, 3, 3, 3, 3, 3, 3, 3, 3, 3, 3, 3, 3, 3, 3, 3, 3, 3, 3, 3, 3, 3, 3, 3, 3, 3, 3, 3, 3, 3, 3, 3, 3, 3, 3, 3, 3, 3, 3, 3, 3, 3, 3, 3, 3, 3, 3, 3, 3, 3, 3, 3, 3, 3, 3, 3, 3, 3, 3, 3, 3, 3, 3, 3, 3, 3, 3, 3, 3, 3, 3, 3, 3, 3, 3, 3, 3, 3, 3, 3, 3, 3, 3, 3, 3, 3, 3, 3, 3, 3, 3, 3, 3, 3, 3, 3, 3, 3, 3, 3, 3, 3, 3, 3, 3, 3, 3, 3, 3, 3, 3, 3, 3, 3, 3, 3, 3, 3, 3, 3, 3, 3, 3, 3, 3, 3, 3, 3, 3, 3, 3, 3, 3, 3, 3, 3, 3, 3, 3, 3, 3, 3, 3, 3, 3, 3, 3, 3, 3, 3, 3, 3, 3, 3, 3, 3, 3, 3, 3, 3, 3, 3, 3, 3, 3, 3, 3, 3, 3, 3, 3, 3, 3, 3, 3, 3, 3, 3, 3, 3, 3, 3, 3, 3, 3, 3, 3, 3, 3, 3, 3, 3, 3, 3, 3, 3, 3, 3, 3, 3, 3, 3, 3, 3, 3, 3, 3, 3, 3, 3, 3, 3, 3, 3, 3, 3, 3, 3, 3, 3, 3, 3, 3, 3, 3, 3, 3, 3, 3, 3, 3, 3, 3, 3, 3, 3, 3, 3, 3, 3, 3, 3, 3, 3, 3, 3, 3, 3, 3, 3, 3, 3, 3, 3, 3, 3, 3, 3, 3, 3, 3, 3, 3, 3, 3, 3, 3, 3, 3, 3, 3, 3, 3, 3, 3, 3, 3, 3, 3, 3, 3, 3, 3, 3, 3, 3, 3, 3, 3, 3]
            int[] faceVertexIndices = [1, 0, 127, 1, 127, 128, 1, 128, 129, 2, 1, 129, 3, 129, 130, 3, 2, 129, 4, 130, 131, 4, 3, 130, 5, 131, 132, 5, 4, 131, 6, 132, 133, 6, 133, 134, 6, 5, 132, 7, 6, 134, 8, 134, 135, 8, 7, 134, 9, 135, 136, 9, 136, 137, 9, 8, 135, 10, 137, 138, 10, 9, 137, 11, 10, 138, 12, 11, 138, 12, 138, 139, 13, 12, 139, 13, 139, 140, 13, 140, 141, 14, 13, 141, 15, 14, 141, 15, 141, 142, 16, 15, 142, 16, 142, 143, 16, 143, 144, 17, 16, 144, 18, 17, 144, 18, 144, 145, 19, 18, 145, 19, 145, 146, 20, 19, 146, 20, 146, 147, 21, 20, 147, 21, 147, 148, 22, 21, 148, 22, 148, 149, 23, 149, 150, 23, 22, 149, 24, 150, 151, 24, 23, 150, 24, 151, 152, 25, 24, 152, 26, 152, 153, 26, 25, 152, 27, 153, 154, 27, 26, 153, 28, 154, 155, 28, 27, 154, 29, 155, 156, 29, 28, 155, 30, 156, 157, 30, 29, 156, 31, 157, 158, 31, 30, 157, 32, 158, 159, 32, 31, 158, 33, 159, 160, 33, 32, 159, 34, 160, 161, 34, 33, 160, 35, 161, 162, 35, 34, 161, 36, 162, 163, 36, 35, 162, 37, 36, 163, 37, 163, 164, 37, 164, 165, 38, 37, 165, 39, 38, 165, 39, 165, 166, 40, 39, 166, 40, 166, 167, 40, 167, 168, 41, 40, 168, 42, 41, 168, 42, 168, 169, 43, 42, 169, 43, 169, 170, 43, 170, 171, 44, 43, 171, 45, 44, 171, 45, 171, 172, 46, 45, 172, 46, 172, 173, 47, 46, 173, 47, 173, 174, 48, 47, 174, 48, 174, 175, 48, 175, 176, 49, 48, 176, 50, 49, 176, 50, 176, 177, 51, 50, 177, 51, 177, 178, 51, 178, 179, 52, 51, 179, 52, 179, 180, 53, 52, 180, 53, 180, 181, 54, 53, 181, 55, 54, 181, 55, 181, 182, 55, 182, 183, 56, 55, 183, 57, 56, 183, 57, 183, 184, 58, 184, 185, 58, 57, 184, 59, 185, 186, 59, 186, 187, 59, 58, 185, 60, 59, 187, 60, 187, 188, 61, 188, 189, 61, 60, 188, 62, 61, 189, 63, 62, 189, 63, 189, 190, 64, 63, 190, 64, 190, 191, 65, 64, 191, 65, 191, 192, 66, 65, 192, 66, 192, 193, 66, 193, 194, 67, 66, 194, 67, 194, 195, 68, 67, 195, 69, 68, 195, 69, 195, 196, 70, 69, 196, 70, 196, 197, 70, 197, 198, 71, 70, 198, 72, 71, 198, 72, 198, 199, 73, 72, 199, 73, 199, 200, 73, 200, 201, 74, 201, 202, 74, 73, 201, 75, 74, 202, 76, 202, 203, 76, 203, 204, 76, 75, 202, 77, 76, 204, 78, 204, 205, 78, 77, 204, 79, 205, 206, 79, 206, 207, 79, 78, 205, 80, 79, 207, 81, 207, 208, 81, 208, 209, 81, 80, 207, 82, 81, 209, 83, 209, 210, 83, 82, 209, 84, 210, 211, 84, 83, 210, 85, 211, 212, 85, 84, 211, 86, 212, 213, 86, 213, 214, 86, 85, 212, 87, 86, 214, 88, 87, 214, 88, 214, 215, 89, 88, 215, 89, 215, 216, 90, 89, 216, 90, 216, 217, 91, 90, 217, 91, 217, 218, 92, 218, 219, 92, 219, 220, 92, 91, 218, 93, 92, 220, 94, 220, 221, 94, 93, 220, 95, 221, 222, 95, 94, 221, 96, 222, 223, 96, 95, 222, 97, 223, 224, 97, 96, 223, 98, 224, 225, 98, 97, 224, 99, 225, 226, 99, 98, 225, 100, 226, 227, 100, 99, 226, 101, 227, 228, 101, 100, 227, 102, 228, 229, 102, 229, 230, 102, 101, 228, 103, 102, 230, 104, 230, 231, 104, 103, 230, 105, 231, 232, 105, 104, 231, 106, 232, 233, 106, 233, 234, 106, 105, 232, 107, 106, 234, 108, 234, 235, 108, 107, 234, 109, 235, 236, 109, 108, 235, 110, 236, 237, 110, 237, 238, 110, 109, 236, 111, 110, 238, 112, 111, 238, 112, 238, 239, 113, 112, 239, 113, 239, 240, 113, 240, 241, 114, 113, 241, 115, 114, 241, 115, 241, 242, 115, 242, 243, 116, 115, 243, 117, 116, 243, 117, 243, 244, 117, 244, 245, 118, 117, 245, 118, 245, 246, 119, 118, 246, 120, 119, 246, 120, 246, 247, 120, 247, 248, 121, 120, 248, 122, 121, 248, 122, 248, 249, 122, 249, 250, 123, 122, 250, 124, 250, 251, 124, 123, 250, 124, 251, 252, 125, 124, 252, 126, 252, 253, 126, 125, 252, 336, 333, 334, 336, 334, 335, 329, 330, 331, 339, 336, 337, 339, 337, 338, 325, 329, 331, 325, 326, 327, 325, 327, 328, 325, 328, 329, 325, 331, 332, 342, 333, 336, 342, 336, 339, 342, 332, 333, 342, 339, 340, 342, 340, 341, 322, 323, 324, 322, 324, 325, 344, 342, 343, 345, 342, 344, 320, 321, 322, 347, 345, 346, 349, 342, 345, 349, 345, 347, 349, 347, 348, 315, 316, 317, 315, 317, 318, 351, 349, 350, 352, 349, 351, 353, 349, 352, 311, 312, 313, 311, 313, 314, 311, 314, 315, 311, 318, 319, 311, 319, 320, 311, 322, 325, 311, 320, 322, 311, 315, 318, 357, 354, 355, 357, 355, 356, 357, 353, 354, 307, 308, 309, 307, 309, 310, 307, 310, 311, 305, 306, 307, 361, 357, 358, 361, 358, 359, 361, 359, 360, 362, 357, 361, 362, 353, 357, 302, 303, 304, 302, 304, 305, 364, 362, 363, 364, 353, 362, 364, 349, 353, 300, 302, 305, 300, 301, 302, 367, 364, 365, 367, 365, 366, 368, 364, 367, 297, 298, 299, 297, 299, 300, 371, 368, 369, 371, 369, 370, 294, 295, 296, 294, 296, 297, 294, 300, 305, 294, 297, 300, 373, 371, 372, 374, 311, 325, 374, 349, 364, 374, 325, 332, 374, 368, 371, 374, 332, 342, 374, 364, 368, 374, 371, 373, 374, 342, 349, 291, 292, 293, 291, 293, 294, 291, 305, 307, 291, 294, 305, 290, 291, 307, 289, 290, 307, 378, 374, 375, 378, 375, 376, 378, 376, 377, 379, 374, 378, 286, 289, 307, 286, 287, 288, 286, 288, 289, 254, 374, 379, 284, 285, 286, 282, 283, 284, 258, 256, 257, 281, 284, 286, 281, 282, 284, 259, 255, 256, 259, 256, 258, 260, 254, 255, 260, 255, 259, 261, 254, 260, 278, 279, 280, 278, 280, 281, 263, 261, 262, 275, 276, 277, 275, 277, 278, 275, 278, 281, 267, 263, 264, 267, 264, 265, 267, 265, 266, 267, 307, 311, 267, 261, 263, 267, 254, 261, 267, 311, 374, 267, 374, 254, 272, 273, 274, 269, 286, 307, 269, 267, 268, 269, 281, 286, 269, 307, 267, 270, 271, 272, 270, 274, 275, 270, 272, 274, 270, 275, 281, 270, 281, 269, 462, 460, 459, 462, 461, 460, 455, 457, 456, 465, 463, 462, 465, 464, 463, 451, 457, 455, 451, 453, 452, 451, 454, 453, 451, 455, 454, 451, 458, 457, 468, 462, 459, 468, 465, 462, 468, 459, 458, 468, 466, 465, 468, 467, 466, 448, 450, 449, 448, 451, 450, 470, 469, 468, 471, 470, 468, 446, 448, 447, 473, 472, 471, 475, 471, 468, 475, 473, 471, 475, 474, 473, 441, 443, 442, 441, 444, 443, 477, 476, 475, 478, 477, 475, 479, 478, 475, 437, 439, 438, 437, 440, 439, 437, 441, 440, 437, 445, 444, 437, 446, 445, 437, 451, 448, 437, 448, 446, 437, 444, 441, 483, 481, 480, 483, 482, 481, 483, 480, 479, 433, 435, 434, 433, 436, 435, 433, 437, 436, 431, 433, 432, 487, 484, 483, 487, 485, 484, 487, 486, 485, 488, 487, 483, 488, 483, 479, 428, 430, 429, 428, 431, 430, 490, 489, 488, 490, 488, 479, 490, 479, 475, 426, 431, 428, 426, 428, 427, 493, 491, 490, 493, 492, 491, 494, 493, 490, 423, 425, 424, 423, 426, 425, 497, 495, 494, 497, 496, 495, 420, 422, 421, 420, 423, 422, 420, 431, 426, 420, 426, 423, 499, 498, 497, 500, 451, 437, 500, 490, 475, 500, 458, 451, 500, 497, 494, 500, 468, 458, 500, 494, 490, 500, 499, 497, 500, 475, 468, 417, 419, 418, 417, 420, 419, 417, 433, 431, 417, 431, 420, 416, 433, 417, 415, 433, 416, 504, 501, 500, 504, 502, 501, 504, 503, 502, 505, 504, 500, 412, 433, 415, 412, 414, 413, 412, 415, 414, 380, 505, 500, 410, 412, 411, 408, 410, 409, 384, 383, 382, 407, 412, 410, 407, 410, 408, 385, 382, 381, 385, 384, 382, 386, 381, 380, 386, 385, 381, 387, 386, 380, 404, 406, 405, 404, 407, 406, 389, 388, 387, 401, 403, 402, 401, 404, 403, 401, 407, 404, 393, 390, 389, 393, 391, 390, 393, 392, 391, 393, 437, 433, 393, 389, 387, 393, 387, 380, 393, 500, 437, 393, 380, 500, 398, 400, 399, 395, 433, 412, 395, 394, 393, 395, 412, 407, 395, 393, 433, 396, 398, 397, 396, 401, 400, 396, 400, 398, 396, 407, 401, 396, 395, 407]
            uniform token subdivisionScheme = "none"
            uniform bool doubleSided = true
            color3f[] primvars:displayColor = [(0.24, 0.28, 0.33)]
            custom string simulationStatus = "unmeasured_occlusion_proxy"
        }
        def Mesh "C3_barrel"
        {
            point3f[] points = [(-0.01, 0.055, 0.015), (-0.0100074584727, 0.055299075314, 0.015), (-0.0100298153478, 0.0555974070796, 0.015), (-0.0100670150426, 0.0558942535971, 0.015), (-0.0101189650729, 0.0561888768592, 0.015), (-0.0101855362826, 0.0564805443861, 0.015), (-0.0102665631653, 0.0567685310465, 0.015), (-0.0103618442753, 0.05705212086, 0.015), (-0.0104711427288, 0.0573306087776, 0.015), (-0.0105941867926, 0.0576033024347, 0.015), (-0.0107306705598, 0.0578695238717, 0.015), (-0.0108802547102, 0.0581286112203, 0.015), (-0.0110425673541, 0.0583799203484, 0.015), (-0.0112172049567, 0.058622826462, 0.015), (-0.0114037333413, 0.0588567256581, 0.015), (-0.011601688769, 0.0590810364266, 0.015), (-0.0118105790915, 0.0592952010956, 0.015), (-0.0120298849744, 0.0594986872178, 0.015), (-0.0122590611888, 0.0596909888948, 0.015), (-0.0124975379666, 0.0598716280343, 0.015), (-0.0127447224168, 0.0600401555389, 0.015), (-0.013, 0.0601961524227, 0.015), (-0.0132627360559, 0.0603392308529, 0.015), (-0.0135322773812, 0.0604690351139, 0.015), (-0.0138079538538, 0.0605852424919, 0.015), (-0.0140890800985, 0.060687564077, 0.015), (-0.0143749571911, 0.0607757454817, 0.015), (-0.0146648743963, 0.0608495674731, 0.015), (-0.014958110934, 0.0609088465181, 0.015), (-0.0152539377721, 0.0609534352396, 0.015), (-0.0155516194385, 0.0609832227831, 0.015), (-0.0158504158496, 0.060998135092, 0.015), (-0.0161495841504, 0.060998135092, 0.015), (-0.0164483805615, 0.0609832227831, 0.015), (-0.0167460622279, 0.0609534352396, 0.015), (-0.017041889066, 0.0609088465181, 0.015), (-0.0173351256037, 0.0608495674731, 0.015), (-0.0176250428089, 0.0607757454817, 0.015), (-0.0179109199015, 0.060687564077, 0.015), (-0.0181920461462, 0.0605852424919, 0.015), (-0.0184677226188, 0.0604690351139, 0.015), (-0.0187372639441, 0.0603392308529, 0.015), (-0.019, 0.0601961524227, 0.015), (-0.0192552775832, 0.0600401555389, 0.015), (-0.0195024620334, 0.0598716280343, 0.015), (-0.0197409388112, 0.0596909888948, 0.015), (-0.0199701150256, 0.0594986872178, 0.015), (-0.0201894209085, 0.0592952010956, 0.015), (-0.020398311231, 0.0590810364266, 0.015), (-0.0205962666587, 0.0588567256581, 0.015), (-0.0207827950433, 0.058622826462, 0.015), (-0.0209574326459, 0.0583799203484, 0.015), (-0.0211197452898, 0.0581286112203, 0.015), (-0.0212693294402, 0.0578695238717, 0.015), (-0.0214058132074, 0.0576033024347, 0.015), (-0.0215288572712, 0.0573306087776, 0.015), (-0.0216381557247, 0.05705212086, 0.015), (-0.0217334368347, 0.0567685310465, 0.015), (-0.0218144637174, 0.0564805443861, 0.015), (-0.0218810349271, 0.0561888768592, 0.015), (-0.0219329849574, 0.0558942535971, 0.015), (-0.0219701846522, 0.0555974070796, 0.015), (-0.0219925415273, 0.055299075314, 0.015), (-0.022, 0.055, 0.015), (-0.0219925415273, 0.054700924686, 0.015), (-0.0219701846522, 0.0544025929204, 0.015), (-0.0219329849574, 0.0541057464029, 0.015), (-0.0218810349271, 0.0538111231408, 0.015), (-0.0218144637174, 0.0535194556139, 0.015), (-0.0217334368347, 0.0532314689535, 0.015), (-0.0216381557247, 0.05294787914, 0.015), (-0.0215288572712, 0.0526693912224, 0.015), (-0.0214058132074, 0.0523966975653, 0.015), (-0.0212693294402, 0.0521304761283, 0.015), (-0.0211197452898, 0.0518713887797, 0.015), (-0.0209574326459, 0.0516200796516, 0.015), (-0.0207827950433, 0.051377173538, 0.015), (-0.0205962666587, 0.0511432743419, 0.015), (-0.020398311231, 0.0509189635734, 0.015), (-0.0201894209085, 0.0507047989044, 0.015), (-0.0199701150256, 0.0505013127822, 0.015), (-0.0197409388112, 0.0503090111052, 0.015), (-0.0195024620334, 0.0501283719657, 0.015), (-0.0192552775832, 0.0499598444611, 0.015), (-0.019, 0.0498038475773, 0.015), (-0.0187372639441, 0.0496607691471, 0.015), (-0.0184677226188, 0.0495309648861, 0.015), (-0.0181920461462, 0.0494147575081, 0.015), (-0.0179109199015, 0.049312435923, 0.015), (-0.0176250428089, 0.0492242545183, 0.015), (-0.0173351256037, 0.0491504325269, 0.015), (-0.017041889066, 0.0490911534819, 0.015), (-0.0167460622279, 0.0490465647604, 0.015), (-0.0164483805615, 0.0490167772169, 0.015), (-0.0161495841504, 0.049001864908, 0.015), (-0.0158504158496, 0.049001864908, 0.015), (-0.0155516194385, 0.0490167772169, 0.015), (-0.0152539377721, 0.0490465647604, 0.015), (-0.014958110934, 0.0490911534819, 0.015), (-0.0146648743963, 0.0491504325269, 0.015), (-0.0143749571911, 0.0492242545183, 0.015), (-0.0140890800985, 0.049312435923, 0.015), (-0.0138079538538, 0.0494147575081, 0.015), (-0.0135322773812, 0.0495309648861, 0.015), (-0.0132627360559, 0.0496607691471, 0.015), (-0.013, 0.0498038475773, 0.015), (-0.0127447224168, 0.0499598444611, 0.015), (-0.0124975379666, 0.0501283719657, 0.015), (-0.0122590611888, 0.0503090111052, 0.015), (-0.0120298849744, 0.0505013127822, 0.015), (-0.0118105790915, 0.0507047989044, 0.015), (-0.011601688769, 0.0509189635734, 0.015), (-0.0114037333413, 0.0511432743419, 0.015), (-0.0112172049567, 0.051377173538, 0.015), (-0.0110425673541, 0.0516200796516, 0.015), (-0.0108802547102, 0.0518713887797, 0.015), (-0.0107306705598, 0.0521304761283, 0.015), (-0.0105941867926, 0.0523966975653, 0.015), (-0.0104711427288, 0.0526693912224, 0.015), (-0.0103618442753, 0.05294787914, 0.015), (-0.0102665631653, 0.0532314689535, 0.015), (-0.0101855362826, 0.0535194556139, 0.015), (-0.0101189650729, 0.0538111231408, 0.015), (-0.0100670150426, 0.0541057464029, 0.015), (-0.0100298153478, 0.0544025929204, 0.015), (-0.0100074584727, 0.054700924686, 0.015), (-0.01, 0.055, 0.015), (-0.01, 0.055, 0.012), (-0.0100074584727, 0.055299075314, 0.012), (-0.0100298153478, 0.0555974070796, 0.012), (-0.0100670150426, 0.0558942535971, 0.012), (-0.0101189650729, 0.0561888768592, 0.012), (-0.0101855362826, 0.0564805443861, 0.012), (-0.0102665631653, 0.0567685310465, 0.012), (-0.0103618442753, 0.05705212086, 0.012), (-0.0104711427288, 0.0573306087776, 0.012), (-0.0105941867926, 0.0576033024347, 0.012), (-0.0107306705598, 0.0578695238717, 0.012), (-0.0108802547102, 0.0581286112203, 0.012), (-0.0110425673541, 0.0583799203484, 0.012), (-0.0112172049567, 0.058622826462, 0.012), (-0.0114037333413, 0.0588567256581, 0.012), (-0.011601688769, 0.0590810364266, 0.012), (-0.0118105790915, 0.0592952010956, 0.012), (-0.0120298849744, 0.0594986872178, 0.012), (-0.0122590611888, 0.0596909888948, 0.012), (-0.0124975379666, 0.0598716280343, 0.012), (-0.0127447224168, 0.0600401555389, 0.012), (-0.013, 0.0601961524227, 0.012), (-0.0132627360559, 0.0603392308529, 0.012), (-0.0135322773812, 0.0604690351139, 0.012), (-0.0138079538538, 0.0605852424919, 0.012), (-0.0140890800985, 0.060687564077, 0.012), (-0.0143749571911, 0.0607757454817, 0.012), (-0.0146648743963, 0.0608495674731, 0.012), (-0.014958110934, 0.0609088465181, 0.012), (-0.0152539377721, 0.0609534352396, 0.012), (-0.0155516194385, 0.0609832227831, 0.012), (-0.0158504158496, 0.060998135092, 0.012), (-0.0161495841504, 0.060998135092, 0.012), (-0.0164483805615, 0.0609832227831, 0.012), (-0.0167460622279, 0.0609534352396, 0.012), (-0.017041889066, 0.0609088465181, 0.012), (-0.0173351256037, 0.0608495674731, 0.012), (-0.0176250428089, 0.0607757454817, 0.012), (-0.0179109199015, 0.060687564077, 0.012), (-0.0181920461462, 0.0605852424919, 0.012), (-0.0184677226188, 0.0604690351139, 0.012), (-0.0187372639441, 0.0603392308529, 0.012), (-0.019, 0.0601961524227, 0.012), (-0.0192552775832, 0.0600401555389, 0.012), (-0.0195024620334, 0.0598716280343, 0.012), (-0.0197409388112, 0.0596909888948, 0.012), (-0.0199701150256, 0.0594986872178, 0.012), (-0.0201894209085, 0.0592952010956, 0.012), (-0.020398311231, 0.0590810364266, 0.012), (-0.0205962666587, 0.0588567256581, 0.012), (-0.0207827950433, 0.058622826462, 0.012), (-0.0209574326459, 0.0583799203484, 0.012), (-0.0211197452898, 0.0581286112203, 0.012), (-0.0212693294402, 0.0578695238717, 0.012), (-0.0214058132074, 0.0576033024347, 0.012), (-0.0215288572712, 0.0573306087776, 0.012), (-0.0216381557247, 0.05705212086, 0.012), (-0.0217334368347, 0.0567685310465, 0.012), (-0.0218144637174, 0.0564805443861, 0.012), (-0.0218810349271, 0.0561888768592, 0.012), (-0.0219329849574, 0.0558942535971, 0.012), (-0.0219701846522, 0.0555974070796, 0.012), (-0.0219925415273, 0.055299075314, 0.012), (-0.022, 0.055, 0.012), (-0.0219925415273, 0.054700924686, 0.012), (-0.0219701846522, 0.0544025929204, 0.012), (-0.0219329849574, 0.0541057464029, 0.012), (-0.0218810349271, 0.0538111231408, 0.012), (-0.0218144637174, 0.0535194556139, 0.012), (-0.0217334368347, 0.0532314689535, 0.012), (-0.0216381557247, 0.05294787914, 0.012), (-0.0215288572712, 0.0526693912224, 0.012), (-0.0214058132074, 0.0523966975653, 0.012), (-0.0212693294402, 0.0521304761283, 0.012), (-0.0211197452898, 0.0518713887797, 0.012), (-0.0209574326459, 0.0516200796516, 0.012), (-0.0207827950433, 0.051377173538, 0.012), (-0.0205962666587, 0.0511432743419, 0.012), (-0.020398311231, 0.0509189635734, 0.012), (-0.0201894209085, 0.0507047989044, 0.012), (-0.0199701150256, 0.0505013127822, 0.012), (-0.0197409388112, 0.0503090111052, 0.012), (-0.0195024620334, 0.0501283719657, 0.012), (-0.0192552775832, 0.0499598444611, 0.012), (-0.019, 0.0498038475773, 0.012), (-0.0187372639441, 0.0496607691471, 0.012), (-0.0184677226188, 0.0495309648861, 0.012), (-0.0181920461462, 0.0494147575081, 0.012), (-0.0179109199015, 0.049312435923, 0.012), (-0.0176250428089, 0.0492242545183, 0.012), (-0.0173351256037, 0.0491504325269, 0.012), (-0.017041889066, 0.0490911534819, 0.012), (-0.0167460622279, 0.0490465647604, 0.012), (-0.0164483805615, 0.0490167772169, 0.012), (-0.0161495841504, 0.049001864908, 0.012), (-0.0158504158496, 0.049001864908, 0.012), (-0.0155516194385, 0.0490167772169, 0.012), (-0.0152539377721, 0.0490465647604, 0.012), (-0.014958110934, 0.0490911534819, 0.012), (-0.0146648743963, 0.0491504325269, 0.012), (-0.0143749571911, 0.0492242545183, 0.012), (-0.0140890800985, 0.049312435923, 0.012), (-0.0138079538538, 0.0494147575081, 0.012), (-0.0135322773812, 0.0495309648861, 0.012), (-0.0132627360559, 0.0496607691471, 0.012), (-0.013, 0.0498038475773, 0.012), (-0.0127447224168, 0.0499598444611, 0.012), (-0.0124975379666, 0.0501283719657, 0.012), (-0.0122590611888, 0.0503090111052, 0.012), (-0.0120298849744, 0.0505013127822, 0.012), (-0.0118105790915, 0.0507047989044, 0.012), (-0.011601688769, 0.0509189635734, 0.012), (-0.0114037333413, 0.0511432743419, 0.012), (-0.0112172049567, 0.051377173538, 0.012), (-0.0110425673541, 0.0516200796516, 0.012), (-0.0108802547102, 0.0518713887797, 0.012), (-0.0107306705598, 0.0521304761283, 0.012), (-0.0105941867926, 0.0523966975653, 0.012), (-0.0104711427288, 0.0526693912224, 0.012), (-0.0103618442753, 0.05294787914, 0.012), (-0.0102665631653, 0.0532314689535, 0.012), (-0.0101855362826, 0.0535194556139, 0.012), (-0.0101189650729, 0.0538111231408, 0.012), (-0.0100670150426, 0.0541057464029, 0.012), (-0.0100298153478, 0.0544025929204, 0.012), (-0.0100074584727, 0.054700924686, 0.012), (-0.01, 0.055, 0.012), (-0.01, 0.055, 0.015), (-0.0100074584727, 0.055299075314, 0.015), (-0.0100298153478, 0.0555974070796, 0.015), (-0.0100670150426, 0.0558942535971, 0.015), (-0.0101189650729, 0.0561888768592, 0.015), (-0.0101855362826, 0.0564805443861, 0.015), (-0.0102665631653, 0.0567685310465, 0.015), (-0.0103618442753, 0.05705212086, 0.015), (-0.0104711427288, 0.0573306087776, 0.015), (-0.0105941867926, 0.0576033024347, 0.015), (-0.0107306705598, 0.0578695238717, 0.015), (-0.0108802547102, 0.0581286112203, 0.015), (-0.0110425673541, 0.0583799203484, 0.015), (-0.0112172049567, 0.058622826462, 0.015), (-0.0114037333413, 0.0588567256581, 0.015), (-0.011601688769, 0.0590810364266, 0.015), (-0.0118105790915, 0.0592952010956, 0.015), (-0.0120298849744, 0.0594986872178, 0.015), (-0.0122590611888, 0.0596909888948, 0.015), (-0.0124975379666, 0.0598716280343, 0.015), (-0.0127447224168, 0.0600401555389, 0.015), (-0.013, 0.0601961524227, 0.015), (-0.0132627360559, 0.0603392308529, 0.015), (-0.0135322773812, 0.0604690351139, 0.015), (-0.0138079538538, 0.0605852424919, 0.015), (-0.0140890800985, 0.060687564077, 0.015), (-0.0143749571911, 0.0607757454817, 0.015), (-0.0146648743963, 0.0608495674731, 0.015), (-0.014958110934, 0.0609088465181, 0.015), (-0.0152539377721, 0.0609534352396, 0.015), (-0.0155516194385, 0.0609832227831, 0.015), (-0.0158504158496, 0.060998135092, 0.015), (-0.0161495841504, 0.060998135092, 0.015), (-0.0164483805615, 0.0609832227831, 0.015), (-0.0167460622279, 0.0609534352396, 0.015), (-0.017041889066, 0.0609088465181, 0.015), (-0.0173351256037, 0.0608495674731, 0.015), (-0.0176250428089, 0.0607757454817, 0.015), (-0.0179109199015, 0.060687564077, 0.015), (-0.0181920461462, 0.0605852424919, 0.015), (-0.0184677226188, 0.0604690351139, 0.015), (-0.0187372639441, 0.0603392308529, 0.015), (-0.019, 0.0601961524227, 0.015), (-0.0192552775832, 0.0600401555389, 0.015), (-0.0195024620334, 0.0598716280343, 0.015), (-0.0197409388112, 0.0596909888948, 0.015), (-0.0199701150256, 0.0594986872178, 0.015), (-0.0201894209085, 0.0592952010956, 0.015), (-0.020398311231, 0.0590810364266, 0.015), (-0.0205962666587, 0.0588567256581, 0.015), (-0.0207827950433, 0.058622826462, 0.015), (-0.0209574326459, 0.0583799203484, 0.015), (-0.0211197452898, 0.0581286112203, 0.015), (-0.0212693294402, 0.0578695238717, 0.015), (-0.0214058132074, 0.0576033024347, 0.015), (-0.0215288572712, 0.0573306087776, 0.015), (-0.0216381557247, 0.05705212086, 0.015), (-0.0217334368347, 0.0567685310465, 0.015), (-0.0218144637174, 0.0564805443861, 0.015), (-0.0218810349271, 0.0561888768592, 0.015), (-0.0219329849574, 0.0558942535971, 0.015), (-0.0219701846522, 0.0555974070796, 0.015), (-0.0219925415273, 0.055299075314, 0.015), (-0.022, 0.055, 0.015), (-0.0219925415273, 0.054700924686, 0.015), (-0.0219701846522, 0.0544025929204, 0.015), (-0.0219329849574, 0.0541057464029, 0.015), (-0.0218810349271, 0.0538111231408, 0.015), (-0.0218144637174, 0.0535194556139, 0.015), (-0.0217334368347, 0.0532314689535, 0.015), (-0.0216381557247, 0.05294787914, 0.015), (-0.0215288572712, 0.0526693912224, 0.015), (-0.0214058132074, 0.0523966975653, 0.015), (-0.0212693294402, 0.0521304761283, 0.015), (-0.0211197452898, 0.0518713887797, 0.015), (-0.0209574326459, 0.0516200796516, 0.015), (-0.0207827950433, 0.051377173538, 0.015), (-0.0205962666587, 0.0511432743419, 0.015), (-0.020398311231, 0.0509189635734, 0.015), (-0.0201894209085, 0.0507047989044, 0.015), (-0.0199701150256, 0.0505013127822, 0.015), (-0.0197409388112, 0.0503090111052, 0.015), (-0.0195024620334, 0.0501283719657, 0.015), (-0.0192552775832, 0.0499598444611, 0.015), (-0.019, 0.0498038475773, 0.015), (-0.0187372639441, 0.0496607691471, 0.015), (-0.0184677226188, 0.0495309648861, 0.015), (-0.0181920461462, 0.0494147575081, 0.015), (-0.0179109199015, 0.049312435923, 0.015), (-0.0176250428089, 0.0492242545183, 0.015), (-0.0173351256037, 0.0491504325269, 0.015), (-0.017041889066, 0.0490911534819, 0.015), (-0.0167460622279, 0.0490465647604, 0.015), (-0.0164483805615, 0.0490167772169, 0.015), (-0.0161495841504, 0.049001864908, 0.015), (-0.0158504158496, 0.049001864908, 0.015), (-0.0155516194385, 0.0490167772169, 0.015), (-0.0152539377721, 0.0490465647604, 0.015), (-0.014958110934, 0.0490911534819, 0.015), (-0.0146648743963, 0.0491504325269, 0.015), (-0.0143749571911, 0.0492242545183, 0.015), (-0.0140890800985, 0.049312435923, 0.015), (-0.0138079538538, 0.0494147575081, 0.015), (-0.0135322773812, 0.0495309648861, 0.015), (-0.0132627360559, 0.0496607691471, 0.015), (-0.013, 0.0498038475773, 0.015), (-0.0127447224168, 0.0499598444611, 0.015), (-0.0124975379666, 0.0501283719657, 0.015), (-0.0122590611888, 0.0503090111052, 0.015), (-0.0120298849744, 0.0505013127822, 0.015), (-0.0118105790915, 0.0507047989044, 0.015), (-0.011601688769, 0.0509189635734, 0.015), (-0.0114037333413, 0.0511432743419, 0.015), (-0.0112172049567, 0.051377173538, 0.015), (-0.0110425673541, 0.0516200796516, 0.015), (-0.0108802547102, 0.0518713887797, 0.015), (-0.0107306705598, 0.0521304761283, 0.015), (-0.0105941867926, 0.0523966975653, 0.015), (-0.0104711427288, 0.0526693912224, 0.015), (-0.0103618442753, 0.05294787914, 0.015), (-0.0102665631653, 0.0532314689535, 0.015), (-0.0101855362826, 0.0535194556139, 0.015), (-0.0101189650729, 0.0538111231408, 0.015), (-0.0100670150426, 0.0541057464029, 0.015), (-0.0100298153478, 0.0544025929204, 0.015), (-0.0100074584727, 0.054700924686, 0.015), (-0.01, 0.055, 0.012), (-0.0100074584727, 0.055299075314, 0.012), (-0.0100298153478, 0.0555974070796, 0.012), (-0.0100670150426, 0.0558942535971, 0.012), (-0.0101189650729, 0.0561888768592, 0.012), (-0.0101855362826, 0.0564805443861, 0.012), (-0.0102665631653, 0.0567685310465, 0.012), (-0.0103618442753, 0.05705212086, 0.012), (-0.0104711427288, 0.0573306087776, 0.012), (-0.0105941867926, 0.0576033024347, 0.012), (-0.0107306705598, 0.0578695238717, 0.012), (-0.0108802547102, 0.0581286112203, 0.012), (-0.0110425673541, 0.0583799203484, 0.012), (-0.0112172049567, 0.058622826462, 0.012), (-0.0114037333413, 0.0588567256581, 0.012), (-0.011601688769, 0.0590810364266, 0.012), (-0.0118105790915, 0.0592952010956, 0.012), (-0.0120298849744, 0.0594986872178, 0.012), (-0.0122590611888, 0.0596909888948, 0.012), (-0.0124975379666, 0.0598716280343, 0.012), (-0.0127447224168, 0.0600401555389, 0.012), (-0.013, 0.0601961524227, 0.012), (-0.0132627360559, 0.0603392308529, 0.012), (-0.0135322773812, 0.0604690351139, 0.012), (-0.0138079538538, 0.0605852424919, 0.012), (-0.0140890800985, 0.060687564077, 0.012), (-0.0143749571911, 0.0607757454817, 0.012), (-0.0146648743963, 0.0608495674731, 0.012), (-0.014958110934, 0.0609088465181, 0.012), (-0.0152539377721, 0.0609534352396, 0.012), (-0.0155516194385, 0.0609832227831, 0.012), (-0.0158504158496, 0.060998135092, 0.012), (-0.0161495841504, 0.060998135092, 0.012), (-0.0164483805615, 0.0609832227831, 0.012), (-0.0167460622279, 0.0609534352396, 0.012), (-0.017041889066, 0.0609088465181, 0.012), (-0.0173351256037, 0.0608495674731, 0.012), (-0.0176250428089, 0.0607757454817, 0.012), (-0.0179109199015, 0.060687564077, 0.012), (-0.0181920461462, 0.0605852424919, 0.012), (-0.0184677226188, 0.0604690351139, 0.012), (-0.0187372639441, 0.0603392308529, 0.012), (-0.019, 0.0601961524227, 0.012), (-0.0192552775832, 0.0600401555389, 0.012), (-0.0195024620334, 0.0598716280343, 0.012), (-0.0197409388112, 0.0596909888948, 0.012), (-0.0199701150256, 0.0594986872178, 0.012), (-0.0201894209085, 0.0592952010956, 0.012), (-0.020398311231, 0.0590810364266, 0.012), (-0.0205962666587, 0.0588567256581, 0.012), (-0.0207827950433, 0.058622826462, 0.012), (-0.0209574326459, 0.0583799203484, 0.012), (-0.0211197452898, 0.0581286112203, 0.012), (-0.0212693294402, 0.0578695238717, 0.012), (-0.0214058132074, 0.0576033024347, 0.012), (-0.0215288572712, 0.0573306087776, 0.012), (-0.0216381557247, 0.05705212086, 0.012), (-0.0217334368347, 0.0567685310465, 0.012), (-0.0218144637174, 0.0564805443861, 0.012), (-0.0218810349271, 0.0561888768592, 0.012), (-0.0219329849574, 0.0558942535971, 0.012), (-0.0219701846522, 0.0555974070796, 0.012), (-0.0219925415273, 0.055299075314, 0.012), (-0.022, 0.055, 0.012), (-0.0219925415273, 0.054700924686, 0.012), (-0.0219701846522, 0.0544025929204, 0.012), (-0.0219329849574, 0.0541057464029, 0.012), (-0.0218810349271, 0.0538111231408, 0.012), (-0.0218144637174, 0.0535194556139, 0.012), (-0.0217334368347, 0.0532314689535, 0.012), (-0.0216381557247, 0.05294787914, 0.012), (-0.0215288572712, 0.0526693912224, 0.012), (-0.0214058132074, 0.0523966975653, 0.012), (-0.0212693294402, 0.0521304761283, 0.012), (-0.0211197452898, 0.0518713887797, 0.012), (-0.0209574326459, 0.0516200796516, 0.012), (-0.0207827950433, 0.051377173538, 0.012), (-0.0205962666587, 0.0511432743419, 0.012), (-0.020398311231, 0.0509189635734, 0.012), (-0.0201894209085, 0.0507047989044, 0.012), (-0.0199701150256, 0.0505013127822, 0.012), (-0.0197409388112, 0.0503090111052, 0.012), (-0.0195024620334, 0.0501283719657, 0.012), (-0.0192552775832, 0.0499598444611, 0.012), (-0.019, 0.0498038475773, 0.012), (-0.0187372639441, 0.0496607691471, 0.012), (-0.0184677226188, 0.0495309648861, 0.012), (-0.0181920461462, 0.0494147575081, 0.012), (-0.0179109199015, 0.049312435923, 0.012), (-0.0176250428089, 0.0492242545183, 0.012), (-0.0173351256037, 0.0491504325269, 0.012), (-0.017041889066, 0.0490911534819, 0.012), (-0.0167460622279, 0.0490465647604, 0.012), (-0.0164483805615, 0.0490167772169, 0.012), (-0.0161495841504, 0.049001864908, 0.012), (-0.0158504158496, 0.049001864908, 0.012), (-0.0155516194385, 0.0490167772169, 0.012), (-0.0152539377721, 0.0490465647604, 0.012), (-0.014958110934, 0.0490911534819, 0.012), (-0.0146648743963, 0.0491504325269, 0.012), (-0.0143749571911, 0.0492242545183, 0.012), (-0.0140890800985, 0.049312435923, 0.012), (-0.0138079538538, 0.0494147575081, 0.012), (-0.0135322773812, 0.0495309648861, 0.012), (-0.0132627360559, 0.0496607691471, 0.012), (-0.013, 0.0498038475773, 0.012), (-0.0127447224168, 0.0499598444611, 0.012), (-0.0124975379666, 0.0501283719657, 0.012), (-0.0122590611888, 0.0503090111052, 0.012), (-0.0120298849744, 0.0505013127822, 0.012), (-0.0118105790915, 0.0507047989044, 0.012), (-0.011601688769, 0.0509189635734, 0.012), (-0.0114037333413, 0.0511432743419, 0.012), (-0.0112172049567, 0.051377173538, 0.012), (-0.0110425673541, 0.0516200796516, 0.012), (-0.0108802547102, 0.0518713887797, 0.012), (-0.0107306705598, 0.0521304761283, 0.012), (-0.0105941867926, 0.0523966975653, 0.012), (-0.0104711427288, 0.0526693912224, 0.012), (-0.0103618442753, 0.05294787914, 0.012), (-0.0102665631653, 0.0532314689535, 0.012), (-0.0101855362826, 0.0535194556139, 0.012), (-0.0101189650729, 0.0538111231408, 0.012), (-0.0100670150426, 0.0541057464029, 0.012), (-0.0100298153478, 0.0544025929204, 0.012), (-0.0100074584727, 0.054700924686, 0.012)]
            int[] faceVertexCounts = [3, 3, 3, 3, 3, 3, 3, 3, 3, 3, 3, 3, 3, 3, 3, 3, 3, 3, 3, 3, 3, 3, 3, 3, 3, 3, 3, 3, 3, 3, 3, 3, 3, 3, 3, 3, 3, 3, 3, 3, 3, 3, 3, 3, 3, 3, 3, 3, 3, 3, 3, 3, 3, 3, 3, 3, 3, 3, 3, 3, 3, 3, 3, 3, 3, 3, 3, 3, 3, 3, 3, 3, 3, 3, 3, 3, 3, 3, 3, 3, 3, 3, 3, 3, 3, 3, 3, 3, 3, 3, 3, 3, 3, 3, 3, 3, 3, 3, 3, 3, 3, 3, 3, 3, 3, 3, 3, 3, 3, 3, 3, 3, 3, 3, 3, 3, 3, 3, 3, 3, 3, 3, 3, 3, 3, 3, 3, 3, 3, 3, 3, 3, 3, 3, 3, 3, 3, 3, 3, 3, 3, 3, 3, 3, 3, 3, 3, 3, 3, 3, 3, 3, 3, 3, 3, 3, 3, 3, 3, 3, 3, 3, 3, 3, 3, 3, 3, 3, 3, 3, 3, 3, 3, 3, 3, 3, 3, 3, 3, 3, 3, 3, 3, 3, 3, 3, 3, 3, 3, 3, 3, 3, 3, 3, 3, 3, 3, 3, 3, 3, 3, 3, 3, 3, 3, 3, 3, 3, 3, 3, 3, 3, 3, 3, 3, 3, 3, 3, 3, 3, 3, 3, 3, 3, 3, 3, 3, 3, 3, 3, 3, 3, 3, 3, 3, 3, 3, 3, 3, 3, 3, 3, 3, 3, 3, 3, 3, 3, 3, 3, 3, 3, 3, 3, 3, 3, 3, 3, 3, 3, 3, 3, 3, 3, 3, 3, 3, 3, 3, 3, 3, 3, 3, 3, 3, 3, 3, 3, 3, 3, 3, 3, 3, 3, 3, 3, 3, 3, 3, 3, 3, 3, 3, 3, 3, 3, 3, 3, 3, 3, 3, 3, 3, 3, 3, 3, 3, 3, 3, 3, 3, 3, 3, 3, 3, 3, 3, 3, 3, 3, 3, 3, 3, 3, 3, 3, 3, 3, 3, 3, 3, 3, 3, 3, 3, 3, 3, 3, 3, 3, 3, 3, 3, 3, 3, 3, 3, 3, 3, 3, 3, 3, 3, 3, 3, 3, 3, 3, 3, 3, 3, 3, 3, 3, 3, 3, 3, 3, 3, 3, 3, 3, 3, 3, 3, 3, 3, 3, 3, 3, 3, 3, 3, 3, 3, 3, 3, 3, 3, 3, 3, 3, 3, 3, 3, 3, 3, 3, 3, 3, 3, 3, 3, 3, 3, 3, 3, 3, 3, 3, 3, 3, 3, 3, 3, 3, 3, 3, 3, 3, 3, 3, 3, 3, 3, 3, 3, 3, 3, 3, 3, 3, 3, 3, 3, 3, 3, 3, 3, 3, 3, 3, 3, 3, 3, 3, 3, 3, 3, 3, 3, 3, 3, 3, 3, 3, 3, 3, 3, 3, 3, 3, 3, 3, 3, 3, 3, 3, 3, 3, 3, 3, 3, 3, 3, 3, 3, 3, 3, 3, 3, 3, 3, 3, 3, 3, 3, 3, 3, 3, 3, 3, 3, 3, 3, 3, 3, 3, 3, 3]
            int[] faceVertexIndices = [1, 0, 127, 1, 127, 128, 2, 128, 129, 2, 129, 130, 2, 1, 128, 3, 2, 130, 4, 130, 131, 4, 131, 132, 4, 3, 130, 5, 132, 133, 5, 4, 132, 6, 5, 133, 7, 133, 134, 7, 6, 133, 8, 134, 135, 8, 135, 136, 8, 7, 134, 9, 8, 136, 10, 136, 137, 10, 9, 136, 11, 10, 137, 11, 137, 138, 12, 11, 138, 12, 138, 139, 13, 12, 139, 13, 139, 140, 14, 13, 140, 14, 140, 141, 15, 14, 141, 15, 141, 142, 16, 15, 142, 16, 142, 143, 17, 16, 143, 17, 143, 144, 18, 17, 144, 18, 144, 145, 19, 18, 145, 19, 145, 146, 20, 19, 146, 20, 146, 147, 20, 147, 148, 21, 20, 148, 22, 21, 148, 22, 148, 149, 22, 149, 150, 23, 22, 150, 24, 150, 151, 24, 151, 152, 24, 23, 150, 25, 24, 152, 26, 152, 153, 26, 25, 152, 27, 153, 154, 27, 154, 155, 27, 26, 153, 28, 155, 156, 28, 27, 155, 29, 28, 156, 30, 156, 157, 30, 157, 158, 30, 29, 156, 31, 30, 158, 32, 158, 159, 32, 159, 160, 32, 31, 158, 33, 32, 160, 34, 160, 161, 34, 161, 162, 34, 33, 160, 35, 34, 162, 36, 35, 162, 36, 162, 163, 37, 36, 163, 37, 163, 164, 38, 37, 164, 38, 164, 165, 39, 38, 165, 39, 165, 166, 40, 39, 166, 40, 166, 167, 40, 167, 168, 41, 40, 168, 42, 41, 168, 42, 168, 169, 43, 42, 169, 43, 169, 170, 44, 43, 170, 44, 170, 171, 45, 44, 171, 45, 171, 172, 46, 45, 172, 46, 172, 173, 47, 46, 173, 47, 173, 174, 48, 47, 174, 48, 174, 175, 49, 48, 175, 49, 175, 176, 50, 49, 176, 50, 176, 177, 51, 50, 177, 51, 177, 178, 52, 51, 178, 52, 178, 179, 53, 52, 179, 53, 179, 180, 54, 53, 180, 54, 180, 181, 55, 54, 181, 55, 181, 182, 56, 55, 182, 56, 182, 183, 57, 56, 183, 57, 183, 184, 58, 184, 185, 58, 57, 184, 59, 185, 186, 59, 58, 185, 60, 186, 187, 60, 59, 186, 61, 187, 188, 61, 60, 187, 62, 61, 188, 62, 188, 189, 63, 62, 189, 63, 189, 190, 64, 63, 190, 64, 190, 191, 65, 64, 191, 65, 191, 192, 66, 65, 192, 66, 192, 193, 67, 66, 193, 67, 193, 194, 68, 67, 194, 68, 194, 195, 69, 68, 195, 69, 195, 196, 70, 69, 196, 70, 196, 197, 71, 70, 197, 71, 197, 198, 72, 71, 198, 72, 198, 199, 73, 72, 199, 73, 199, 200, 74, 73, 200, 74, 200, 201, 75, 201, 202, 75, 74, 201, 76, 202, 203, 76, 75, 202, 77, 203, 204, 77, 76, 203, 78, 204, 205, 78, 77, 204, 79, 205, 206, 79, 78, 205, 80, 206, 207, 80, 79, 206, 81, 207, 208, 81, 80, 207, 82, 208, 209, 82, 81, 208, 83, 209, 210, 83, 82, 209, 84, 210, 211, 84, 83, 210, 85, 211, 212, 85, 84, 211, 86, 212, 213, 86, 85, 212, 87, 213, 214, 87, 86, 213, 88, 87, 214, 88, 214, 215, 89, 88, 215, 89, 215, 216, 90, 89, 216, 90, 216, 217, 91, 90, 217, 91, 217, 218, 92, 218, 219, 92, 91, 218, 93, 219, 220, 93, 220, 221, 93, 92, 219, 94, 93, 221, 95, 221, 222, 95, 94, 221, 96, 222, 223, 96, 95, 222, 97, 223, 224, 97, 96, 223, 98, 224, 225, 98, 97, 224, 99, 225, 226, 99, 226, 227, 99, 98, 225, 100, 99, 227, 101, 227, 228, 101, 100, 227, 102, 228, 229, 102, 101, 228, 103, 229, 230, 103, 230, 231, 103, 102, 229, 104, 103, 231, 105, 231, 232, 105, 104, 231, 106, 232, 233, 106, 105, 232, 107, 233, 234, 107, 234, 235, 107, 106, 233, 108, 107, 235, 109, 235, 236, 109, 236, 237, 109, 108, 235, 110, 109, 237, 111, 237, 238, 111, 110, 237, 112, 111, 238, 112, 238, 239, 113, 112, 239, 113, 239, 240, 114, 113, 240, 114, 240, 241, 115, 114, 241, 115, 241, 242, 116, 115, 242, 116, 242, 243, 117, 116, 243, 117, 243, 244, 118, 117, 244, 118, 244, 245, 119, 118, 245, 119, 245, 246, 120, 119, 246, 120, 246, 247, 121, 120, 247, 121, 247, 248, 122, 121, 248, 122, 248, 249, 123, 122, 249, 123, 249, 250, 124, 250, 251, 124, 123, 250, 125, 124, 251, 125, 251, 252, 126, 252, 253, 126, 125, 252, 336, 332, 333, 336, 333, 334, 336, 334, 335, 329, 330, 331, 338, 336, 337, 327, 329, 331, 327, 328, 329, 327, 331, 332, 339, 336, 338, 342, 336, 339, 342, 339, 340, 342, 340, 341, 322, 323, 324, 322, 324, 325, 345, 343, 344, 320, 321, 322, 346, 343, 345, 346, 342, 343, 347, 342, 346, 349, 347, 348, 315, 327, 332, 315, 316, 317, 315, 317, 318, 315, 318, 319, 315, 319, 320, 315, 322, 325, 315, 325, 326, 315, 326, 327, 315, 320, 322, 353, 350, 351, 353, 351, 352, 354, 350, 353, 311, 312, 313, 311, 313, 314, 311, 314, 315, 355, 350, 354, 355, 349, 350, 357, 355, 356, 357, 349, 355, 357, 347, 349, 308, 309, 310, 308, 310, 311, 307, 308, 311, 359, 357, 358, 359, 347, 357, 305, 306, 307, 362, 359, 360, 362, 360, 361, 362, 347, 359, 364, 362, 363, 364, 347, 362, 364, 336, 342, 364, 342, 347, 300, 301, 302, 300, 302, 303, 300, 303, 304, 300, 304, 305, 366, 364, 365, 367, 336, 364, 367, 364, 366, 298, 299, 300, 298, 300, 305, 369, 367, 368, 370, 367, 369, 295, 296, 297, 294, 297, 298, 294, 295, 297, 292, 293, 294, 374, 370, 371, 374, 371, 372, 374, 372, 373, 374, 332, 336, 374, 336, 367, 374, 315, 332, 374, 367, 370, 291, 298, 305, 291, 294, 298, 291, 292, 294, 376, 374, 375, 289, 290, 291, 289, 291, 305, 287, 288, 289, 254, 378, 379, 255, 376, 377, 255, 377, 378, 255, 378, 254, 284, 287, 289, 284, 285, 286, 284, 286, 287, 256, 376, 255, 256, 374, 376, 258, 256, 257, 281, 282, 283, 281, 283, 284, 259, 256, 258, 260, 256, 259, 279, 280, 281, 261, 256, 260, 278, 279, 281, 263, 261, 262, 263, 256, 261, 276, 277, 278, 276, 278, 281, 275, 281, 284, 275, 276, 281, 267, 263, 264, 267, 264, 265, 267, 284, 289, 267, 265, 266, 267, 311, 315, 267, 307, 311, 267, 374, 256, 267, 305, 307, 267, 256, 263, 267, 315, 374, 267, 289, 305, 271, 272, 273, 270, 267, 268, 270, 268, 269, 270, 273, 274, 270, 274, 275, 270, 275, 284, 270, 284, 267, 270, 271, 273, 462, 459, 458, 462, 460, 459, 462, 461, 460, 455, 457, 456, 464, 463, 462, 453, 457, 455, 453, 455, 454, 453, 458, 457, 465, 464, 462, 468, 465, 462, 468, 466, 465, 468, 467, 466, 448, 450, 449, 448, 451, 450, 471, 470, 469, 446, 448, 447, 472, 471, 469, 472, 469, 468, 473, 472, 468, 475, 474, 473, 441, 458, 453, 441, 443, 442, 441, 444, 443, 441, 445, 444, 441, 446, 445, 441, 451, 448, 441, 452, 451, 441, 453, 452, 441, 448, 446, 479, 477, 476, 479, 478, 477, 480, 479, 476, 437, 439, 438, 437, 440, 439, 437, 441, 440, 481, 480, 476, 481, 476, 475, 483, 482, 481, 483, 481, 475, 483, 475, 473, 434, 436, 435, 434, 437, 436, 433, 437, 434, 485, 484, 483, 485, 483, 473, 431, 433, 432, 488, 486, 485, 488, 487, 486, 488, 485, 473, 490, 489, 488, 490, 488, 473, 490, 468, 462, 490, 473, 468, 426, 428, 427, 426, 429, 428, 426, 430, 429, 426, 431, 430, 492, 491, 490, 493, 490, 462, 493, 492, 490, 424, 426, 425, 424, 431, 426, 495, 494, 493, 496, 495, 493, 421, 423, 422, 420, 424, 423, 420, 423, 421, 418, 420, 419, 500, 497, 496, 500, 498, 497, 500, 499, 498, 500, 462, 458, 500, 493, 462, 500, 458, 441, 500, 496, 493, 417, 431, 424, 417, 424, 420, 417, 420, 418, 502, 501, 500, 415, 417, 416, 415, 431, 417, 413, 415, 414, 380, 505, 504, 381, 503, 502, 381, 504, 503, 381, 380, 504, 410, 415, 413, 410, 412, 411, 410, 413, 412, 382, 381, 502, 382, 502, 500, 384, 383, 382, 407, 409, 408, 407, 410, 409, 385, 384, 382, 386, 385, 382, 405, 407, 406, 387, 386, 382, 404, 407, 405, 389, 388, 387, 389, 387, 382, 402, 404, 403, 402, 407, 404, 401, 410, 407, 401, 407, 402, 393, 390, 389, 393, 391, 390, 393, 415, 410, 393, 392, 391, 393, 441, 437, 393, 437, 433, 393, 382, 500, 393, 433, 431, 393, 389, 382, 393, 500, 441, 393, 431, 415, 397, 399, 398, 396, 394, 393, 396, 395, 394, 396, 400, 399, 396, 401, 400, 396, 410, 401, 396, 393, 410, 396, 399, 397]
            uniform token subdivisionScheme = "none"
            uniform bool doubleSided = true
            color3f[] primvars:displayColor = [(0.24, 0.28, 0.33)]
            custom string simulationStatus = "unmeasured_occlusion_proxy"
        }
        def Mesh "C4_barrel"
        {
            point3f[] points = [(-0.022, 0.055, -0.015), (-0.0219925415273, 0.055299075314, -0.015), (-0.0219701846522, 0.0555974070796, -0.015), (-0.0219329849574, 0.0558942535971, -0.015), (-0.0218810349271, 0.0561888768592, -0.015), (-0.0218144637174, 0.0564805443861, -0.015), (-0.0217334368347, 0.0567685310465, -0.015), (-0.0216381557247, 0.05705212086, -0.015), (-0.0215288572712, 0.0573306087776, -0.015), (-0.0214058132074, 0.0576033024347, -0.015), (-0.0212693294402, 0.0578695238717, -0.015), (-0.0211197452898, 0.0581286112203, -0.015), (-0.0209574326459, 0.0583799203484, -0.015), (-0.0207827950433, 0.058622826462, -0.015), (-0.0205962666587, 0.0588567256581, -0.015), (-0.020398311231, 0.0590810364266, -0.015), (-0.0201894209085, 0.0592952010956, -0.015), (-0.0199701150256, 0.0594986872178, -0.015), (-0.0197409388112, 0.0596909888948, -0.015), (-0.0195024620334, 0.0598716280343, -0.015), (-0.0192552775832, 0.0600401555389, -0.015), (-0.019, 0.0601961524227, -0.015), (-0.0187372639441, 0.0603392308529, -0.015), (-0.0184677226188, 0.0604690351139, -0.015), (-0.0181920461462, 0.0605852424919, -0.015), (-0.0179109199015, 0.060687564077, -0.015), (-0.0176250428089, 0.0607757454817, -0.015), (-0.0173351256037, 0.0608495674731, -0.015), (-0.017041889066, 0.0609088465181, -0.015), (-0.0167460622279, 0.0609534352396, -0.015), (-0.0164483805615, 0.0609832227831, -0.015), (-0.0161495841504, 0.060998135092, -0.015), (-0.0158504158496, 0.060998135092, -0.015), (-0.0155516194385, 0.0609832227831, -0.015), (-0.0152539377721, 0.0609534352396, -0.015), (-0.014958110934, 0.0609088465181, -0.015), (-0.0146648743963, 0.0608495674731, -0.015), (-0.0143749571911, 0.0607757454817, -0.015), (-0.0140890800985, 0.060687564077, -0.015), (-0.0138079538538, 0.0605852424919, -0.015), (-0.0135322773812, 0.0604690351139, -0.015), (-0.0132627360559, 0.0603392308529, -0.015), (-0.013, 0.0601961524227, -0.015), (-0.0127447224168, 0.0600401555389, -0.015), (-0.0124975379666, 0.0598716280343, -0.015), (-0.0122590611888, 0.0596909888948, -0.015), (-0.0120298849744, 0.0594986872178, -0.015), (-0.0118105790915, 0.0592952010956, -0.015), (-0.011601688769, 0.0590810364266, -0.015), (-0.0114037333413, 0.0588567256581, -0.015), (-0.0112172049567, 0.058622826462, -0.015), (-0.0110425673541, 0.0583799203484, -0.015), (-0.0108802547102, 0.0581286112203, -0.015), (-0.0107306705598, 0.0578695238717, -0.015), (-0.0105941867926, 0.0576033024347, -0.015), (-0.0104711427288, 0.0573306087776, -0.015), (-0.0103618442753, 0.05705212086, -0.015), (-0.0102665631653, 0.0567685310465, -0.015), (-0.0101855362826, 0.0564805443861, -0.015), (-0.0101189650729, 0.0561888768592, -0.015), (-0.0100670150426, 0.0558942535971, -0.015), (-0.0100298153478, 0.0555974070796, -0.015), (-0.0100074584727, 0.055299075314, -0.015), (-0.01, 0.055, -0.015), (-0.0100074584727, 0.054700924686, -0.015), (-0.0100298153478, 0.0544025929204, -0.015), (-0.0100670150426, 0.0541057464029, -0.015), (-0.0101189650729, 0.0538111231408, -0.015), (-0.0101855362826, 0.0535194556139, -0.015), (-0.0102665631653, 0.0532314689535, -0.015), (-0.0103618442753, 0.05294787914, -0.015), (-0.0104711427288, 0.0526693912224, -0.015), (-0.0105941867926, 0.0523966975653, -0.015), (-0.0107306705598, 0.0521304761283, -0.015), (-0.0108802547102, 0.0518713887797, -0.015), (-0.0110425673541, 0.0516200796516, -0.015), (-0.0112172049567, 0.051377173538, -0.015), (-0.0114037333413, 0.0511432743419, -0.015), (-0.011601688769, 0.0509189635734, -0.015), (-0.0118105790915, 0.0507047989044, -0.015), (-0.0120298849744, 0.0505013127822, -0.015), (-0.0122590611888, 0.0503090111052, -0.015), (-0.0124975379666, 0.0501283719657, -0.015), (-0.0127447224168, 0.0499598444611, -0.015), (-0.013, 0.0498038475773, -0.015), (-0.0132627360559, 0.0496607691471, -0.015), (-0.0135322773812, 0.0495309648861, -0.015), (-0.0138079538538, 0.0494147575081, -0.015), (-0.0140890800985, 0.049312435923, -0.015), (-0.0143749571911, 0.0492242545183, -0.015), (-0.0146648743963, 0.0491504325269, -0.015), (-0.014958110934, 0.0490911534819, -0.015), (-0.0152539377721, 0.0490465647604, -0.015), (-0.0155516194385, 0.0490167772169, -0.015), (-0.0158504158496, 0.049001864908, -0.015), (-0.0161495841504, 0.049001864908, -0.015), (-0.0164483805615, 0.0490167772169, -0.015), (-0.0167460622279, 0.0490465647604, -0.015), (-0.017041889066, 0.0490911534819, -0.015), (-0.0173351256037, 0.0491504325269, -0.015), (-0.0176250428089, 0.0492242545183, -0.015), (-0.0179109199015, 0.049312435923, -0.015), (-0.0181920461462, 0.0494147575081, -0.015), (-0.0184677226188, 0.0495309648861, -0.015), (-0.0187372639441, 0.0496607691471, -0.015), (-0.019, 0.0498038475773, -0.015), (-0.0192552775832, 0.0499598444611, -0.015), (-0.0195024620334, 0.0501283719657, -0.015), (-0.0197409388112, 0.0503090111052, -0.015), (-0.0199701150256, 0.0505013127822, -0.015), (-0.0201894209085, 0.0507047989044, -0.015), (-0.020398311231, 0.0509189635734, -0.015), (-0.0205962666587, 0.0511432743419, -0.015), (-0.0207827950433, 0.051377173538, -0.015), (-0.0209574326459, 0.0516200796516, -0.015), (-0.0211197452898, 0.0518713887797, -0.015), (-0.0212693294402, 0.0521304761283, -0.015), (-0.0214058132074, 0.0523966975653, -0.015), (-0.0215288572712, 0.0526693912224, -0.015), (-0.0216381557247, 0.05294787914, -0.015), (-0.0217334368347, 0.0532314689535, -0.015), (-0.0218144637174, 0.0535194556139, -0.015), (-0.0218810349271, 0.0538111231408, -0.015), (-0.0219329849574, 0.0541057464029, -0.015), (-0.0219701846522, 0.0544025929204, -0.015), (-0.0219925415273, 0.054700924686, -0.015), (-0.022, 0.055, -0.015), (-0.022, 0.055, -0.012), (-0.0219925415273, 0.055299075314, -0.012), (-0.0219701846522, 0.0555974070796, -0.012), (-0.0219329849574, 0.0558942535971, -0.012), (-0.0218810349271, 0.0561888768592, -0.012), (-0.0218144637174, 0.0564805443861, -0.012), (-0.0217334368347, 0.0567685310465, -0.012), (-0.0216381557247, 0.05705212086, -0.012), (-0.0215288572712, 0.0573306087776, -0.012), (-0.0214058132074, 0.0576033024347, -0.012), (-0.0212693294402, 0.0578695238717, -0.012), (-0.0211197452898, 0.0581286112203, -0.012), (-0.0209574326459, 0.0583799203484, -0.012), (-0.0207827950433, 0.058622826462, -0.012), (-0.0205962666587, 0.0588567256581, -0.012), (-0.020398311231, 0.0590810364266, -0.012), (-0.0201894209085, 0.0592952010956, -0.012), (-0.0199701150256, 0.0594986872178, -0.012), (-0.0197409388112, 0.0596909888948, -0.012), (-0.0195024620334, 0.0598716280343, -0.012), (-0.0192552775832, 0.0600401555389, -0.012), (-0.019, 0.0601961524227, -0.012), (-0.0187372639441, 0.0603392308529, -0.012), (-0.0184677226188, 0.0604690351139, -0.012), (-0.0181920461462, 0.0605852424919, -0.012), (-0.0179109199015, 0.060687564077, -0.012), (-0.0176250428089, 0.0607757454817, -0.012), (-0.0173351256037, 0.0608495674731, -0.012), (-0.017041889066, 0.0609088465181, -0.012), (-0.0167460622279, 0.0609534352396, -0.012), (-0.0164483805615, 0.0609832227831, -0.012), (-0.0161495841504, 0.060998135092, -0.012), (-0.0158504158496, 0.060998135092, -0.012), (-0.0155516194385, 0.0609832227831, -0.012), (-0.0152539377721, 0.0609534352396, -0.012), (-0.014958110934, 0.0609088465181, -0.012), (-0.0146648743963, 0.0608495674731, -0.012), (-0.0143749571911, 0.0607757454817, -0.012), (-0.0140890800985, 0.060687564077, -0.012), (-0.0138079538538, 0.0605852424919, -0.012), (-0.0135322773812, 0.0604690351139, -0.012), (-0.0132627360559, 0.0603392308529, -0.012), (-0.013, 0.0601961524227, -0.012), (-0.0127447224168, 0.0600401555389, -0.012), (-0.0124975379666, 0.0598716280343, -0.012), (-0.0122590611888, 0.0596909888948, -0.012), (-0.0120298849744, 0.0594986872178, -0.012), (-0.0118105790915, 0.0592952010956, -0.012), (-0.011601688769, 0.0590810364266, -0.012), (-0.0114037333413, 0.0588567256581, -0.012), (-0.0112172049567, 0.058622826462, -0.012), (-0.0110425673541, 0.0583799203484, -0.012), (-0.0108802547102, 0.0581286112203, -0.012), (-0.0107306705598, 0.0578695238717, -0.012), (-0.0105941867926, 0.0576033024347, -0.012), (-0.0104711427288, 0.0573306087776, -0.012), (-0.0103618442753, 0.05705212086, -0.012), (-0.0102665631653, 0.0567685310465, -0.012), (-0.0101855362826, 0.0564805443861, -0.012), (-0.0101189650729, 0.0561888768592, -0.012), (-0.0100670150426, 0.0558942535971, -0.012), (-0.0100298153478, 0.0555974070796, -0.012), (-0.0100074584727, 0.055299075314, -0.012), (-0.01, 0.055, -0.012), (-0.0100074584727, 0.054700924686, -0.012), (-0.0100298153478, 0.0544025929204, -0.012), (-0.0100670150426, 0.0541057464029, -0.012), (-0.0101189650729, 0.0538111231408, -0.012), (-0.0101855362826, 0.0535194556139, -0.012), (-0.0102665631653, 0.0532314689535, -0.012), (-0.0103618442753, 0.05294787914, -0.012), (-0.0104711427288, 0.0526693912224, -0.012), (-0.0105941867926, 0.0523966975653, -0.012), (-0.0107306705598, 0.0521304761283, -0.012), (-0.0108802547102, 0.0518713887797, -0.012), (-0.0110425673541, 0.0516200796516, -0.012), (-0.0112172049567, 0.051377173538, -0.012), (-0.0114037333413, 0.0511432743419, -0.012), (-0.011601688769, 0.0509189635734, -0.012), (-0.0118105790915, 0.0507047989044, -0.012), (-0.0120298849744, 0.0505013127822, -0.012), (-0.0122590611888, 0.0503090111052, -0.012), (-0.0124975379666, 0.0501283719657, -0.012), (-0.0127447224168, 0.0499598444611, -0.012), (-0.013, 0.0498038475773, -0.012), (-0.0132627360559, 0.0496607691471, -0.012), (-0.0135322773812, 0.0495309648861, -0.012), (-0.0138079538538, 0.0494147575081, -0.012), (-0.0140890800985, 0.049312435923, -0.012), (-0.0143749571911, 0.0492242545183, -0.012), (-0.0146648743963, 0.0491504325269, -0.012), (-0.014958110934, 0.0490911534819, -0.012), (-0.0152539377721, 0.0490465647604, -0.012), (-0.0155516194385, 0.0490167772169, -0.012), (-0.0158504158496, 0.049001864908, -0.012), (-0.0161495841504, 0.049001864908, -0.012), (-0.0164483805615, 0.0490167772169, -0.012), (-0.0167460622279, 0.0490465647604, -0.012), (-0.017041889066, 0.0490911534819, -0.012), (-0.0173351256037, 0.0491504325269, -0.012), (-0.0176250428089, 0.0492242545183, -0.012), (-0.0179109199015, 0.049312435923, -0.012), (-0.0181920461462, 0.0494147575081, -0.012), (-0.0184677226188, 0.0495309648861, -0.012), (-0.0187372639441, 0.0496607691471, -0.012), (-0.019, 0.0498038475773, -0.012), (-0.0192552775832, 0.0499598444611, -0.012), (-0.0195024620334, 0.0501283719657, -0.012), (-0.0197409388112, 0.0503090111052, -0.012), (-0.0199701150256, 0.0505013127822, -0.012), (-0.0201894209085, 0.0507047989044, -0.012), (-0.020398311231, 0.0509189635734, -0.012), (-0.0205962666587, 0.0511432743419, -0.012), (-0.0207827950433, 0.051377173538, -0.012), (-0.0209574326459, 0.0516200796516, -0.012), (-0.0211197452898, 0.0518713887797, -0.012), (-0.0212693294402, 0.0521304761283, -0.012), (-0.0214058132074, 0.0523966975653, -0.012), (-0.0215288572712, 0.0526693912224, -0.012), (-0.0216381557247, 0.05294787914, -0.012), (-0.0217334368347, 0.0532314689535, -0.012), (-0.0218144637174, 0.0535194556139, -0.012), (-0.0218810349271, 0.0538111231408, -0.012), (-0.0219329849574, 0.0541057464029, -0.012), (-0.0219701846522, 0.0544025929204, -0.012), (-0.0219925415273, 0.054700924686, -0.012), (-0.022, 0.055, -0.012), (-0.022, 0.055, -0.015), (-0.0219925415273, 0.055299075314, -0.015), (-0.0219701846522, 0.0555974070796, -0.015), (-0.0219329849574, 0.0558942535971, -0.015), (-0.0218810349271, 0.0561888768592, -0.015), (-0.0218144637174, 0.0564805443861, -0.015), (-0.0217334368347, 0.0567685310465, -0.015), (-0.0216381557247, 0.05705212086, -0.015), (-0.0215288572712, 0.0573306087776, -0.015), (-0.0214058132074, 0.0576033024347, -0.015), (-0.0212693294402, 0.0578695238717, -0.015), (-0.0211197452898, 0.0581286112203, -0.015), (-0.0209574326459, 0.0583799203484, -0.015), (-0.0207827950433, 0.058622826462, -0.015), (-0.0205962666587, 0.0588567256581, -0.015), (-0.020398311231, 0.0590810364266, -0.015), (-0.0201894209085, 0.0592952010956, -0.015), (-0.0199701150256, 0.0594986872178, -0.015), (-0.0197409388112, 0.0596909888948, -0.015), (-0.0195024620334, 0.0598716280343, -0.015), (-0.0192552775832, 0.0600401555389, -0.015), (-0.019, 0.0601961524227, -0.015), (-0.0187372639441, 0.0603392308529, -0.015), (-0.0184677226188, 0.0604690351139, -0.015), (-0.0181920461462, 0.0605852424919, -0.015), (-0.0179109199015, 0.060687564077, -0.015), (-0.0176250428089, 0.0607757454817, -0.015), (-0.0173351256037, 0.0608495674731, -0.015), (-0.017041889066, 0.0609088465181, -0.015), (-0.0167460622279, 0.0609534352396, -0.015), (-0.0164483805615, 0.0609832227831, -0.015), (-0.0161495841504, 0.060998135092, -0.015), (-0.0158504158496, 0.060998135092, -0.015), (-0.0155516194385, 0.0609832227831, -0.015), (-0.0152539377721, 0.0609534352396, -0.015), (-0.014958110934, 0.0609088465181, -0.015), (-0.0146648743963, 0.0608495674731, -0.015), (-0.0143749571911, 0.0607757454817, -0.015), (-0.0140890800985, 0.060687564077, -0.015), (-0.0138079538538, 0.0605852424919, -0.015), (-0.0135322773812, 0.0604690351139, -0.015), (-0.0132627360559, 0.0603392308529, -0.015), (-0.013, 0.0601961524227, -0.015), (-0.0127447224168, 0.0600401555389, -0.015), (-0.0124975379666, 0.0598716280343, -0.015), (-0.0122590611888, 0.0596909888948, -0.015), (-0.0120298849744, 0.0594986872178, -0.015), (-0.0118105790915, 0.0592952010956, -0.015), (-0.011601688769, 0.0590810364266, -0.015), (-0.0114037333413, 0.0588567256581, -0.015), (-0.0112172049567, 0.058622826462, -0.015), (-0.0110425673541, 0.0583799203484, -0.015), (-0.0108802547102, 0.0581286112203, -0.015), (-0.0107306705598, 0.0578695238717, -0.015), (-0.0105941867926, 0.0576033024347, -0.015), (-0.0104711427288, 0.0573306087776, -0.015), (-0.0103618442753, 0.05705212086, -0.015), (-0.0102665631653, 0.0567685310465, -0.015), (-0.0101855362826, 0.0564805443861, -0.015), (-0.0101189650729, 0.0561888768592, -0.015), (-0.0100670150426, 0.0558942535971, -0.015), (-0.0100298153478, 0.0555974070796, -0.015), (-0.0100074584727, 0.055299075314, -0.015), (-0.01, 0.055, -0.015), (-0.0100074584727, 0.054700924686, -0.015), (-0.0100298153478, 0.0544025929204, -0.015), (-0.0100670150426, 0.0541057464029, -0.015), (-0.0101189650729, 0.0538111231408, -0.015), (-0.0101855362826, 0.0535194556139, -0.015), (-0.0102665631653, 0.0532314689535, -0.015), (-0.0103618442753, 0.05294787914, -0.015), (-0.0104711427288, 0.0526693912224, -0.015), (-0.0105941867926, 0.0523966975653, -0.015), (-0.0107306705598, 0.0521304761283, -0.015), (-0.0108802547102, 0.0518713887797, -0.015), (-0.0110425673541, 0.0516200796516, -0.015), (-0.0112172049567, 0.051377173538, -0.015), (-0.0114037333413, 0.0511432743419, -0.015), (-0.011601688769, 0.0509189635734, -0.015), (-0.0118105790915, 0.0507047989044, -0.015), (-0.0120298849744, 0.0505013127822, -0.015), (-0.0122590611888, 0.0503090111052, -0.015), (-0.0124975379666, 0.0501283719657, -0.015), (-0.0127447224168, 0.0499598444611, -0.015), (-0.013, 0.0498038475773, -0.015), (-0.0132627360559, 0.0496607691471, -0.015), (-0.0135322773812, 0.0495309648861, -0.015), (-0.0138079538538, 0.0494147575081, -0.015), (-0.0140890800985, 0.049312435923, -0.015), (-0.0143749571911, 0.0492242545183, -0.015), (-0.0146648743963, 0.0491504325269, -0.015), (-0.014958110934, 0.0490911534819, -0.015), (-0.0152539377721, 0.0490465647604, -0.015), (-0.0155516194385, 0.0490167772169, -0.015), (-0.0158504158496, 0.049001864908, -0.015), (-0.0161495841504, 0.049001864908, -0.015), (-0.0164483805615, 0.0490167772169, -0.015), (-0.0167460622279, 0.0490465647604, -0.015), (-0.017041889066, 0.0490911534819, -0.015), (-0.0173351256037, 0.0491504325269, -0.015), (-0.0176250428089, 0.0492242545183, -0.015), (-0.0179109199015, 0.049312435923, -0.015), (-0.0181920461462, 0.0494147575081, -0.015), (-0.0184677226188, 0.0495309648861, -0.015), (-0.0187372639441, 0.0496607691471, -0.015), (-0.019, 0.0498038475773, -0.015), (-0.0192552775832, 0.0499598444611, -0.015), (-0.0195024620334, 0.0501283719657, -0.015), (-0.0197409388112, 0.0503090111052, -0.015), (-0.0199701150256, 0.0505013127822, -0.015), (-0.0201894209085, 0.0507047989044, -0.015), (-0.020398311231, 0.0509189635734, -0.015), (-0.0205962666587, 0.0511432743419, -0.015), (-0.0207827950433, 0.051377173538, -0.015), (-0.0209574326459, 0.0516200796516, -0.015), (-0.0211197452898, 0.0518713887797, -0.015), (-0.0212693294402, 0.0521304761283, -0.015), (-0.0214058132074, 0.0523966975653, -0.015), (-0.0215288572712, 0.0526693912224, -0.015), (-0.0216381557247, 0.05294787914, -0.015), (-0.0217334368347, 0.0532314689535, -0.015), (-0.0218144637174, 0.0535194556139, -0.015), (-0.0218810349271, 0.0538111231408, -0.015), (-0.0219329849574, 0.0541057464029, -0.015), (-0.0219701846522, 0.0544025929204, -0.015), (-0.0219925415273, 0.054700924686, -0.015), (-0.022, 0.055, -0.012), (-0.0219925415273, 0.055299075314, -0.012), (-0.0219701846522, 0.0555974070796, -0.012), (-0.0219329849574, 0.0558942535971, -0.012), (-0.0218810349271, 0.0561888768592, -0.012), (-0.0218144637174, 0.0564805443861, -0.012), (-0.0217334368347, 0.0567685310465, -0.012), (-0.0216381557247, 0.05705212086, -0.012), (-0.0215288572712, 0.0573306087776, -0.012), (-0.0214058132074, 0.0576033024347, -0.012), (-0.0212693294402, 0.0578695238717, -0.012), (-0.0211197452898, 0.0581286112203, -0.012), (-0.0209574326459, 0.0583799203484, -0.012), (-0.0207827950433, 0.058622826462, -0.012), (-0.0205962666587, 0.0588567256581, -0.012), (-0.020398311231, 0.0590810364266, -0.012), (-0.0201894209085, 0.0592952010956, -0.012), (-0.0199701150256, 0.0594986872178, -0.012), (-0.0197409388112, 0.0596909888948, -0.012), (-0.0195024620334, 0.0598716280343, -0.012), (-0.0192552775832, 0.0600401555389, -0.012), (-0.019, 0.0601961524227, -0.012), (-0.0187372639441, 0.0603392308529, -0.012), (-0.0184677226188, 0.0604690351139, -0.012), (-0.0181920461462, 0.0605852424919, -0.012), (-0.0179109199015, 0.060687564077, -0.012), (-0.0176250428089, 0.0607757454817, -0.012), (-0.0173351256037, 0.0608495674731, -0.012), (-0.017041889066, 0.0609088465181, -0.012), (-0.0167460622279, 0.0609534352396, -0.012), (-0.0164483805615, 0.0609832227831, -0.012), (-0.0161495841504, 0.060998135092, -0.012), (-0.0158504158496, 0.060998135092, -0.012), (-0.0155516194385, 0.0609832227831, -0.012), (-0.0152539377721, 0.0609534352396, -0.012), (-0.014958110934, 0.0609088465181, -0.012), (-0.0146648743963, 0.0608495674731, -0.012), (-0.0143749571911, 0.0607757454817, -0.012), (-0.0140890800985, 0.060687564077, -0.012), (-0.0138079538538, 0.0605852424919, -0.012), (-0.0135322773812, 0.0604690351139, -0.012), (-0.0132627360559, 0.0603392308529, -0.012), (-0.013, 0.0601961524227, -0.012), (-0.0127447224168, 0.0600401555389, -0.012), (-0.0124975379666, 0.0598716280343, -0.012), (-0.0122590611888, 0.0596909888948, -0.012), (-0.0120298849744, 0.0594986872178, -0.012), (-0.0118105790915, 0.0592952010956, -0.012), (-0.011601688769, 0.0590810364266, -0.012), (-0.0114037333413, 0.0588567256581, -0.012), (-0.0112172049567, 0.058622826462, -0.012), (-0.0110425673541, 0.0583799203484, -0.012), (-0.0108802547102, 0.0581286112203, -0.012), (-0.0107306705598, 0.0578695238717, -0.012), (-0.0105941867926, 0.0576033024347, -0.012), (-0.0104711427288, 0.0573306087776, -0.012), (-0.0103618442753, 0.05705212086, -0.012), (-0.0102665631653, 0.0567685310465, -0.012), (-0.0101855362826, 0.0564805443861, -0.012), (-0.0101189650729, 0.0561888768592, -0.012), (-0.0100670150426, 0.0558942535971, -0.012), (-0.0100298153478, 0.0555974070796, -0.012), (-0.0100074584727, 0.055299075314, -0.012), (-0.01, 0.055, -0.012), (-0.0100074584727, 0.054700924686, -0.012), (-0.0100298153478, 0.0544025929204, -0.012), (-0.0100670150426, 0.0541057464029, -0.012), (-0.0101189650729, 0.0538111231408, -0.012), (-0.0101855362826, 0.0535194556139, -0.012), (-0.0102665631653, 0.0532314689535, -0.012), (-0.0103618442753, 0.05294787914, -0.012), (-0.0104711427288, 0.0526693912224, -0.012), (-0.0105941867926, 0.0523966975653, -0.012), (-0.0107306705598, 0.0521304761283, -0.012), (-0.0108802547102, 0.0518713887797, -0.012), (-0.0110425673541, 0.0516200796516, -0.012), (-0.0112172049567, 0.051377173538, -0.012), (-0.0114037333413, 0.0511432743419, -0.012), (-0.011601688769, 0.0509189635734, -0.012), (-0.0118105790915, 0.0507047989044, -0.012), (-0.0120298849744, 0.0505013127822, -0.012), (-0.0122590611888, 0.0503090111052, -0.012), (-0.0124975379666, 0.0501283719657, -0.012), (-0.0127447224168, 0.0499598444611, -0.012), (-0.013, 0.0498038475773, -0.012), (-0.0132627360559, 0.0496607691471, -0.012), (-0.0135322773812, 0.0495309648861, -0.012), (-0.0138079538538, 0.0494147575081, -0.012), (-0.0140890800985, 0.049312435923, -0.012), (-0.0143749571911, 0.0492242545183, -0.012), (-0.0146648743963, 0.0491504325269, -0.012), (-0.014958110934, 0.0490911534819, -0.012), (-0.0152539377721, 0.0490465647604, -0.012), (-0.0155516194385, 0.0490167772169, -0.012), (-0.0158504158496, 0.049001864908, -0.012), (-0.0161495841504, 0.049001864908, -0.012), (-0.0164483805615, 0.0490167772169, -0.012), (-0.0167460622279, 0.0490465647604, -0.012), (-0.017041889066, 0.0490911534819, -0.012), (-0.0173351256037, 0.0491504325269, -0.012), (-0.0176250428089, 0.0492242545183, -0.012), (-0.0179109199015, 0.049312435923, -0.012), (-0.0181920461462, 0.0494147575081, -0.012), (-0.0184677226188, 0.0495309648861, -0.012), (-0.0187372639441, 0.0496607691471, -0.012), (-0.019, 0.0498038475773, -0.012), (-0.0192552775832, 0.0499598444611, -0.012), (-0.0195024620334, 0.0501283719657, -0.012), (-0.0197409388112, 0.0503090111052, -0.012), (-0.0199701150256, 0.0505013127822, -0.012), (-0.0201894209085, 0.0507047989044, -0.012), (-0.020398311231, 0.0509189635734, -0.012), (-0.0205962666587, 0.0511432743419, -0.012), (-0.0207827950433, 0.051377173538, -0.012), (-0.0209574326459, 0.0516200796516, -0.012), (-0.0211197452898, 0.0518713887797, -0.012), (-0.0212693294402, 0.0521304761283, -0.012), (-0.0214058132074, 0.0523966975653, -0.012), (-0.0215288572712, 0.0526693912224, -0.012), (-0.0216381557247, 0.05294787914, -0.012), (-0.0217334368347, 0.0532314689535, -0.012), (-0.0218144637174, 0.0535194556139, -0.012), (-0.0218810349271, 0.0538111231408, -0.012), (-0.0219329849574, 0.0541057464029, -0.012), (-0.0219701846522, 0.0544025929204, -0.012), (-0.0219925415273, 0.054700924686, -0.012)]
            int[] faceVertexCounts = [3, 3, 3, 3, 3, 3, 3, 3, 3, 3, 3, 3, 3, 3, 3, 3, 3, 3, 3, 3, 3, 3, 3, 3, 3, 3, 3, 3, 3, 3, 3, 3, 3, 3, 3, 3, 3, 3, 3, 3, 3, 3, 3, 3, 3, 3, 3, 3, 3, 3, 3, 3, 3, 3, 3, 3, 3, 3, 3, 3, 3, 3, 3, 3, 3, 3, 3, 3, 3, 3, 3, 3, 3, 3, 3, 3, 3, 3, 3, 3, 3, 3, 3, 3, 3, 3, 3, 3, 3, 3, 3, 3, 3, 3, 3, 3, 3, 3, 3, 3, 3, 3, 3, 3, 3, 3, 3, 3, 3, 3, 3, 3, 3, 3, 3, 3, 3, 3, 3, 3, 3, 3, 3, 3, 3, 3, 3, 3, 3, 3, 3, 3, 3, 3, 3, 3, 3, 3, 3, 3, 3, 3, 3, 3, 3, 3, 3, 3, 3, 3, 3, 3, 3, 3, 3, 3, 3, 3, 3, 3, 3, 3, 3, 3, 3, 3, 3, 3, 3, 3, 3, 3, 3, 3, 3, 3, 3, 3, 3, 3, 3, 3, 3, 3, 3, 3, 3, 3, 3, 3, 3, 3, 3, 3, 3, 3, 3, 3, 3, 3, 3, 3, 3, 3, 3, 3, 3, 3, 3, 3, 3, 3, 3, 3, 3, 3, 3, 3, 3, 3, 3, 3, 3, 3, 3, 3, 3, 3, 3, 3, 3, 3, 3, 3, 3, 3, 3, 3, 3, 3, 3, 3, 3, 3, 3, 3, 3, 3, 3, 3, 3, 3, 3, 3, 3, 3, 3, 3, 3, 3, 3, 3, 3, 3, 3, 3, 3, 3, 3, 3, 3, 3, 3, 3, 3, 3, 3, 3, 3, 3, 3, 3, 3, 3, 3, 3, 3, 3, 3, 3, 3, 3, 3, 3, 3, 3, 3, 3, 3, 3, 3, 3, 3, 3, 3, 3, 3, 3, 3, 3, 3, 3, 3, 3, 3, 3, 3, 3, 3, 3, 3, 3, 3, 3, 3, 3, 3, 3, 3, 3, 3, 3, 3, 3, 3, 3, 3, 3, 3, 3, 3, 3, 3, 3, 3, 3, 3, 3, 3, 3, 3, 3, 3, 3, 3, 3, 3, 3, 3, 3, 3, 3, 3, 3, 3, 3, 3, 3, 3, 3, 3, 3, 3, 3, 3, 3, 3, 3, 3, 3, 3, 3, 3, 3, 3, 3, 3, 3, 3, 3, 3, 3, 3, 3, 3, 3, 3, 3, 3, 3, 3, 3, 3, 3, 3, 3, 3, 3, 3, 3, 3, 3, 3, 3, 3, 3, 3, 3, 3, 3, 3, 3, 3, 3, 3, 3, 3, 3, 3, 3, 3, 3, 3, 3, 3, 3, 3, 3, 3, 3, 3, 3, 3, 3, 3, 3, 3, 3, 3, 3, 3, 3, 3, 3, 3, 3, 3, 3, 3, 3, 3, 3, 3, 3, 3, 3, 3, 3, 3, 3, 3, 3, 3, 3, 3, 3, 3, 3, 3, 3, 3, 3, 3, 3, 3, 3, 3, 3, 3, 3, 3, 3, 3, 3, 3, 3, 3, 3, 3, 3]
            int[] faceVertexIndices = [1, 0, 127, 1, 127, 128, 2, 128, 129, 2, 129, 130, 2, 1, 128, 3, 2, 130, 4, 130, 131, 4, 131, 132, 4, 3, 130, 5, 132, 133, 5, 4, 132, 6, 5, 133, 7, 133, 134, 7, 6, 133, 8, 134, 135, 8, 135, 136, 8, 7, 134, 9, 8, 136, 10, 136, 137, 10, 9, 136, 11, 10, 137, 11, 137, 138, 12, 11, 138, 12, 138, 139, 13, 12, 139, 13, 139, 140, 14, 13, 140, 14, 140, 141, 15, 14, 141, 15, 141, 142, 16, 15, 142, 16, 142, 143, 17, 16, 143, 17, 143, 144, 18, 17, 144, 18, 144, 145, 19, 18, 145, 19, 145, 146, 20, 19, 146, 20, 146, 147, 20, 147, 148, 21, 20, 148, 22, 21, 148, 22, 148, 149, 22, 149, 150, 23, 22, 150, 24, 150, 151, 24, 151, 152, 24, 23, 150, 25, 24, 152, 26, 152, 153, 26, 25, 152, 27, 153, 154, 27, 154, 155, 27, 26, 153, 28, 155, 156, 28, 27, 155, 29, 28, 156, 30, 156, 157, 30, 157, 158, 30, 29, 156, 31, 30, 158, 32, 158, 159, 32, 159, 160, 32, 31, 158, 33, 32, 160, 34, 160, 161, 34, 161, 162, 34, 33, 160, 35, 34, 162, 36, 35, 162, 36, 162, 163, 37, 36, 163, 37, 163, 164, 38, 37, 164, 38, 164, 165, 39, 38, 165, 39, 165, 166, 40, 39, 166, 40, 166, 167, 40, 167, 168, 41, 40, 168, 42, 41, 168, 42, 168, 169, 43, 42, 169, 43, 169, 170, 44, 43, 170, 44, 170, 171, 45, 44, 171, 45, 171, 172, 46, 45, 172, 46, 172, 173, 47, 46, 173, 47, 173, 174, 48, 47, 174, 48, 174, 175, 49, 48, 175, 49, 175, 176, 50, 49, 176, 50, 176, 177, 51, 50, 177, 51, 177, 178, 52, 51, 178, 52, 178, 179, 53, 52, 179, 53, 179, 180, 54, 53, 180, 54, 180, 181, 55, 54, 181, 55, 181, 182, 56, 55, 182, 56, 182, 183, 57, 56, 183, 57, 183, 184, 58, 184, 185, 58, 57, 184, 59, 185, 186, 59, 58, 185, 60, 186, 187, 60, 59, 186, 61, 187, 188, 61, 60, 187, 62, 61, 188, 62, 188, 189, 63, 62, 189, 63, 189, 190, 64, 63, 190, 64, 190, 191, 65, 64, 191, 65, 191, 192, 66, 65, 192, 66, 192, 193, 67, 66, 193, 67, 193, 194, 68, 67, 194, 68, 194, 195, 69, 68, 195, 69, 195, 196, 70, 69, 196, 70, 196, 197, 71, 70, 197, 71, 197, 198, 72, 71, 198, 72, 198, 199, 73, 72, 199, 73, 199, 200, 74, 73, 200, 74, 200, 201, 75, 201, 202, 75, 74, 201, 76, 202, 203, 76, 75, 202, 77, 203, 204, 77, 76, 203, 78, 204, 205, 78, 77, 204, 79, 205, 206, 79, 78, 205, 80, 206, 207, 80, 79, 206, 81, 207, 208, 81, 80, 207, 82, 208, 209, 82, 81, 208, 83, 209, 210, 83, 82, 209, 84, 210, 211, 84, 83, 210, 85, 211, 212, 85, 84, 211, 86, 212, 213, 86, 85, 212, 87, 213, 214, 87, 86, 213, 88, 87, 214, 88, 214, 215, 89, 88, 215, 89, 215, 216, 90, 89, 216, 90, 216, 217, 91, 90, 217, 91, 217, 218, 92, 218, 219, 92, 91, 218, 93, 219, 220, 93, 220, 221, 93, 92, 219, 94, 93, 221, 95, 221, 222, 95, 94, 221, 96, 222, 223, 96, 95, 222, 97, 223, 224, 97, 96, 223, 98, 224, 225, 98, 97, 224, 99, 225, 226, 99, 226, 227, 99, 98, 225, 100, 99, 227, 101, 227, 228, 101, 100, 227, 102, 228, 229, 102, 101, 228, 103, 229, 230, 103, 230, 231, 103, 102, 229, 104, 103, 231, 105, 231, 232, 105, 104, 231, 106, 232, 233, 106, 105, 232, 107, 233, 234, 107, 234, 235, 107, 106, 233, 108, 107, 235, 109, 235, 236, 109, 236, 237, 109, 108, 235, 110, 109, 237, 111, 237, 238, 111, 110, 237, 112, 111, 238, 112, 238, 239, 113, 112, 239, 113, 239, 240, 114, 113, 240, 114, 240, 241, 115, 114, 241, 115, 241, 242, 116, 115, 242, 116, 242, 243, 117, 116, 243, 117, 243, 244, 118, 117, 244, 118, 244, 245, 119, 118, 245, 119, 245, 246, 120, 119, 246, 120, 246, 247, 121, 120, 247, 121, 247, 248, 122, 121, 248, 122, 248, 249, 123, 122, 249, 123, 249, 250, 124, 250, 251, 124, 123, 250, 125, 124, 251, 125, 251, 252, 126, 252, 253, 126, 125, 252, 336, 334, 335, 329, 330, 331, 329, 331, 332, 338, 336, 337, 339, 336, 338, 325, 326, 327, 325, 327, 328, 325, 328, 329, 342, 340, 341, 322, 323, 324, 322, 324, 325, 344, 342, 343, 345, 334, 336, 345, 336, 339, 345, 340, 342, 345, 342, 344, 345, 332, 333, 345, 333, 334, 345, 339, 340, 347, 332, 345, 347, 345, 346, 349, 347, 348, 315, 316, 317, 315, 322, 325, 315, 317, 318, 315, 318, 319, 315, 319, 320, 315, 320, 321, 315, 321, 322, 353, 349, 350, 353, 350, 351, 353, 351, 352, 312, 313, 314, 312, 314, 315, 355, 349, 353, 355, 347, 349, 355, 353, 354, 357, 355, 356, 308, 309, 310, 308, 310, 311, 307, 312, 315, 307, 308, 311, 307, 311, 312, 359, 357, 358, 359, 355, 357, 305, 306, 307, 361, 359, 360, 361, 355, 359, 304, 305, 307, 303, 304, 307, 364, 361, 362, 364, 362, 363, 364, 347, 355, 364, 355, 361, 365, 347, 364, 300, 301, 302, 300, 302, 303, 367, 365, 366, 367, 347, 365, 297, 298, 299, 297, 299, 300, 297, 300, 303, 370, 367, 368, 370, 368, 369, 295, 296, 297, 294, 297, 303, 294, 295, 297, 373, 371, 372, 374, 370, 371, 374, 367, 370, 374, 347, 367, 374, 332, 347, 374, 371, 373, 291, 292, 293, 291, 293, 294, 289, 290, 291, 289, 291, 294, 377, 375, 376, 379, 374, 375, 379, 377, 378, 379, 329, 332, 379, 332, 374, 379, 375, 377, 285, 289, 294, 285, 286, 287, 285, 287, 288, 285, 288, 289, 284, 285, 294, 284, 294, 303, 256, 254, 255, 256, 379, 254, 282, 283, 284, 259, 256, 257, 259, 257, 258, 279, 280, 281, 279, 281, 282, 279, 282, 284, 261, 259, 260, 261, 379, 256, 261, 256, 259, 278, 279, 284, 262, 379, 261, 263, 379, 262, 275, 278, 284, 275, 276, 277, 275, 277, 278, 266, 264, 265, 273, 275, 284, 273, 274, 275, 273, 284, 303, 273, 303, 307, 267, 329, 379, 267, 263, 264, 267, 379, 263, 267, 325, 329, 267, 264, 266, 267, 315, 325, 271, 272, 273, 269, 267, 268, 270, 307, 315, 270, 315, 267, 270, 273, 307, 270, 271, 273, 270, 267, 269, 462, 461, 460, 455, 457, 456, 455, 458, 457, 464, 463, 462, 465, 464, 462, 451, 453, 452, 451, 454, 453, 451, 455, 454, 468, 467, 466, 448, 450, 449, 448, 451, 450, 470, 469, 468, 471, 462, 460, 471, 465, 462, 471, 468, 466, 471, 470, 468, 471, 459, 458, 471, 460, 459, 471, 466, 465, 473, 471, 458, 473, 472, 471, 475, 474, 473, 441, 443, 442, 441, 451, 448, 441, 444, 443, 441, 445, 444, 441, 446, 445, 441, 447, 446, 441, 448, 447, 479, 476, 475, 479, 477, 476, 479, 478, 477, 438, 440, 439, 438, 441, 440, 481, 479, 475, 481, 475, 473, 481, 480, 479, 483, 482, 481, 434, 436, 435, 434, 437, 436, 433, 441, 438, 433, 437, 434, 433, 438, 437, 485, 484, 483, 485, 483, 481, 431, 433, 432, 487, 486, 485, 487, 485, 481, 430, 433, 431, 429, 433, 430, 490, 488, 487, 490, 489, 488, 490, 481, 473, 490, 487, 481, 491, 490, 473, 426, 428, 427, 426, 429, 428, 493, 492, 491, 493, 491, 473, 423, 425, 424, 423, 426, 425, 423, 429, 426, 496, 494, 493, 496, 495, 494, 421, 423, 422, 420, 429, 423, 420, 423, 421, 499, 498, 497, 500, 497, 496, 500, 496, 493, 500, 493, 473, 500, 473, 458, 500, 499, 497, 417, 419, 418, 417, 420, 419, 415, 417, 416, 415, 420, 417, 503, 502, 501, 505, 501, 500, 505, 504, 503, 505, 458, 455, 505, 500, 458, 505, 503, 501, 411, 420, 415, 411, 413, 412, 411, 414, 413, 411, 415, 414, 410, 420, 411, 410, 429, 420, 382, 381, 380, 382, 380, 505, 408, 410, 409, 385, 383, 382, 385, 384, 383, 405, 407, 406, 405, 408, 407, 405, 410, 408, 387, 386, 385, 387, 382, 505, 387, 385, 382, 404, 410, 405, 388, 387, 505, 389, 388, 505, 401, 410, 404, 401, 403, 402, 401, 404, 403, 392, 391, 390, 399, 410, 401, 399, 401, 400, 399, 429, 410, 399, 433, 429, 393, 505, 455, 393, 390, 389, 393, 389, 505, 393, 455, 451, 393, 392, 390, 393, 451, 441, 397, 399, 398, 395, 394, 393, 396, 441, 433, 396, 393, 441, 396, 433, 399, 396, 399, 397, 396, 395, 393]
            uniform token subdivisionScheme = "none"
            uniform bool doubleSided = true
            color3f[] primvars:displayColor = [(0.24, 0.28, 0.33)]
            custom string simulationStatus = "unmeasured_occlusion_proxy"
        }
        def Mesh "C5_barrel"
        {
            point3f[] points = [(-0.01, -0.055, 0.015), (-0.0100074584727, -0.054700924686, 0.015), (-0.0100298153478, -0.0544025929204, 0.015), (-0.0100670150426, -0.0541057464029, 0.015), (-0.0101189650729, -0.0538111231408, 0.015), (-0.0101855362826, -0.0535194556139, 0.015), (-0.0102665631653, -0.0532314689535, 0.015), (-0.0103618442753, -0.05294787914, 0.015), (-0.0104711427288, -0.0526693912224, 0.015), (-0.0105941867926, -0.0523966975653, 0.015), (-0.0107306705598, -0.0521304761283, 0.015), (-0.0108802547102, -0.0518713887797, 0.015), (-0.0110425673541, -0.0516200796516, 0.015), (-0.0112172049567, -0.051377173538, 0.015), (-0.0114037333413, -0.0511432743419, 0.015), (-0.011601688769, -0.0509189635734, 0.015), (-0.0118105790915, -0.0507047989044, 0.015), (-0.0120298849744, -0.0505013127822, 0.015), (-0.0122590611888, -0.0503090111052, 0.015), (-0.0124975379666, -0.0501283719657, 0.015), (-0.0127447224168, -0.0499598444611, 0.015), (-0.013, -0.0498038475773, 0.015), (-0.0132627360559, -0.0496607691471, 0.015), (-0.0135322773812, -0.0495309648861, 0.015), (-0.0138079538538, -0.0494147575081, 0.015), (-0.0140890800985, -0.049312435923, 0.015), (-0.0143749571911, -0.0492242545183, 0.015), (-0.0146648743963, -0.0491504325269, 0.015), (-0.014958110934, -0.0490911534819, 0.015), (-0.0152539377721, -0.0490465647604, 0.015), (-0.0155516194385, -0.0490167772169, 0.015), (-0.0158504158496, -0.049001864908, 0.015), (-0.0161495841504, -0.049001864908, 0.015), (-0.0164483805615, -0.0490167772169, 0.015), (-0.0167460622279, -0.0490465647604, 0.015), (-0.017041889066, -0.0490911534819, 0.015), (-0.0173351256037, -0.0491504325269, 0.015), (-0.0176250428089, -0.0492242545183, 0.015), (-0.0179109199015, -0.049312435923, 0.015), (-0.0181920461462, -0.0494147575081, 0.015), (-0.0184677226188, -0.0495309648861, 0.015), (-0.0187372639441, -0.0496607691471, 0.015), (-0.019, -0.0498038475773, 0.015), (-0.0192552775832, -0.0499598444611, 0.015), (-0.0195024620334, -0.0501283719657, 0.015), (-0.0197409388112, -0.0503090111052, 0.015), (-0.0199701150256, -0.0505013127822, 0.015), (-0.0201894209085, -0.0507047989044, 0.015), (-0.020398311231, -0.0509189635734, 0.015), (-0.0205962666587, -0.0511432743419, 0.015), (-0.0207827950433, -0.051377173538, 0.015), (-0.0209574326459, -0.0516200796516, 0.015), (-0.0211197452898, -0.0518713887797, 0.015), (-0.0212693294402, -0.0521304761283, 0.015), (-0.0214058132074, -0.0523966975653, 0.015), (-0.0215288572712, -0.0526693912224, 0.015), (-0.0216381557247, -0.05294787914, 0.015), (-0.0217334368347, -0.0532314689535, 0.015), (-0.0218144637174, -0.0535194556139, 0.015), (-0.0218810349271, -0.0538111231408, 0.015), (-0.0219329849574, -0.0541057464029, 0.015), (-0.0219701846522, -0.0544025929204, 0.015), (-0.0219925415273, -0.054700924686, 0.015), (-0.022, -0.055, 0.015), (-0.0219925415273, -0.055299075314, 0.015), (-0.0219701846522, -0.0555974070796, 0.015), (-0.0219329849574, -0.0558942535971, 0.015), (-0.0218810349271, -0.0561888768592, 0.015), (-0.0218144637174, -0.0564805443861, 0.015), (-0.0217334368347, -0.0567685310465, 0.015), (-0.0216381557247, -0.05705212086, 0.015), (-0.0215288572712, -0.0573306087776, 0.015), (-0.0214058132074, -0.0576033024347, 0.015), (-0.0212693294402, -0.0578695238717, 0.015), (-0.0211197452898, -0.0581286112203, 0.015), (-0.0209574326459, -0.0583799203484, 0.015), (-0.0207827950433, -0.058622826462, 0.015), (-0.0205962666587, -0.0588567256581, 0.015), (-0.020398311231, -0.0590810364266, 0.015), (-0.0201894209085, -0.0592952010956, 0.015), (-0.0199701150256, -0.0594986872178, 0.015), (-0.0197409388112, -0.0596909888948, 0.015), (-0.0195024620334, -0.0598716280343, 0.015), (-0.0192552775832, -0.0600401555389, 0.015), (-0.019, -0.0601961524227, 0.015), (-0.0187372639441, -0.0603392308529, 0.015), (-0.0184677226188, -0.0604690351139, 0.015), (-0.0181920461462, -0.0605852424919, 0.015), (-0.0179109199015, -0.060687564077, 0.015), (-0.0176250428089, -0.0607757454817, 0.015), (-0.0173351256037, -0.0608495674731, 0.015), (-0.017041889066, -0.0609088465181, 0.015), (-0.0167460622279, -0.0609534352396, 0.015), (-0.0164483805615, -0.0609832227831, 0.015), (-0.0161495841504, -0.060998135092, 0.015), (-0.0158504158496, -0.060998135092, 0.015), (-0.0155516194385, -0.0609832227831, 0.015), (-0.0152539377721, -0.0609534352396, 0.015), (-0.014958110934, -0.0609088465181, 0.015), (-0.0146648743963, -0.0608495674731, 0.015), (-0.0143749571911, -0.0607757454817, 0.015), (-0.0140890800985, -0.060687564077, 0.015), (-0.0138079538538, -0.0605852424919, 0.015), (-0.0135322773812, -0.0604690351139, 0.015), (-0.0132627360559, -0.0603392308529, 0.015), (-0.013, -0.0601961524227, 0.015), (-0.0127447224168, -0.0600401555389, 0.015), (-0.0124975379666, -0.0598716280343, 0.015), (-0.0122590611888, -0.0596909888948, 0.015), (-0.0120298849744, -0.0594986872178, 0.015), (-0.0118105790915, -0.0592952010956, 0.015), (-0.011601688769, -0.0590810364266, 0.015), (-0.0114037333413, -0.0588567256581, 0.015), (-0.0112172049567, -0.058622826462, 0.015), (-0.0110425673541, -0.0583799203484, 0.015), (-0.0108802547102, -0.0581286112203, 0.015), (-0.0107306705598, -0.0578695238717, 0.015), (-0.0105941867926, -0.0576033024347, 0.015), (-0.0104711427288, -0.0573306087776, 0.015), (-0.0103618442753, -0.05705212086, 0.015), (-0.0102665631653, -0.0567685310465, 0.015), (-0.0101855362826, -0.0564805443861, 0.015), (-0.0101189650729, -0.0561888768592, 0.015), (-0.0100670150426, -0.0558942535971, 0.015), (-0.0100298153478, -0.0555974070796, 0.015), (-0.0100074584727, -0.055299075314, 0.015), (-0.01, -0.055, 0.015), (-0.01, -0.055, 0.012), (-0.0100074584727, -0.054700924686, 0.012), (-0.0100298153478, -0.0544025929204, 0.012), (-0.0100670150426, -0.0541057464029, 0.012), (-0.0101189650729, -0.0538111231408, 0.012), (-0.0101855362826, -0.0535194556139, 0.012), (-0.0102665631653, -0.0532314689535, 0.012), (-0.0103618442753, -0.05294787914, 0.012), (-0.0104711427288, -0.0526693912224, 0.012), (-0.0105941867926, -0.0523966975653, 0.012), (-0.0107306705598, -0.0521304761283, 0.012), (-0.0108802547102, -0.0518713887797, 0.012), (-0.0110425673541, -0.0516200796516, 0.012), (-0.0112172049567, -0.051377173538, 0.012), (-0.0114037333413, -0.0511432743419, 0.012), (-0.011601688769, -0.0509189635734, 0.012), (-0.0118105790915, -0.0507047989044, 0.012), (-0.0120298849744, -0.0505013127822, 0.012), (-0.0122590611888, -0.0503090111052, 0.012), (-0.0124975379666, -0.0501283719657, 0.012), (-0.0127447224168, -0.0499598444611, 0.012), (-0.013, -0.0498038475773, 0.012), (-0.0132627360559, -0.0496607691471, 0.012), (-0.0135322773812, -0.0495309648861, 0.012), (-0.0138079538538, -0.0494147575081, 0.012), (-0.0140890800985, -0.049312435923, 0.012), (-0.0143749571911, -0.0492242545183, 0.012), (-0.0146648743963, -0.0491504325269, 0.012), (-0.014958110934, -0.0490911534819, 0.012), (-0.0152539377721, -0.0490465647604, 0.012), (-0.0155516194385, -0.0490167772169, 0.012), (-0.0158504158496, -0.049001864908, 0.012), (-0.0161495841504, -0.049001864908, 0.012), (-0.0164483805615, -0.0490167772169, 0.012), (-0.0167460622279, -0.0490465647604, 0.012), (-0.017041889066, -0.0490911534819, 0.012), (-0.0173351256037, -0.0491504325269, 0.012), (-0.0176250428089, -0.0492242545183, 0.012), (-0.0179109199015, -0.049312435923, 0.012), (-0.0181920461462, -0.0494147575081, 0.012), (-0.0184677226188, -0.0495309648861, 0.012), (-0.0187372639441, -0.0496607691471, 0.012), (-0.019, -0.0498038475773, 0.012), (-0.0192552775832, -0.0499598444611, 0.012), (-0.0195024620334, -0.0501283719657, 0.012), (-0.0197409388112, -0.0503090111052, 0.012), (-0.0199701150256, -0.0505013127822, 0.012), (-0.0201894209085, -0.0507047989044, 0.012), (-0.020398311231, -0.0509189635734, 0.012), (-0.0205962666587, -0.0511432743419, 0.012), (-0.0207827950433, -0.051377173538, 0.012), (-0.0209574326459, -0.0516200796516, 0.012), (-0.0211197452898, -0.0518713887797, 0.012), (-0.0212693294402, -0.0521304761283, 0.012), (-0.0214058132074, -0.0523966975653, 0.012), (-0.0215288572712, -0.0526693912224, 0.012), (-0.0216381557247, -0.05294787914, 0.012), (-0.0217334368347, -0.0532314689535, 0.012), (-0.0218144637174, -0.0535194556139, 0.012), (-0.0218810349271, -0.0538111231408, 0.012), (-0.0219329849574, -0.0541057464029, 0.012), (-0.0219701846522, -0.0544025929204, 0.012), (-0.0219925415273, -0.054700924686, 0.012), (-0.022, -0.055, 0.012), (-0.0219925415273, -0.055299075314, 0.012), (-0.0219701846522, -0.0555974070796, 0.012), (-0.0219329849574, -0.0558942535971, 0.012), (-0.0218810349271, -0.0561888768592, 0.012), (-0.0218144637174, -0.0564805443861, 0.012), (-0.0217334368347, -0.0567685310465, 0.012), (-0.0216381557247, -0.05705212086, 0.012), (-0.0215288572712, -0.0573306087776, 0.012), (-0.0214058132074, -0.0576033024347, 0.012), (-0.0212693294402, -0.0578695238717, 0.012), (-0.0211197452898, -0.0581286112203, 0.012), (-0.0209574326459, -0.0583799203484, 0.012), (-0.0207827950433, -0.058622826462, 0.012), (-0.0205962666587, -0.0588567256581, 0.012), (-0.020398311231, -0.0590810364266, 0.012), (-0.0201894209085, -0.0592952010956, 0.012), (-0.0199701150256, -0.0594986872178, 0.012), (-0.0197409388112, -0.0596909888948, 0.012), (-0.0195024620334, -0.0598716280343, 0.012), (-0.0192552775832, -0.0600401555389, 0.012), (-0.019, -0.0601961524227, 0.012), (-0.0187372639441, -0.0603392308529, 0.012), (-0.0184677226188, -0.0604690351139, 0.012), (-0.0181920461462, -0.0605852424919, 0.012), (-0.0179109199015, -0.060687564077, 0.012), (-0.0176250428089, -0.0607757454817, 0.012), (-0.0173351256037, -0.0608495674731, 0.012), (-0.017041889066, -0.0609088465181, 0.012), (-0.0167460622279, -0.0609534352396, 0.012), (-0.0164483805615, -0.0609832227831, 0.012), (-0.0161495841504, -0.060998135092, 0.012), (-0.0158504158496, -0.060998135092, 0.012), (-0.0155516194385, -0.0609832227831, 0.012), (-0.0152539377721, -0.0609534352396, 0.012), (-0.014958110934, -0.0609088465181, 0.012), (-0.0146648743963, -0.0608495674731, 0.012), (-0.0143749571911, -0.0607757454817, 0.012), (-0.0140890800985, -0.060687564077, 0.012), (-0.0138079538538, -0.0605852424919, 0.012), (-0.0135322773812, -0.0604690351139, 0.012), (-0.0132627360559, -0.0603392308529, 0.012), (-0.013, -0.0601961524227, 0.012), (-0.0127447224168, -0.0600401555389, 0.012), (-0.0124975379666, -0.0598716280343, 0.012), (-0.0122590611888, -0.0596909888948, 0.012), (-0.0120298849744, -0.0594986872178, 0.012), (-0.0118105790915, -0.0592952010956, 0.012), (-0.011601688769, -0.0590810364266, 0.012), (-0.0114037333413, -0.0588567256581, 0.012), (-0.0112172049567, -0.058622826462, 0.012), (-0.0110425673541, -0.0583799203484, 0.012), (-0.0108802547102, -0.0581286112203, 0.012), (-0.0107306705598, -0.0578695238717, 0.012), (-0.0105941867926, -0.0576033024347, 0.012), (-0.0104711427288, -0.0573306087776, 0.012), (-0.0103618442753, -0.05705212086, 0.012), (-0.0102665631653, -0.0567685310465, 0.012), (-0.0101855362826, -0.0564805443861, 0.012), (-0.0101189650729, -0.0561888768592, 0.012), (-0.0100670150426, -0.0558942535971, 0.012), (-0.0100298153478, -0.0555974070796, 0.012), (-0.0100074584727, -0.055299075314, 0.012), (-0.01, -0.055, 0.012), (-0.01, -0.055, 0.015), (-0.0100074584727, -0.054700924686, 0.015), (-0.0100298153478, -0.0544025929204, 0.015), (-0.0100670150426, -0.0541057464029, 0.015), (-0.0101189650729, -0.0538111231408, 0.015), (-0.0101855362826, -0.0535194556139, 0.015), (-0.0102665631653, -0.0532314689535, 0.015), (-0.0103618442753, -0.05294787914, 0.015), (-0.0104711427288, -0.0526693912224, 0.015), (-0.0105941867926, -0.0523966975653, 0.015), (-0.0107306705598, -0.0521304761283, 0.015), (-0.0108802547102, -0.0518713887797, 0.015), (-0.0110425673541, -0.0516200796516, 0.015), (-0.0112172049567, -0.051377173538, 0.015), (-0.0114037333413, -0.0511432743419, 0.015), (-0.011601688769, -0.0509189635734, 0.015), (-0.0118105790915, -0.0507047989044, 0.015), (-0.0120298849744, -0.0505013127822, 0.015), (-0.0122590611888, -0.0503090111052, 0.015), (-0.0124975379666, -0.0501283719657, 0.015), (-0.0127447224168, -0.0499598444611, 0.015), (-0.013, -0.0498038475773, 0.015), (-0.0132627360559, -0.0496607691471, 0.015), (-0.0135322773812, -0.0495309648861, 0.015), (-0.0138079538538, -0.0494147575081, 0.015), (-0.0140890800985, -0.049312435923, 0.015), (-0.0143749571911, -0.0492242545183, 0.015), (-0.0146648743963, -0.0491504325269, 0.015), (-0.014958110934, -0.0490911534819, 0.015), (-0.0152539377721, -0.0490465647604, 0.015), (-0.0155516194385, -0.0490167772169, 0.015), (-0.0158504158496, -0.049001864908, 0.015), (-0.0161495841504, -0.049001864908, 0.015), (-0.0164483805615, -0.0490167772169, 0.015), (-0.0167460622279, -0.0490465647604, 0.015), (-0.017041889066, -0.0490911534819, 0.015), (-0.0173351256037, -0.0491504325269, 0.015), (-0.0176250428089, -0.0492242545183, 0.015), (-0.0179109199015, -0.049312435923, 0.015), (-0.0181920461462, -0.0494147575081, 0.015), (-0.0184677226188, -0.0495309648861, 0.015), (-0.0187372639441, -0.0496607691471, 0.015), (-0.019, -0.0498038475773, 0.015), (-0.0192552775832, -0.0499598444611, 0.015), (-0.0195024620334, -0.0501283719657, 0.015), (-0.0197409388112, -0.0503090111052, 0.015), (-0.0199701150256, -0.0505013127822, 0.015), (-0.0201894209085, -0.0507047989044, 0.015), (-0.020398311231, -0.0509189635734, 0.015), (-0.0205962666587, -0.0511432743419, 0.015), (-0.0207827950433, -0.051377173538, 0.015), (-0.0209574326459, -0.0516200796516, 0.015), (-0.0211197452898, -0.0518713887797, 0.015), (-0.0212693294402, -0.0521304761283, 0.015), (-0.0214058132074, -0.0523966975653, 0.015), (-0.0215288572712, -0.0526693912224, 0.015), (-0.0216381557247, -0.05294787914, 0.015), (-0.0217334368347, -0.0532314689535, 0.015), (-0.0218144637174, -0.0535194556139, 0.015), (-0.0218810349271, -0.0538111231408, 0.015), (-0.0219329849574, -0.0541057464029, 0.015), (-0.0219701846522, -0.0544025929204, 0.015), (-0.0219925415273, -0.054700924686, 0.015), (-0.022, -0.055, 0.015), (-0.0219925415273, -0.055299075314, 0.015), (-0.0219701846522, -0.0555974070796, 0.015), (-0.0219329849574, -0.0558942535971, 0.015), (-0.0218810349271, -0.0561888768592, 0.015), (-0.0218144637174, -0.0564805443861, 0.015), (-0.0217334368347, -0.0567685310465, 0.015), (-0.0216381557247, -0.05705212086, 0.015), (-0.0215288572712, -0.0573306087776, 0.015), (-0.0214058132074, -0.0576033024347, 0.015), (-0.0212693294402, -0.0578695238717, 0.015), (-0.0211197452898, -0.0581286112203, 0.015), (-0.0209574326459, -0.0583799203484, 0.015), (-0.0207827950433, -0.058622826462, 0.015), (-0.0205962666587, -0.0588567256581, 0.015), (-0.020398311231, -0.0590810364266, 0.015), (-0.0201894209085, -0.0592952010956, 0.015), (-0.0199701150256, -0.0594986872178, 0.015), (-0.0197409388112, -0.0596909888948, 0.015), (-0.0195024620334, -0.0598716280343, 0.015), (-0.0192552775832, -0.0600401555389, 0.015), (-0.019, -0.0601961524227, 0.015), (-0.0187372639441, -0.0603392308529, 0.015), (-0.0184677226188, -0.0604690351139, 0.015), (-0.0181920461462, -0.0605852424919, 0.015), (-0.0179109199015, -0.060687564077, 0.015), (-0.0176250428089, -0.0607757454817, 0.015), (-0.0173351256037, -0.0608495674731, 0.015), (-0.017041889066, -0.0609088465181, 0.015), (-0.0167460622279, -0.0609534352396, 0.015), (-0.0164483805615, -0.0609832227831, 0.015), (-0.0161495841504, -0.060998135092, 0.015), (-0.0158504158496, -0.060998135092, 0.015), (-0.0155516194385, -0.0609832227831, 0.015), (-0.0152539377721, -0.0609534352396, 0.015), (-0.014958110934, -0.0609088465181, 0.015), (-0.0146648743963, -0.0608495674731, 0.015), (-0.0143749571911, -0.0607757454817, 0.015), (-0.0140890800985, -0.060687564077, 0.015), (-0.0138079538538, -0.0605852424919, 0.015), (-0.0135322773812, -0.0604690351139, 0.015), (-0.0132627360559, -0.0603392308529, 0.015), (-0.013, -0.0601961524227, 0.015), (-0.0127447224168, -0.0600401555389, 0.015), (-0.0124975379666, -0.0598716280343, 0.015), (-0.0122590611888, -0.0596909888948, 0.015), (-0.0120298849744, -0.0594986872178, 0.015), (-0.0118105790915, -0.0592952010956, 0.015), (-0.011601688769, -0.0590810364266, 0.015), (-0.0114037333413, -0.0588567256581, 0.015), (-0.0112172049567, -0.058622826462, 0.015), (-0.0110425673541, -0.0583799203484, 0.015), (-0.0108802547102, -0.0581286112203, 0.015), (-0.0107306705598, -0.0578695238717, 0.015), (-0.0105941867926, -0.0576033024347, 0.015), (-0.0104711427288, -0.0573306087776, 0.015), (-0.0103618442753, -0.05705212086, 0.015), (-0.0102665631653, -0.0567685310465, 0.015), (-0.0101855362826, -0.0564805443861, 0.015), (-0.0101189650729, -0.0561888768592, 0.015), (-0.0100670150426, -0.0558942535971, 0.015), (-0.0100298153478, -0.0555974070796, 0.015), (-0.0100074584727, -0.055299075314, 0.015), (-0.01, -0.055, 0.012), (-0.0100074584727, -0.054700924686, 0.012), (-0.0100298153478, -0.0544025929204, 0.012), (-0.0100670150426, -0.0541057464029, 0.012), (-0.0101189650729, -0.0538111231408, 0.012), (-0.0101855362826, -0.0535194556139, 0.012), (-0.0102665631653, -0.0532314689535, 0.012), (-0.0103618442753, -0.05294787914, 0.012), (-0.0104711427288, -0.0526693912224, 0.012), (-0.0105941867926, -0.0523966975653, 0.012), (-0.0107306705598, -0.0521304761283, 0.012), (-0.0108802547102, -0.0518713887797, 0.012), (-0.0110425673541, -0.0516200796516, 0.012), (-0.0112172049567, -0.051377173538, 0.012), (-0.0114037333413, -0.0511432743419, 0.012), (-0.011601688769, -0.0509189635734, 0.012), (-0.0118105790915, -0.0507047989044, 0.012), (-0.0120298849744, -0.0505013127822, 0.012), (-0.0122590611888, -0.0503090111052, 0.012), (-0.0124975379666, -0.0501283719657, 0.012), (-0.0127447224168, -0.0499598444611, 0.012), (-0.013, -0.0498038475773, 0.012), (-0.0132627360559, -0.0496607691471, 0.012), (-0.0135322773812, -0.0495309648861, 0.012), (-0.0138079538538, -0.0494147575081, 0.012), (-0.0140890800985, -0.049312435923, 0.012), (-0.0143749571911, -0.0492242545183, 0.012), (-0.0146648743963, -0.0491504325269, 0.012), (-0.014958110934, -0.0490911534819, 0.012), (-0.0152539377721, -0.0490465647604, 0.012), (-0.0155516194385, -0.0490167772169, 0.012), (-0.0158504158496, -0.049001864908, 0.012), (-0.0161495841504, -0.049001864908, 0.012), (-0.0164483805615, -0.0490167772169, 0.012), (-0.0167460622279, -0.0490465647604, 0.012), (-0.017041889066, -0.0490911534819, 0.012), (-0.0173351256037, -0.0491504325269, 0.012), (-0.0176250428089, -0.0492242545183, 0.012), (-0.0179109199015, -0.049312435923, 0.012), (-0.0181920461462, -0.0494147575081, 0.012), (-0.0184677226188, -0.0495309648861, 0.012), (-0.0187372639441, -0.0496607691471, 0.012), (-0.019, -0.0498038475773, 0.012), (-0.0192552775832, -0.0499598444611, 0.012), (-0.0195024620334, -0.0501283719657, 0.012), (-0.0197409388112, -0.0503090111052, 0.012), (-0.0199701150256, -0.0505013127822, 0.012), (-0.0201894209085, -0.0507047989044, 0.012), (-0.020398311231, -0.0509189635734, 0.012), (-0.0205962666587, -0.0511432743419, 0.012), (-0.0207827950433, -0.051377173538, 0.012), (-0.0209574326459, -0.0516200796516, 0.012), (-0.0211197452898, -0.0518713887797, 0.012), (-0.0212693294402, -0.0521304761283, 0.012), (-0.0214058132074, -0.0523966975653, 0.012), (-0.0215288572712, -0.0526693912224, 0.012), (-0.0216381557247, -0.05294787914, 0.012), (-0.0217334368347, -0.0532314689535, 0.012), (-0.0218144637174, -0.0535194556139, 0.012), (-0.0218810349271, -0.0538111231408, 0.012), (-0.0219329849574, -0.0541057464029, 0.012), (-0.0219701846522, -0.0544025929204, 0.012), (-0.0219925415273, -0.054700924686, 0.012), (-0.022, -0.055, 0.012), (-0.0219925415273, -0.055299075314, 0.012), (-0.0219701846522, -0.0555974070796, 0.012), (-0.0219329849574, -0.0558942535971, 0.012), (-0.0218810349271, -0.0561888768592, 0.012), (-0.0218144637174, -0.0564805443861, 0.012), (-0.0217334368347, -0.0567685310465, 0.012), (-0.0216381557247, -0.05705212086, 0.012), (-0.0215288572712, -0.0573306087776, 0.012), (-0.0214058132074, -0.0576033024347, 0.012), (-0.0212693294402, -0.0578695238717, 0.012), (-0.0211197452898, -0.0581286112203, 0.012), (-0.0209574326459, -0.0583799203484, 0.012), (-0.0207827950433, -0.058622826462, 0.012), (-0.0205962666587, -0.0588567256581, 0.012), (-0.020398311231, -0.0590810364266, 0.012), (-0.0201894209085, -0.0592952010956, 0.012), (-0.0199701150256, -0.0594986872178, 0.012), (-0.0197409388112, -0.0596909888948, 0.012), (-0.0195024620334, -0.0598716280343, 0.012), (-0.0192552775832, -0.0600401555389, 0.012), (-0.019, -0.0601961524227, 0.012), (-0.0187372639441, -0.0603392308529, 0.012), (-0.0184677226188, -0.0604690351139, 0.012), (-0.0181920461462, -0.0605852424919, 0.012), (-0.0179109199015, -0.060687564077, 0.012), (-0.0176250428089, -0.0607757454817, 0.012), (-0.0173351256037, -0.0608495674731, 0.012), (-0.017041889066, -0.0609088465181, 0.012), (-0.0167460622279, -0.0609534352396, 0.012), (-0.0164483805615, -0.0609832227831, 0.012), (-0.0161495841504, -0.060998135092, 0.012), (-0.0158504158496, -0.060998135092, 0.012), (-0.0155516194385, -0.0609832227831, 0.012), (-0.0152539377721, -0.0609534352396, 0.012), (-0.014958110934, -0.0609088465181, 0.012), (-0.0146648743963, -0.0608495674731, 0.012), (-0.0143749571911, -0.0607757454817, 0.012), (-0.0140890800985, -0.060687564077, 0.012), (-0.0138079538538, -0.0605852424919, 0.012), (-0.0135322773812, -0.0604690351139, 0.012), (-0.0132627360559, -0.0603392308529, 0.012), (-0.013, -0.0601961524227, 0.012), (-0.0127447224168, -0.0600401555389, 0.012), (-0.0124975379666, -0.0598716280343, 0.012), (-0.0122590611888, -0.0596909888948, 0.012), (-0.0120298849744, -0.0594986872178, 0.012), (-0.0118105790915, -0.0592952010956, 0.012), (-0.011601688769, -0.0590810364266, 0.012), (-0.0114037333413, -0.0588567256581, 0.012), (-0.0112172049567, -0.058622826462, 0.012), (-0.0110425673541, -0.0583799203484, 0.012), (-0.0108802547102, -0.0581286112203, 0.012), (-0.0107306705598, -0.0578695238717, 0.012), (-0.0105941867926, -0.0576033024347, 0.012), (-0.0104711427288, -0.0573306087776, 0.012), (-0.0103618442753, -0.05705212086, 0.012), (-0.0102665631653, -0.0567685310465, 0.012), (-0.0101855362826, -0.0564805443861, 0.012), (-0.0101189650729, -0.0561888768592, 0.012), (-0.0100670150426, -0.0558942535971, 0.012), (-0.0100298153478, -0.0555974070796, 0.012), (-0.0100074584727, -0.055299075314, 0.012)]
            int[] faceVertexCounts = [3, 3, 3, 3, 3, 3, 3, 3, 3, 3, 3, 3, 3, 3, 3, 3, 3, 3, 3, 3, 3, 3, 3, 3, 3, 3, 3, 3, 3, 3, 3, 3, 3, 3, 3, 3, 3, 3, 3, 3, 3, 3, 3, 3, 3, 3, 3, 3, 3, 3, 3, 3, 3, 3, 3, 3, 3, 3, 3, 3, 3, 3, 3, 3, 3, 3, 3, 3, 3, 3, 3, 3, 3, 3, 3, 3, 3, 3, 3, 3, 3, 3, 3, 3, 3, 3, 3, 3, 3, 3, 3, 3, 3, 3, 3, 3, 3, 3, 3, 3, 3, 3, 3, 3, 3, 3, 3, 3, 3, 3, 3, 3, 3, 3, 3, 3, 3, 3, 3, 3, 3, 3, 3, 3, 3, 3, 3, 3, 3, 3, 3, 3, 3, 3, 3, 3, 3, 3, 3, 3, 3, 3, 3, 3, 3, 3, 3, 3, 3, 3, 3, 3, 3, 3, 3, 3, 3, 3, 3, 3, 3, 3, 3, 3, 3, 3, 3, 3, 3, 3, 3, 3, 3, 3, 3, 3, 3, 3, 3, 3, 3, 3, 3, 3, 3, 3, 3, 3, 3, 3, 3, 3, 3, 3, 3, 3, 3, 3, 3, 3, 3, 3, 3, 3, 3, 3, 3, 3, 3, 3, 3, 3, 3, 3, 3, 3, 3, 3, 3, 3, 3, 3, 3, 3, 3, 3, 3, 3, 3, 3, 3, 3, 3, 3, 3, 3, 3, 3, 3, 3, 3, 3, 3, 3, 3, 3, 3, 3, 3, 3, 3, 3, 3, 3, 3, 3, 3, 3, 3, 3, 3, 3, 3, 3, 3, 3, 3, 3, 3, 3, 3, 3, 3, 3, 3, 3, 3, 3, 3, 3, 3, 3, 3, 3, 3, 3, 3, 3, 3, 3, 3, 3, 3, 3, 3, 3, 3, 3, 3, 3, 3, 3, 3, 3, 3, 3, 3, 3, 3, 3, 3, 3, 3, 3, 3, 3, 3, 3, 3, 3, 3, 3, 3, 3, 3, 3, 3, 3, 3, 3, 3, 3, 3, 3, 3, 3, 3, 3, 3, 3, 3, 3, 3, 3, 3, 3, 3, 3, 3, 3, 3, 3, 3, 3, 3, 3, 3, 3, 3, 3, 3, 3, 3, 3, 3, 3, 3, 3, 3, 3, 3, 3, 3, 3, 3, 3, 3, 3, 3, 3, 3, 3, 3, 3, 3, 3, 3, 3, 3, 3, 3, 3, 3, 3, 3, 3, 3, 3, 3, 3, 3, 3, 3, 3, 3, 3, 3, 3, 3, 3, 3, 3, 3, 3, 3, 3, 3, 3, 3, 3, 3, 3, 3, 3, 3, 3, 3, 3, 3, 3, 3, 3, 3, 3, 3, 3, 3, 3, 3, 3, 3, 3, 3, 3, 3, 3, 3, 3, 3, 3, 3, 3, 3, 3, 3, 3, 3, 3, 3, 3, 3, 3, 3, 3, 3, 3, 3, 3, 3, 3, 3, 3, 3, 3, 3, 3, 3, 3, 3, 3, 3, 3, 3, 3, 3, 3, 3, 3, 3, 3, 3, 3, 3, 3, 3, 3, 3, 3, 3, 3]
            int[] faceVertexIndices = [1, 0, 127, 1, 127, 128, 2, 128, 129, 2, 129, 130, 2, 1, 128, 3, 2, 130, 4, 130, 131, 4, 131, 132, 4, 3, 130, 5, 132, 133, 5, 4, 132, 6, 5, 133, 7, 133, 134, 7, 6, 133, 8, 134, 135, 8, 135, 136, 8, 7, 134, 9, 8, 136, 10, 136, 137, 10, 9, 136, 11, 10, 137, 11, 137, 138, 12, 11, 138, 12, 138, 139, 13, 12, 139, 13, 139, 140, 14, 13, 140, 14, 140, 141, 15, 14, 141, 15, 141, 142, 16, 15, 142, 16, 142, 143, 17, 16, 143, 17, 143, 144, 18, 17, 144, 18, 144, 145, 19, 18, 145, 19, 145, 146, 20, 19, 146, 20, 146, 147, 20, 147, 148, 21, 20, 148, 22, 21, 148, 22, 148, 149, 22, 149, 150, 23, 22, 150, 24, 150, 151, 24, 151, 152, 24, 23, 150, 25, 24, 152, 26, 152, 153, 26, 25, 152, 27, 153, 154, 27, 154, 155, 27, 26, 153, 28, 155, 156, 28, 27, 155, 29, 28, 156, 30, 156, 157, 30, 157, 158, 30, 29, 156, 31, 30, 158, 32, 158, 159, 32, 159, 160, 32, 31, 158, 33, 32, 160, 34, 160, 161, 34, 161, 162, 34, 33, 160, 35, 34, 162, 36, 35, 162, 36, 162, 163, 37, 36, 163, 37, 163, 164, 38, 37, 164, 38, 164, 165, 39, 38, 165, 39, 165, 166, 40, 39, 166, 40, 166, 167, 40, 167, 168, 41, 40, 168, 42, 41, 168, 42, 168, 169, 43, 42, 169, 43, 169, 170, 44, 43, 170, 44, 170, 171, 45, 44, 171, 45, 171, 172, 46, 45, 172, 46, 172, 173, 47, 46, 173, 47, 173, 174, 48, 47, 174, 48, 174, 175, 49, 48, 175, 49, 175, 176, 50, 49, 176, 50, 176, 177, 51, 50, 177, 51, 177, 178, 52, 51, 178, 52, 178, 179, 53, 52, 179, 53, 179, 180, 54, 53, 180, 54, 180, 181, 55, 54, 181, 55, 181, 182, 56, 55, 182, 56, 182, 183, 57, 56, 183, 57, 183, 184, 58, 184, 185, 58, 57, 184, 59, 185, 186, 59, 58, 185, 60, 186, 187, 60, 59, 186, 61, 187, 188, 61, 60, 187, 62, 61, 188, 62, 188, 189, 63, 62, 189, 63, 189, 190, 64, 63, 190, 64, 190, 191, 65, 64, 191, 65, 191, 192, 66, 65, 192, 66, 192, 193, 67, 66, 193, 67, 193, 194, 68, 67, 194, 68, 194, 195, 69, 68, 195, 69, 195, 196, 70, 69, 196, 70, 196, 197, 71, 70, 197, 71, 197, 198, 72, 71, 198, 72, 198, 199, 73, 72, 199, 73, 199, 200, 74, 73, 200, 74, 200, 201, 75, 201, 202, 75, 74, 201, 76, 202, 203, 76, 75, 202, 77, 203, 204, 77, 76, 203, 78, 204, 205, 78, 77, 204, 79, 205, 206, 79, 78, 205, 80, 206, 207, 80, 79, 206, 81, 207, 208, 81, 80, 207, 82, 208, 209, 82, 81, 208, 83, 209, 210, 83, 82, 209, 84, 210, 211, 84, 83, 210, 85, 211, 212, 85, 84, 211, 86, 212, 213, 86, 85, 212, 87, 213, 214, 87, 86, 213, 88, 87, 214, 88, 214, 215, 89, 88, 215, 89, 215, 216, 90, 89, 216, 90, 216, 217, 91, 90, 217, 91, 217, 218, 92, 218, 219, 92, 91, 218, 93, 219, 220, 93, 220, 221, 93, 92, 219, 94, 93, 221, 95, 221, 222, 95, 94, 221, 96, 222, 223, 96, 95, 222, 97, 223, 224, 97, 96, 223, 98, 224, 225, 98, 97, 224, 99, 225, 226, 99, 226, 227, 99, 98, 225, 100, 99, 227, 101, 227, 228, 101, 100, 227, 102, 228, 229, 102, 101, 228, 103, 229, 230, 103, 230, 231, 103, 102, 229, 104, 103, 231, 105, 231, 232, 105, 104, 231, 106, 232, 233, 106, 105, 232, 107, 233, 234, 107, 234, 235, 107, 106, 233, 108, 107, 235, 109, 235, 236, 109, 236, 237, 109, 108, 235, 110, 109, 237, 111, 237, 238, 111, 110, 237, 112, 111, 238, 112, 238, 239, 113, 112, 239, 113, 239, 240, 114, 113, 240, 114, 240, 241, 115, 114, 241, 115, 241, 242, 116, 115, 242, 116, 242, 243, 117, 116, 243, 117, 243, 244, 118, 117, 244, 118, 244, 245, 119, 118, 245, 119, 245, 246, 120, 119, 246, 120, 246, 247, 121, 120, 247, 121, 247, 248, 122, 121, 248, 122, 248, 249, 123, 122, 249, 123, 249, 250, 124, 250, 251, 124, 123, 250, 125, 124, 251, 125, 251, 252, 126, 252, 253, 126, 125, 252, 336, 332, 333, 336, 333, 334, 336, 334, 335, 329, 330, 331, 338, 336, 337, 327, 329, 331, 327, 328, 329, 327, 331, 332, 339, 336, 338, 342, 336, 339, 342, 339, 340, 342, 340, 341, 322, 323, 324, 322, 324, 325, 345, 343, 344, 320, 321, 322, 346, 343, 345, 346, 342, 343, 347, 342, 346, 349, 347, 348, 315, 327, 332, 315, 316, 317, 315, 317, 318, 315, 318, 319, 315, 319, 320, 315, 322, 325, 315, 325, 326, 315, 326, 327, 315, 320, 322, 353, 350, 351, 353, 351, 352, 354, 350, 353, 311, 312, 313, 311, 313, 314, 311, 314, 315, 355, 350, 354, 355, 349, 350, 357, 355, 356, 357, 349, 355, 357, 347, 349, 308, 309, 310, 308, 310, 311, 307, 308, 311, 359, 357, 358, 359, 347, 357, 305, 306, 307, 362, 359, 360, 362, 360, 361, 362, 347, 359, 364, 362, 363, 364, 347, 362, 364, 336, 342, 364, 342, 347, 300, 301, 302, 300, 302, 303, 300, 303, 304, 300, 304, 305, 366, 364, 365, 367, 336, 364, 367, 364, 366, 298, 299, 300, 298, 300, 305, 369, 367, 368, 370, 367, 369, 295, 296, 297, 294, 297, 298, 294, 295, 297, 292, 293, 294, 374, 370, 371, 374, 371, 372, 374, 372, 373, 374, 332, 336, 374, 336, 367, 374, 315, 332, 374, 367, 370, 291, 298, 305, 291, 294, 298, 291, 292, 294, 376, 374, 375, 289, 290, 291, 289, 291, 305, 287, 288, 289, 254, 378, 379, 255, 376, 377, 255, 377, 378, 255, 378, 254, 284, 287, 289, 284, 285, 286, 284, 286, 287, 256, 376, 255, 256, 374, 376, 258, 256, 257, 281, 282, 283, 281, 283, 284, 259, 256, 258, 260, 256, 259, 279, 280, 281, 261, 256, 260, 278, 279, 281, 263, 261, 262, 263, 256, 261, 276, 277, 278, 276, 278, 281, 275, 281, 284, 275, 276, 281, 267, 263, 264, 267, 264, 265, 267, 284, 289, 267, 265, 266, 267, 311, 315, 267, 307, 311, 267, 374, 256, 267, 305, 307, 267, 256, 263, 267, 315, 374, 267, 289, 305, 271, 272, 273, 270, 267, 268, 270, 268, 269, 270, 273, 274, 270, 274, 275, 270, 275, 284, 270, 284, 267, 270, 271, 273, 462, 459, 458, 462, 460, 459, 462, 461, 460, 455, 457, 456, 464, 463, 462, 453, 457, 455, 453, 455, 454, 453, 458, 457, 465, 464, 462, 468, 465, 462, 468, 466, 465, 468, 467, 466, 448, 450, 449, 448, 451, 450, 471, 470, 469, 446, 448, 447, 472, 471, 469, 472, 469, 468, 473, 472, 468, 475, 474, 473, 441, 458, 453, 441, 443, 442, 441, 444, 443, 441, 445, 444, 441, 446, 445, 441, 451, 448, 441, 452, 451, 441, 453, 452, 441, 448, 446, 479, 477, 476, 479, 478, 477, 480, 479, 476, 437, 439, 438, 437, 440, 439, 437, 441, 440, 481, 480, 476, 481, 476, 475, 483, 482, 481, 483, 481, 475, 483, 475, 473, 434, 436, 435, 434, 437, 436, 433, 437, 434, 485, 484, 483, 485, 483, 473, 431, 433, 432, 488, 486, 485, 488, 487, 486, 488, 485, 473, 490, 489, 488, 490, 488, 473, 490, 468, 462, 490, 473, 468, 426, 428, 427, 426, 429, 428, 426, 430, 429, 426, 431, 430, 492, 491, 490, 493, 490, 462, 493, 492, 490, 424, 426, 425, 424, 431, 426, 495, 494, 493, 496, 495, 493, 421, 423, 422, 420, 424, 423, 420, 423, 421, 418, 420, 419, 500, 497, 496, 500, 498, 497, 500, 499, 498, 500, 462, 458, 500, 493, 462, 500, 458, 441, 500, 496, 493, 417, 431, 424, 417, 424, 420, 417, 420, 418, 502, 501, 500, 415, 417, 416, 415, 431, 417, 413, 415, 414, 380, 505, 504, 381, 503, 502, 381, 504, 503, 381, 380, 504, 410, 415, 413, 410, 412, 411, 410, 413, 412, 382, 381, 502, 382, 502, 500, 384, 383, 382, 407, 409, 408, 407, 410, 409, 385, 384, 382, 386, 385, 382, 405, 407, 406, 387, 386, 382, 404, 407, 405, 389, 388, 387, 389, 387, 382, 402, 404, 403, 402, 407, 404, 401, 410, 407, 401, 407, 402, 393, 390, 389, 393, 391, 390, 393, 415, 410, 393, 392, 391, 393, 441, 437, 393, 437, 433, 393, 382, 500, 393, 433, 431, 393, 389, 382, 393, 500, 441, 393, 431, 415, 397, 399, 398, 396, 394, 393, 396, 395, 394, 396, 400, 399, 396, 401, 400, 396, 410, 401, 396, 393, 410, 396, 399, 397]
            uniform token subdivisionScheme = "none"
            uniform bool doubleSided = true
            color3f[] primvars:displayColor = [(0.24, 0.28, 0.33)]
            custom string simulationStatus = "unmeasured_occlusion_proxy"
        }
        def Mesh "C6_barrel"
        {
            point3f[] points = [(-0.022, -0.055, -0.015), (-0.0219925415273, -0.054700924686, -0.015), (-0.0219701846522, -0.0544025929204, -0.015), (-0.0219329849574, -0.0541057464029, -0.015), (-0.0218810349271, -0.0538111231408, -0.015), (-0.0218144637174, -0.0535194556139, -0.015), (-0.0217334368347, -0.0532314689535, -0.015), (-0.0216381557247, -0.05294787914, -0.015), (-0.0215288572712, -0.0526693912224, -0.015), (-0.0214058132074, -0.0523966975653, -0.015), (-0.0212693294402, -0.0521304761283, -0.015), (-0.0211197452898, -0.0518713887797, -0.015), (-0.0209574326459, -0.0516200796516, -0.015), (-0.0207827950433, -0.051377173538, -0.015), (-0.0205962666587, -0.0511432743419, -0.015), (-0.020398311231, -0.0509189635734, -0.015), (-0.0201894209085, -0.0507047989044, -0.015), (-0.0199701150256, -0.0505013127822, -0.015), (-0.0197409388112, -0.0503090111052, -0.015), (-0.0195024620334, -0.0501283719657, -0.015), (-0.0192552775832, -0.0499598444611, -0.015), (-0.019, -0.0498038475773, -0.015), (-0.0187372639441, -0.0496607691471, -0.015), (-0.0184677226188, -0.0495309648861, -0.015), (-0.0181920461462, -0.0494147575081, -0.015), (-0.0179109199015, -0.049312435923, -0.015), (-0.0176250428089, -0.0492242545183, -0.015), (-0.0173351256037, -0.0491504325269, -0.015), (-0.017041889066, -0.0490911534819, -0.015), (-0.0167460622279, -0.0490465647604, -0.015), (-0.0164483805615, -0.0490167772169, -0.015), (-0.0161495841504, -0.049001864908, -0.015), (-0.0158504158496, -0.049001864908, -0.015), (-0.0155516194385, -0.0490167772169, -0.015), (-0.0152539377721, -0.0490465647604, -0.015), (-0.014958110934, -0.0490911534819, -0.015), (-0.0146648743963, -0.0491504325269, -0.015), (-0.0143749571911, -0.0492242545183, -0.015), (-0.0140890800985, -0.049312435923, -0.015), (-0.0138079538538, -0.0494147575081, -0.015), (-0.0135322773812, -0.0495309648861, -0.015), (-0.0132627360559, -0.0496607691471, -0.015), (-0.013, -0.0498038475773, -0.015), (-0.0127447224168, -0.0499598444611, -0.015), (-0.0124975379666, -0.0501283719657, -0.015), (-0.0122590611888, -0.0503090111052, -0.015), (-0.0120298849744, -0.0505013127822, -0.015), (-0.0118105790915, -0.0507047989044, -0.015), (-0.011601688769, -0.0509189635734, -0.015), (-0.0114037333413, -0.0511432743419, -0.015), (-0.0112172049567, -0.051377173538, -0.015), (-0.0110425673541, -0.0516200796516, -0.015), (-0.0108802547102, -0.0518713887797, -0.015), (-0.0107306705598, -0.0521304761283, -0.015), (-0.0105941867926, -0.0523966975653, -0.015), (-0.0104711427288, -0.0526693912224, -0.015), (-0.0103618442753, -0.05294787914, -0.015), (-0.0102665631653, -0.0532314689535, -0.015), (-0.0101855362826, -0.0535194556139, -0.015), (-0.0101189650729, -0.0538111231408, -0.015), (-0.0100670150426, -0.0541057464029, -0.015), (-0.0100298153478, -0.0544025929204, -0.015), (-0.0100074584727, -0.054700924686, -0.015), (-0.01, -0.055, -0.015), (-0.0100074584727, -0.055299075314, -0.015), (-0.0100298153478, -0.0555974070796, -0.015), (-0.0100670150426, -0.0558942535971, -0.015), (-0.0101189650729, -0.0561888768592, -0.015), (-0.0101855362826, -0.0564805443861, -0.015), (-0.0102665631653, -0.0567685310465, -0.015), (-0.0103618442753, -0.05705212086, -0.015), (-0.0104711427288, -0.0573306087776, -0.015), (-0.0105941867926, -0.0576033024347, -0.015), (-0.0107306705598, -0.0578695238717, -0.015), (-0.0108802547102, -0.0581286112203, -0.015), (-0.0110425673541, -0.0583799203484, -0.015), (-0.0112172049567, -0.058622826462, -0.015), (-0.0114037333413, -0.0588567256581, -0.015), (-0.011601688769, -0.0590810364266, -0.015), (-0.0118105790915, -0.0592952010956, -0.015), (-0.0120298849744, -0.0594986872178, -0.015), (-0.0122590611888, -0.0596909888948, -0.015), (-0.0124975379666, -0.0598716280343, -0.015), (-0.0127447224168, -0.0600401555389, -0.015), (-0.013, -0.0601961524227, -0.015), (-0.0132627360559, -0.0603392308529, -0.015), (-0.0135322773812, -0.0604690351139, -0.015), (-0.0138079538538, -0.0605852424919, -0.015), (-0.0140890800985, -0.060687564077, -0.015), (-0.0143749571911, -0.0607757454817, -0.015), (-0.0146648743963, -0.0608495674731, -0.015), (-0.014958110934, -0.0609088465181, -0.015), (-0.0152539377721, -0.0609534352396, -0.015), (-0.0155516194385, -0.0609832227831, -0.015), (-0.0158504158496, -0.060998135092, -0.015), (-0.0161495841504, -0.060998135092, -0.015), (-0.0164483805615, -0.0609832227831, -0.015), (-0.0167460622279, -0.0609534352396, -0.015), (-0.017041889066, -0.0609088465181, -0.015), (-0.0173351256037, -0.0608495674731, -0.015), (-0.0176250428089, -0.0607757454817, -0.015), (-0.0179109199015, -0.060687564077, -0.015), (-0.0181920461462, -0.0605852424919, -0.015), (-0.0184677226188, -0.0604690351139, -0.015), (-0.0187372639441, -0.0603392308529, -0.015), (-0.019, -0.0601961524227, -0.015), (-0.0192552775832, -0.0600401555389, -0.015), (-0.0195024620334, -0.0598716280343, -0.015), (-0.0197409388112, -0.0596909888948, -0.015), (-0.0199701150256, -0.0594986872178, -0.015), (-0.0201894209085, -0.0592952010956, -0.015), (-0.020398311231, -0.0590810364266, -0.015), (-0.0205962666587, -0.0588567256581, -0.015), (-0.0207827950433, -0.058622826462, -0.015), (-0.0209574326459, -0.0583799203484, -0.015), (-0.0211197452898, -0.0581286112203, -0.015), (-0.0212693294402, -0.0578695238717, -0.015), (-0.0214058132074, -0.0576033024347, -0.015), (-0.0215288572712, -0.0573306087776, -0.015), (-0.0216381557247, -0.05705212086, -0.015), (-0.0217334368347, -0.0567685310465, -0.015), (-0.0218144637174, -0.0564805443861, -0.015), (-0.0218810349271, -0.0561888768592, -0.015), (-0.0219329849574, -0.0558942535971, -0.015), (-0.0219701846522, -0.0555974070796, -0.015), (-0.0219925415273, -0.055299075314, -0.015), (-0.022, -0.055, -0.015), (-0.022, -0.055, -0.012), (-0.0219925415273, -0.054700924686, -0.012), (-0.0219701846522, -0.0544025929204, -0.012), (-0.0219329849574, -0.0541057464029, -0.012), (-0.0218810349271, -0.0538111231408, -0.012), (-0.0218144637174, -0.0535194556139, -0.012), (-0.0217334368347, -0.0532314689535, -0.012), (-0.0216381557247, -0.05294787914, -0.012), (-0.0215288572712, -0.0526693912224, -0.012), (-0.0214058132074, -0.0523966975653, -0.012), (-0.0212693294402, -0.0521304761283, -0.012), (-0.0211197452898, -0.0518713887797, -0.012), (-0.0209574326459, -0.0516200796516, -0.012), (-0.0207827950433, -0.051377173538, -0.012), (-0.0205962666587, -0.0511432743419, -0.012), (-0.020398311231, -0.0509189635734, -0.012), (-0.0201894209085, -0.0507047989044, -0.012), (-0.0199701150256, -0.0505013127822, -0.012), (-0.0197409388112, -0.0503090111052, -0.012), (-0.0195024620334, -0.0501283719657, -0.012), (-0.0192552775832, -0.0499598444611, -0.012), (-0.019, -0.0498038475773, -0.012), (-0.0187372639441, -0.0496607691471, -0.012), (-0.0184677226188, -0.0495309648861, -0.012), (-0.0181920461462, -0.0494147575081, -0.012), (-0.0179109199015, -0.049312435923, -0.012), (-0.0176250428089, -0.0492242545183, -0.012), (-0.0173351256037, -0.0491504325269, -0.012), (-0.017041889066, -0.0490911534819, -0.012), (-0.0167460622279, -0.0490465647604, -0.012), (-0.0164483805615, -0.0490167772169, -0.012), (-0.0161495841504, -0.049001864908, -0.012), (-0.0158504158496, -0.049001864908, -0.012), (-0.0155516194385, -0.0490167772169, -0.012), (-0.0152539377721, -0.0490465647604, -0.012), (-0.014958110934, -0.0490911534819, -0.012), (-0.0146648743963, -0.0491504325269, -0.012), (-0.0143749571911, -0.0492242545183, -0.012), (-0.0140890800985, -0.049312435923, -0.012), (-0.0138079538538, -0.0494147575081, -0.012), (-0.0135322773812, -0.0495309648861, -0.012), (-0.0132627360559, -0.0496607691471, -0.012), (-0.013, -0.0498038475773, -0.012), (-0.0127447224168, -0.0499598444611, -0.012), (-0.0124975379666, -0.0501283719657, -0.012), (-0.0122590611888, -0.0503090111052, -0.012), (-0.0120298849744, -0.0505013127822, -0.012), (-0.0118105790915, -0.0507047989044, -0.012), (-0.011601688769, -0.0509189635734, -0.012), (-0.0114037333413, -0.0511432743419, -0.012), (-0.0112172049567, -0.051377173538, -0.012), (-0.0110425673541, -0.0516200796516, -0.012), (-0.0108802547102, -0.0518713887797, -0.012), (-0.0107306705598, -0.0521304761283, -0.012), (-0.0105941867926, -0.0523966975653, -0.012), (-0.0104711427288, -0.0526693912224, -0.012), (-0.0103618442753, -0.05294787914, -0.012), (-0.0102665631653, -0.0532314689535, -0.012), (-0.0101855362826, -0.0535194556139, -0.012), (-0.0101189650729, -0.0538111231408, -0.012), (-0.0100670150426, -0.0541057464029, -0.012), (-0.0100298153478, -0.0544025929204, -0.012), (-0.0100074584727, -0.054700924686, -0.012), (-0.01, -0.055, -0.012), (-0.0100074584727, -0.055299075314, -0.012), (-0.0100298153478, -0.0555974070796, -0.012), (-0.0100670150426, -0.0558942535971, -0.012), (-0.0101189650729, -0.0561888768592, -0.012), (-0.0101855362826, -0.0564805443861, -0.012), (-0.0102665631653, -0.0567685310465, -0.012), (-0.0103618442753, -0.05705212086, -0.012), (-0.0104711427288, -0.0573306087776, -0.012), (-0.0105941867926, -0.0576033024347, -0.012), (-0.0107306705598, -0.0578695238717, -0.012), (-0.0108802547102, -0.0581286112203, -0.012), (-0.0110425673541, -0.0583799203484, -0.012), (-0.0112172049567, -0.058622826462, -0.012), (-0.0114037333413, -0.0588567256581, -0.012), (-0.011601688769, -0.0590810364266, -0.012), (-0.0118105790915, -0.0592952010956, -0.012), (-0.0120298849744, -0.0594986872178, -0.012), (-0.0122590611888, -0.0596909888948, -0.012), (-0.0124975379666, -0.0598716280343, -0.012), (-0.0127447224168, -0.0600401555389, -0.012), (-0.013, -0.0601961524227, -0.012), (-0.0132627360559, -0.0603392308529, -0.012), (-0.0135322773812, -0.0604690351139, -0.012), (-0.0138079538538, -0.0605852424919, -0.012), (-0.0140890800985, -0.060687564077, -0.012), (-0.0143749571911, -0.0607757454817, -0.012), (-0.0146648743963, -0.0608495674731, -0.012), (-0.014958110934, -0.0609088465181, -0.012), (-0.0152539377721, -0.0609534352396, -0.012), (-0.0155516194385, -0.0609832227831, -0.012), (-0.0158504158496, -0.060998135092, -0.012), (-0.0161495841504, -0.060998135092, -0.012), (-0.0164483805615, -0.0609832227831, -0.012), (-0.0167460622279, -0.0609534352396, -0.012), (-0.017041889066, -0.0609088465181, -0.012), (-0.0173351256037, -0.0608495674731, -0.012), (-0.0176250428089, -0.0607757454817, -0.012), (-0.0179109199015, -0.060687564077, -0.012), (-0.0181920461462, -0.0605852424919, -0.012), (-0.0184677226188, -0.0604690351139, -0.012), (-0.0187372639441, -0.0603392308529, -0.012), (-0.019, -0.0601961524227, -0.012), (-0.0192552775832, -0.0600401555389, -0.012), (-0.0195024620334, -0.0598716280343, -0.012), (-0.0197409388112, -0.0596909888948, -0.012), (-0.0199701150256, -0.0594986872178, -0.012), (-0.0201894209085, -0.0592952010956, -0.012), (-0.020398311231, -0.0590810364266, -0.012), (-0.0205962666587, -0.0588567256581, -0.012), (-0.0207827950433, -0.058622826462, -0.012), (-0.0209574326459, -0.0583799203484, -0.012), (-0.0211197452898, -0.0581286112203, -0.012), (-0.0212693294402, -0.0578695238717, -0.012), (-0.0214058132074, -0.0576033024347, -0.012), (-0.0215288572712, -0.0573306087776, -0.012), (-0.0216381557247, -0.05705212086, -0.012), (-0.0217334368347, -0.0567685310465, -0.012), (-0.0218144637174, -0.0564805443861, -0.012), (-0.0218810349271, -0.0561888768592, -0.012), (-0.0219329849574, -0.0558942535971, -0.012), (-0.0219701846522, -0.0555974070796, -0.012), (-0.0219925415273, -0.055299075314, -0.012), (-0.022, -0.055, -0.012), (-0.022, -0.055, -0.015), (-0.0219925415273, -0.054700924686, -0.015), (-0.0219701846522, -0.0544025929204, -0.015), (-0.0219329849574, -0.0541057464029, -0.015), (-0.0218810349271, -0.0538111231408, -0.015), (-0.0218144637174, -0.0535194556139, -0.015), (-0.0217334368347, -0.0532314689535, -0.015), (-0.0216381557247, -0.05294787914, -0.015), (-0.0215288572712, -0.0526693912224, -0.015), (-0.0214058132074, -0.0523966975653, -0.015), (-0.0212693294402, -0.0521304761283, -0.015), (-0.0211197452898, -0.0518713887797, -0.015), (-0.0209574326459, -0.0516200796516, -0.015), (-0.0207827950433, -0.051377173538, -0.015), (-0.0205962666587, -0.0511432743419, -0.015), (-0.020398311231, -0.0509189635734, -0.015), (-0.0201894209085, -0.0507047989044, -0.015), (-0.0199701150256, -0.0505013127822, -0.015), (-0.0197409388112, -0.0503090111052, -0.015), (-0.0195024620334, -0.0501283719657, -0.015), (-0.0192552775832, -0.0499598444611, -0.015), (-0.019, -0.0498038475773, -0.015), (-0.0187372639441, -0.0496607691471, -0.015), (-0.0184677226188, -0.0495309648861, -0.015), (-0.0181920461462, -0.0494147575081, -0.015), (-0.0179109199015, -0.049312435923, -0.015), (-0.0176250428089, -0.0492242545183, -0.015), (-0.0173351256037, -0.0491504325269, -0.015), (-0.017041889066, -0.0490911534819, -0.015), (-0.0167460622279, -0.0490465647604, -0.015), (-0.0164483805615, -0.0490167772169, -0.015), (-0.0161495841504, -0.049001864908, -0.015), (-0.0158504158496, -0.049001864908, -0.015), (-0.0155516194385, -0.0490167772169, -0.015), (-0.0152539377721, -0.0490465647604, -0.015), (-0.014958110934, -0.0490911534819, -0.015), (-0.0146648743963, -0.0491504325269, -0.015), (-0.0143749571911, -0.0492242545183, -0.015), (-0.0140890800985, -0.049312435923, -0.015), (-0.0138079538538, -0.0494147575081, -0.015), (-0.0135322773812, -0.0495309648861, -0.015), (-0.0132627360559, -0.0496607691471, -0.015), (-0.013, -0.0498038475773, -0.015), (-0.0127447224168, -0.0499598444611, -0.015), (-0.0124975379666, -0.0501283719657, -0.015), (-0.0122590611888, -0.0503090111052, -0.015), (-0.0120298849744, -0.0505013127822, -0.015), (-0.0118105790915, -0.0507047989044, -0.015), (-0.011601688769, -0.0509189635734, -0.015), (-0.0114037333413, -0.0511432743419, -0.015), (-0.0112172049567, -0.051377173538, -0.015), (-0.0110425673541, -0.0516200796516, -0.015), (-0.0108802547102, -0.0518713887797, -0.015), (-0.0107306705598, -0.0521304761283, -0.015), (-0.0105941867926, -0.0523966975653, -0.015), (-0.0104711427288, -0.0526693912224, -0.015), (-0.0103618442753, -0.05294787914, -0.015), (-0.0102665631653, -0.0532314689535, -0.015), (-0.0101855362826, -0.0535194556139, -0.015), (-0.0101189650729, -0.0538111231408, -0.015), (-0.0100670150426, -0.0541057464029, -0.015), (-0.0100298153478, -0.0544025929204, -0.015), (-0.0100074584727, -0.054700924686, -0.015), (-0.01, -0.055, -0.015), (-0.0100074584727, -0.055299075314, -0.015), (-0.0100298153478, -0.0555974070796, -0.015), (-0.0100670150426, -0.0558942535971, -0.015), (-0.0101189650729, -0.0561888768592, -0.015), (-0.0101855362826, -0.0564805443861, -0.015), (-0.0102665631653, -0.0567685310465, -0.015), (-0.0103618442753, -0.05705212086, -0.015), (-0.0104711427288, -0.0573306087776, -0.015), (-0.0105941867926, -0.0576033024347, -0.015), (-0.0107306705598, -0.0578695238717, -0.015), (-0.0108802547102, -0.0581286112203, -0.015), (-0.0110425673541, -0.0583799203484, -0.015), (-0.0112172049567, -0.058622826462, -0.015), (-0.0114037333413, -0.0588567256581, -0.015), (-0.011601688769, -0.0590810364266, -0.015), (-0.0118105790915, -0.0592952010956, -0.015), (-0.0120298849744, -0.0594986872178, -0.015), (-0.0122590611888, -0.0596909888948, -0.015), (-0.0124975379666, -0.0598716280343, -0.015), (-0.0127447224168, -0.0600401555389, -0.015), (-0.013, -0.0601961524227, -0.015), (-0.0132627360559, -0.0603392308529, -0.015), (-0.0135322773812, -0.0604690351139, -0.015), (-0.0138079538538, -0.0605852424919, -0.015), (-0.0140890800985, -0.060687564077, -0.015), (-0.0143749571911, -0.0607757454817, -0.015), (-0.0146648743963, -0.0608495674731, -0.015), (-0.014958110934, -0.0609088465181, -0.015), (-0.0152539377721, -0.0609534352396, -0.015), (-0.0155516194385, -0.0609832227831, -0.015), (-0.0158504158496, -0.060998135092, -0.015), (-0.0161495841504, -0.060998135092, -0.015), (-0.0164483805615, -0.0609832227831, -0.015), (-0.0167460622279, -0.0609534352396, -0.015), (-0.017041889066, -0.0609088465181, -0.015), (-0.0173351256037, -0.0608495674731, -0.015), (-0.0176250428089, -0.0607757454817, -0.015), (-0.0179109199015, -0.060687564077, -0.015), (-0.0181920461462, -0.0605852424919, -0.015), (-0.0184677226188, -0.0604690351139, -0.015), (-0.0187372639441, -0.0603392308529, -0.015), (-0.019, -0.0601961524227, -0.015), (-0.0192552775832, -0.0600401555389, -0.015), (-0.0195024620334, -0.0598716280343, -0.015), (-0.0197409388112, -0.0596909888948, -0.015), (-0.0199701150256, -0.0594986872178, -0.015), (-0.0201894209085, -0.0592952010956, -0.015), (-0.020398311231, -0.0590810364266, -0.015), (-0.0205962666587, -0.0588567256581, -0.015), (-0.0207827950433, -0.058622826462, -0.015), (-0.0209574326459, -0.0583799203484, -0.015), (-0.0211197452898, -0.0581286112203, -0.015), (-0.0212693294402, -0.0578695238717, -0.015), (-0.0214058132074, -0.0576033024347, -0.015), (-0.0215288572712, -0.0573306087776, -0.015), (-0.0216381557247, -0.05705212086, -0.015), (-0.0217334368347, -0.0567685310465, -0.015), (-0.0218144637174, -0.0564805443861, -0.015), (-0.0218810349271, -0.0561888768592, -0.015), (-0.0219329849574, -0.0558942535971, -0.015), (-0.0219701846522, -0.0555974070796, -0.015), (-0.0219925415273, -0.055299075314, -0.015), (-0.022, -0.055, -0.012), (-0.0219925415273, -0.054700924686, -0.012), (-0.0219701846522, -0.0544025929204, -0.012), (-0.0219329849574, -0.0541057464029, -0.012), (-0.0218810349271, -0.0538111231408, -0.012), (-0.0218144637174, -0.0535194556139, -0.012), (-0.0217334368347, -0.0532314689535, -0.012), (-0.0216381557247, -0.05294787914, -0.012), (-0.0215288572712, -0.0526693912224, -0.012), (-0.0214058132074, -0.0523966975653, -0.012), (-0.0212693294402, -0.0521304761283, -0.012), (-0.0211197452898, -0.0518713887797, -0.012), (-0.0209574326459, -0.0516200796516, -0.012), (-0.0207827950433, -0.051377173538, -0.012), (-0.0205962666587, -0.0511432743419, -0.012), (-0.020398311231, -0.0509189635734, -0.012), (-0.0201894209085, -0.0507047989044, -0.012), (-0.0199701150256, -0.0505013127822, -0.012), (-0.0197409388112, -0.0503090111052, -0.012), (-0.0195024620334, -0.0501283719657, -0.012), (-0.0192552775832, -0.0499598444611, -0.012), (-0.019, -0.0498038475773, -0.012), (-0.0187372639441, -0.0496607691471, -0.012), (-0.0184677226188, -0.0495309648861, -0.012), (-0.0181920461462, -0.0494147575081, -0.012), (-0.0179109199015, -0.049312435923, -0.012), (-0.0176250428089, -0.0492242545183, -0.012), (-0.0173351256037, -0.0491504325269, -0.012), (-0.017041889066, -0.0490911534819, -0.012), (-0.0167460622279, -0.0490465647604, -0.012), (-0.0164483805615, -0.0490167772169, -0.012), (-0.0161495841504, -0.049001864908, -0.012), (-0.0158504158496, -0.049001864908, -0.012), (-0.0155516194385, -0.0490167772169, -0.012), (-0.0152539377721, -0.0490465647604, -0.012), (-0.014958110934, -0.0490911534819, -0.012), (-0.0146648743963, -0.0491504325269, -0.012), (-0.0143749571911, -0.0492242545183, -0.012), (-0.0140890800985, -0.049312435923, -0.012), (-0.0138079538538, -0.0494147575081, -0.012), (-0.0135322773812, -0.0495309648861, -0.012), (-0.0132627360559, -0.0496607691471, -0.012), (-0.013, -0.0498038475773, -0.012), (-0.0127447224168, -0.0499598444611, -0.012), (-0.0124975379666, -0.0501283719657, -0.012), (-0.0122590611888, -0.0503090111052, -0.012), (-0.0120298849744, -0.0505013127822, -0.012), (-0.0118105790915, -0.0507047989044, -0.012), (-0.011601688769, -0.0509189635734, -0.012), (-0.0114037333413, -0.0511432743419, -0.012), (-0.0112172049567, -0.051377173538, -0.012), (-0.0110425673541, -0.0516200796516, -0.012), (-0.0108802547102, -0.0518713887797, -0.012), (-0.0107306705598, -0.0521304761283, -0.012), (-0.0105941867926, -0.0523966975653, -0.012), (-0.0104711427288, -0.0526693912224, -0.012), (-0.0103618442753, -0.05294787914, -0.012), (-0.0102665631653, -0.0532314689535, -0.012), (-0.0101855362826, -0.0535194556139, -0.012), (-0.0101189650729, -0.0538111231408, -0.012), (-0.0100670150426, -0.0541057464029, -0.012), (-0.0100298153478, -0.0544025929204, -0.012), (-0.0100074584727, -0.054700924686, -0.012), (-0.01, -0.055, -0.012), (-0.0100074584727, -0.055299075314, -0.012), (-0.0100298153478, -0.0555974070796, -0.012), (-0.0100670150426, -0.0558942535971, -0.012), (-0.0101189650729, -0.0561888768592, -0.012), (-0.0101855362826, -0.0564805443861, -0.012), (-0.0102665631653, -0.0567685310465, -0.012), (-0.0103618442753, -0.05705212086, -0.012), (-0.0104711427288, -0.0573306087776, -0.012), (-0.0105941867926, -0.0576033024347, -0.012), (-0.0107306705598, -0.0578695238717, -0.012), (-0.0108802547102, -0.0581286112203, -0.012), (-0.0110425673541, -0.0583799203484, -0.012), (-0.0112172049567, -0.058622826462, -0.012), (-0.0114037333413, -0.0588567256581, -0.012), (-0.011601688769, -0.0590810364266, -0.012), (-0.0118105790915, -0.0592952010956, -0.012), (-0.0120298849744, -0.0594986872178, -0.012), (-0.0122590611888, -0.0596909888948, -0.012), (-0.0124975379666, -0.0598716280343, -0.012), (-0.0127447224168, -0.0600401555389, -0.012), (-0.013, -0.0601961524227, -0.012), (-0.0132627360559, -0.0603392308529, -0.012), (-0.0135322773812, -0.0604690351139, -0.012), (-0.0138079538538, -0.0605852424919, -0.012), (-0.0140890800985, -0.060687564077, -0.012), (-0.0143749571911, -0.0607757454817, -0.012), (-0.0146648743963, -0.0608495674731, -0.012), (-0.014958110934, -0.0609088465181, -0.012), (-0.0152539377721, -0.0609534352396, -0.012), (-0.0155516194385, -0.0609832227831, -0.012), (-0.0158504158496, -0.060998135092, -0.012), (-0.0161495841504, -0.060998135092, -0.012), (-0.0164483805615, -0.0609832227831, -0.012), (-0.0167460622279, -0.0609534352396, -0.012), (-0.017041889066, -0.0609088465181, -0.012), (-0.0173351256037, -0.0608495674731, -0.012), (-0.0176250428089, -0.0607757454817, -0.012), (-0.0179109199015, -0.060687564077, -0.012), (-0.0181920461462, -0.0605852424919, -0.012), (-0.0184677226188, -0.0604690351139, -0.012), (-0.0187372639441, -0.0603392308529, -0.012), (-0.019, -0.0601961524227, -0.012), (-0.0192552775832, -0.0600401555389, -0.012), (-0.0195024620334, -0.0598716280343, -0.012), (-0.0197409388112, -0.0596909888948, -0.012), (-0.0199701150256, -0.0594986872178, -0.012), (-0.0201894209085, -0.0592952010956, -0.012), (-0.020398311231, -0.0590810364266, -0.012), (-0.0205962666587, -0.0588567256581, -0.012), (-0.0207827950433, -0.058622826462, -0.012), (-0.0209574326459, -0.0583799203484, -0.012), (-0.0211197452898, -0.0581286112203, -0.012), (-0.0212693294402, -0.0578695238717, -0.012), (-0.0214058132074, -0.0576033024347, -0.012), (-0.0215288572712, -0.0573306087776, -0.012), (-0.0216381557247, -0.05705212086, -0.012), (-0.0217334368347, -0.0567685310465, -0.012), (-0.0218144637174, -0.0564805443861, -0.012), (-0.0218810349271, -0.0561888768592, -0.012), (-0.0219329849574, -0.0558942535971, -0.012), (-0.0219701846522, -0.0555974070796, -0.012), (-0.0219925415273, -0.055299075314, -0.012)]
            int[] faceVertexCounts = [3, 3, 3, 3, 3, 3, 3, 3, 3, 3, 3, 3, 3, 3, 3, 3, 3, 3, 3, 3, 3, 3, 3, 3, 3, 3, 3, 3, 3, 3, 3, 3, 3, 3, 3, 3, 3, 3, 3, 3, 3, 3, 3, 3, 3, 3, 3, 3, 3, 3, 3, 3, 3, 3, 3, 3, 3, 3, 3, 3, 3, 3, 3, 3, 3, 3, 3, 3, 3, 3, 3, 3, 3, 3, 3, 3, 3, 3, 3, 3, 3, 3, 3, 3, 3, 3, 3, 3, 3, 3, 3, 3, 3, 3, 3, 3, 3, 3, 3, 3, 3, 3, 3, 3, 3, 3, 3, 3, 3, 3, 3, 3, 3, 3, 3, 3, 3, 3, 3, 3, 3, 3, 3, 3, 3, 3, 3, 3, 3, 3, 3, 3, 3, 3, 3, 3, 3, 3, 3, 3, 3, 3, 3, 3, 3, 3, 3, 3, 3, 3, 3, 3, 3, 3, 3, 3, 3, 3, 3, 3, 3, 3, 3, 3, 3, 3, 3, 3, 3, 3, 3, 3, 3, 3, 3, 3, 3, 3, 3, 3, 3, 3, 3, 3, 3, 3, 3, 3, 3, 3, 3, 3, 3, 3, 3, 3, 3, 3, 3, 3, 3, 3, 3, 3, 3, 3, 3, 3, 3, 3, 3, 3, 3, 3, 3, 3, 3, 3, 3, 3, 3, 3, 3, 3, 3, 3, 3, 3, 3, 3, 3, 3, 3, 3, 3, 3, 3, 3, 3, 3, 3, 3, 3, 3, 3, 3, 3, 3, 3, 3, 3, 3, 3, 3, 3, 3, 3, 3, 3, 3, 3, 3, 3, 3, 3, 3, 3, 3, 3, 3, 3, 3, 3, 3, 3, 3, 3, 3, 3, 3, 3, 3, 3, 3, 3, 3, 3, 3, 3, 3, 3, 3, 3, 3, 3, 3, 3, 3, 3, 3, 3, 3, 3, 3, 3, 3, 3, 3, 3, 3, 3, 3, 3, 3, 3, 3, 3, 3, 3, 3, 3, 3, 3, 3, 3, 3, 3, 3, 3, 3, 3, 3, 3, 3, 3, 3, 3, 3, 3, 3, 3, 3, 3, 3, 3, 3, 3, 3, 3, 3, 3, 3, 3, 3, 3, 3, 3, 3, 3, 3, 3, 3, 3, 3, 3, 3, 3, 3, 3, 3, 3, 3, 3, 3, 3, 3, 3, 3, 3, 3, 3, 3, 3, 3, 3, 3, 3, 3, 3, 3, 3, 3, 3, 3, 3, 3, 3, 3, 3, 3, 3, 3, 3, 3, 3, 3, 3, 3, 3, 3, 3, 3, 3, 3, 3, 3, 3, 3, 3, 3, 3, 3, 3, 3, 3, 3, 3, 3, 3, 3, 3, 3, 3, 3, 3, 3, 3, 3, 3, 3, 3, 3, 3, 3, 3, 3, 3, 3, 3, 3, 3, 3, 3, 3, 3, 3, 3, 3, 3, 3, 3, 3, 3, 3, 3, 3, 3, 3, 3, 3, 3, 3, 3, 3, 3, 3, 3, 3, 3, 3, 3, 3, 3, 3, 3, 3, 3, 3, 3, 3, 3, 3, 3, 3, 3, 3, 3, 3, 3, 3]
            int[] faceVertexIndices = [1, 0, 127, 1, 127, 128, 2, 128, 129, 2, 129, 130, 2, 1, 128, 3, 2, 130, 4, 130, 131, 4, 131, 132, 4, 3, 130, 5, 132, 133, 5, 4, 132, 6, 5, 133, 7, 133, 134, 7, 6, 133, 8, 134, 135, 8, 135, 136, 8, 7, 134, 9, 8, 136, 10, 136, 137, 10, 9, 136, 11, 10, 137, 11, 137, 138, 12, 11, 138, 12, 138, 139, 13, 12, 139, 13, 139, 140, 14, 13, 140, 14, 140, 141, 15, 14, 141, 15, 141, 142, 16, 15, 142, 16, 142, 143, 17, 16, 143, 17, 143, 144, 18, 17, 144, 18, 144, 145, 19, 18, 145, 19, 145, 146, 20, 19, 146, 20, 146, 147, 20, 147, 148, 21, 20, 148, 22, 21, 148, 22, 148, 149, 22, 149, 150, 23, 22, 150, 24, 150, 151, 24, 151, 152, 24, 23, 150, 25, 24, 152, 26, 152, 153, 26, 25, 152, 27, 153, 154, 27, 154, 155, 27, 26, 153, 28, 155, 156, 28, 27, 155, 29, 28, 156, 30, 156, 157, 30, 157, 158, 30, 29, 156, 31, 30, 158, 32, 158, 159, 32, 159, 160, 32, 31, 158, 33, 32, 160, 34, 160, 161, 34, 161, 162, 34, 33, 160, 35, 34, 162, 36, 35, 162, 36, 162, 163, 37, 36, 163, 37, 163, 164, 38, 37, 164, 38, 164, 165, 39, 38, 165, 39, 165, 166, 40, 39, 166, 40, 166, 167, 40, 167, 168, 41, 40, 168, 42, 41, 168, 42, 168, 169, 43, 42, 169, 43, 169, 170, 44, 43, 170, 44, 170, 171, 45, 44, 171, 45, 171, 172, 46, 45, 172, 46, 172, 173, 47, 46, 173, 47, 173, 174, 48, 47, 174, 48, 174, 175, 49, 48, 175, 49, 175, 176, 50, 49, 176, 50, 176, 177, 51, 50, 177, 51, 177, 178, 52, 51, 178, 52, 178, 179, 53, 52, 179, 53, 179, 180, 54, 53, 180, 54, 180, 181, 55, 54, 181, 55, 181, 182, 56, 55, 182, 56, 182, 183, 57, 56, 183, 57, 183, 184, 58, 184, 185, 58, 57, 184, 59, 185, 186, 59, 58, 185, 60, 186, 187, 60, 59, 186, 61, 187, 188, 61, 60, 187, 62, 61, 188, 62, 188, 189, 63, 62, 189, 63, 189, 190, 64, 63, 190, 64, 190, 191, 65, 64, 191, 65, 191, 192, 66, 65, 192, 66, 192, 193, 67, 66, 193, 67, 193, 194, 68, 67, 194, 68, 194, 195, 69, 68, 195, 69, 195, 196, 70, 69, 196, 70, 196, 197, 71, 70, 197, 71, 197, 198, 72, 71, 198, 72, 198, 199, 73, 72, 199, 73, 199, 200, 74, 73, 200, 74, 200, 201, 75, 201, 202, 75, 74, 201, 76, 202, 203, 76, 75, 202, 77, 203, 204, 77, 76, 203, 78, 204, 205, 78, 77, 204, 79, 205, 206, 79, 78, 205, 80, 206, 207, 80, 79, 206, 81, 207, 208, 81, 80, 207, 82, 208, 209, 82, 81, 208, 83, 209, 210, 83, 82, 209, 84, 210, 211, 84, 83, 210, 85, 211, 212, 85, 84, 211, 86, 212, 213, 86, 85, 212, 87, 213, 214, 87, 86, 213, 88, 87, 214, 88, 214, 215, 89, 88, 215, 89, 215, 216, 90, 89, 216, 90, 216, 217, 91, 90, 217, 91, 217, 218, 92, 218, 219, 92, 91, 218, 93, 219, 220, 93, 220, 221, 93, 92, 219, 94, 93, 221, 95, 221, 222, 95, 94, 221, 96, 222, 223, 96, 95, 222, 97, 223, 224, 97, 96, 223, 98, 224, 225, 98, 97, 224, 99, 225, 226, 99, 226, 227, 99, 98, 225, 100, 99, 227, 101, 227, 228, 101, 100, 227, 102, 228, 229, 102, 101, 228, 103, 229, 230, 103, 230, 231, 103, 102, 229, 104, 103, 231, 105, 231, 232, 105, 104, 231, 106, 232, 233, 106, 105, 232, 107, 233, 234, 107, 234, 235, 107, 106, 233, 108, 107, 235, 109, 235, 236, 109, 236, 237, 109, 108, 235, 110, 109, 237, 111, 237, 238, 111, 110, 237, 112, 111, 238, 112, 238, 239, 113, 112, 239, 113, 239, 240, 114, 113, 240, 114, 240, 241, 115, 114, 241, 115, 241, 242, 116, 115, 242, 116, 242, 243, 117, 116, 243, 117, 243, 244, 118, 117, 244, 118, 244, 245, 119, 118, 245, 119, 245, 246, 120, 119, 246, 120, 246, 247, 121, 120, 247, 121, 247, 248, 122, 121, 248, 122, 248, 249, 123, 122, 249, 123, 249, 250, 124, 250, 251, 124, 123, 250, 125, 124, 251, 125, 251, 252, 126, 252, 253, 126, 125, 252, 336, 334, 335, 329, 330, 331, 329, 331, 332, 338, 336, 337, 339, 336, 338, 325, 326, 327, 325, 327, 328, 325, 328, 329, 342, 340, 341, 322, 323, 324, 322, 324, 325, 344, 342, 343, 345, 334, 336, 345, 336, 339, 345, 340, 342, 345, 342, 344, 345, 332, 333, 345, 333, 334, 345, 339, 340, 347, 332, 345, 347, 345, 346, 349, 347, 348, 315, 316, 317, 315, 322, 325, 315, 317, 318, 315, 318, 319, 315, 319, 320, 315, 320, 321, 315, 321, 322, 353, 349, 350, 353, 350, 351, 353, 351, 352, 312, 313, 314, 312, 314, 315, 355, 349, 353, 355, 347, 349, 355, 353, 354, 357, 355, 356, 308, 309, 310, 308, 310, 311, 307, 312, 315, 307, 308, 311, 307, 311, 312, 359, 357, 358, 359, 355, 357, 305, 306, 307, 361, 359, 360, 361, 355, 359, 304, 305, 307, 303, 304, 307, 364, 361, 362, 364, 362, 363, 364, 347, 355, 364, 355, 361, 365, 347, 364, 300, 301, 302, 300, 302, 303, 367, 365, 366, 367, 347, 365, 297, 298, 299, 297, 299, 300, 297, 300, 303, 370, 367, 368, 370, 368, 369, 295, 296, 297, 294, 297, 303, 294, 295, 297, 373, 371, 372, 374, 370, 371, 374, 367, 370, 374, 347, 367, 374, 332, 347, 374, 371, 373, 291, 292, 293, 291, 293, 294, 289, 290, 291, 289, 291, 294, 377, 375, 376, 379, 374, 375, 379, 377, 378, 379, 329, 332, 379, 332, 374, 379, 375, 377, 285, 289, 294, 285, 286, 287, 285, 287, 288, 285, 288, 289, 284, 285, 294, 284, 294, 303, 256, 254, 255, 256, 379, 254, 282, 283, 284, 259, 256, 257, 259, 257, 258, 279, 280, 281, 279, 281, 282, 279, 282, 284, 261, 259, 260, 261, 379, 256, 261, 256, 259, 278, 279, 284, 262, 379, 261, 263, 379, 262, 275, 278, 284, 275, 276, 277, 275, 277, 278, 266, 264, 265, 273, 275, 284, 273, 274, 275, 273, 284, 303, 273, 303, 307, 267, 329, 379, 267, 263, 264, 267, 379, 263, 267, 325, 329, 267, 264, 266, 267, 315, 325, 271, 272, 273, 269, 267, 268, 270, 307, 315, 270, 315, 267, 270, 273, 307, 270, 271, 273, 270, 267, 269, 462, 461, 460, 455, 457, 456, 455, 458, 457, 464, 463, 462, 465, 464, 462, 451, 453, 452, 451, 454, 453, 451, 455, 454, 468, 467, 466, 448, 450, 449, 448, 451, 450, 470, 469, 468, 471, 462, 460, 471, 465, 462, 471, 468, 466, 471, 470, 468, 471, 459, 458, 471, 460, 459, 471, 466, 465, 473, 471, 458, 473, 472, 471, 475, 474, 473, 441, 443, 442, 441, 451, 448, 441, 444, 443, 441, 445, 444, 441, 446, 445, 441, 447, 446, 441, 448, 447, 479, 476, 475, 479, 477, 476, 479, 478, 477, 438, 440, 439, 438, 441, 440, 481, 479, 475, 481, 475, 473, 481, 480, 479, 483, 482, 481, 434, 436, 435, 434, 437, 436, 433, 441, 438, 433, 437, 434, 433, 438, 437, 485, 484, 483, 485, 483, 481, 431, 433, 432, 487, 486, 485, 487, 485, 481, 430, 433, 431, 429, 433, 430, 490, 488, 487, 490, 489, 488, 490, 481, 473, 490, 487, 481, 491, 490, 473, 426, 428, 427, 426, 429, 428, 493, 492, 491, 493, 491, 473, 423, 425, 424, 423, 426, 425, 423, 429, 426, 496, 494, 493, 496, 495, 494, 421, 423, 422, 420, 429, 423, 420, 423, 421, 499, 498, 497, 500, 497, 496, 500, 496, 493, 500, 493, 473, 500, 473, 458, 500, 499, 497, 417, 419, 418, 417, 420, 419, 415, 417, 416, 415, 420, 417, 503, 502, 501, 505, 501, 500, 505, 504, 503, 505, 458, 455, 505, 500, 458, 505, 503, 501, 411, 420, 415, 411, 413, 412, 411, 414, 413, 411, 415, 414, 410, 420, 411, 410, 429, 420, 382, 381, 380, 382, 380, 505, 408, 410, 409, 385, 383, 382, 385, 384, 383, 405, 407, 406, 405, 408, 407, 405, 410, 408, 387, 386, 385, 387, 382, 505, 387, 385, 382, 404, 410, 405, 388, 387, 505, 389, 388, 505, 401, 410, 404, 401, 403, 402, 401, 404, 403, 392, 391, 390, 399, 410, 401, 399, 401, 400, 399, 429, 410, 399, 433, 429, 393, 505, 455, 393, 390, 389, 393, 389, 505, 393, 455, 451, 393, 392, 390, 393, 451, 441, 397, 399, 398, 395, 394, 393, 396, 441, 433, 396, 393, 441, 396, 433, 399, 396, 399, 397, 396, 395, 393]
            uniform token subdivisionScheme = "none"
            uniform bool doubleSided = true
            color3f[] primvars:displayColor = [(0.24, 0.28, 0.33)]
            custom string simulationStatus = "unmeasured_occlusion_proxy"
        }
    }
    def Xform "Accessories"
    {
        def Mesh "right_heatsink"
        {
            point3f[] points = [(-0.04, -0.084, -0.012), (-0.04, -0.084, 0.012), (-0.04, -0.067, -0.012), (-0.04, -0.067, 0.012), (-0.008, -0.084, -0.012), (-0.008, -0.084, 0.012), (-0.008, -0.067, -0.012), (-0.008, -0.067, 0.012), (-0.04, -0.084, -0.012), (-0.008, -0.084, -0.012), (-0.04, -0.084, 0.012), (-0.008, -0.084, 0.012), (-0.04, -0.067, -0.012), (-0.008, -0.067, -0.012), (-0.04, -0.067, 0.012), (-0.008, -0.067, 0.012), (-0.04, -0.084, -0.012), (-0.04, -0.067, -0.012), (-0.008, -0.084, -0.012), (-0.008, -0.067, -0.012), (-0.04, -0.084, 0.012), (-0.04, -0.067, 0.012), (-0.008, -0.084, 0.012), (-0.008, -0.067, 0.012)]
            int[] faceVertexCounts = [3, 3, 3, 3, 3, 3, 3, 3, 3, 3, 3, 3]
            int[] faceVertexIndices = [1, 2, 0, 1, 3, 2, 5, 4, 6, 5, 6, 7, 11, 8, 9, 11, 10, 8, 15, 13, 12, 15, 12, 14, 19, 16, 17, 19, 18, 16, 23, 21, 20, 23, 20, 22]
            uniform token subdivisionScheme = "none"
            uniform bool doubleSided = true
            color3f[] primvars:displayColor = [(0.5, 0.53, 0.57)]
            custom string simulationStatus = "unmeasured_occlusion_proxy"
        }
        def Mesh "usb_cable_0"
        {
            point3f[] points = [(-0.0505469045157, -0.088034333678, -0.004), (-0.0505487108279, -0.088031804841, -0.00387538528585), (-0.0505541252736, -0.088024224617, -0.00375108038351), (-0.0505631343917, -0.0880116118517, -0.00362739433456), (-0.0505757157841, -0.0879939979023, -0.003504634642), (-0.0505918381714, -0.08797142656, -0.00338310650577), (-0.050611461471, -0.0879439539406, -0.00326311206397), (-0.0506345368961, -0.0879116483454, -0.00314494964169), (-0.0506610070776, -0.0878745900913, -0.00302891300931), (-0.0506908062066, -0.0878328713108, -0.00291529065221), (-0.0507238601975, -0.0877865957235, -0.00280436505345), (-0.0507600868731, -0.0877358783776, -0.00269641199155), (-0.0507993961681, -0.0876808453647, -0.00259169985484), (-0.0508416903534, -0.0876216335053, -0.00249048897419), (-0.0508868642789, -0.0875583900095, -0.00239303097578), (-0.0509348056353, -0.0874912721106, -0.00229956815557), (-0.0509853952327, -0.0874204466743, -0.00221033287685), (-0.0510385072974, -0.0873460897837, -0.00212554699258), (-0.0510940097844, -0.0872683863018, -0.00204542129383), (-0.0511517647059, -0.0871875294118, -0.00197015498571), (-0.051211628474, -0.0871037201365, -0.00189993519212), (-0.0512734522579, -0.087017166839, -0.00183493649054), (-0.0513370823539, -0.0869280847045, -0.00177532047797), (-0.0514023605677, -0.0868366952052, -0.00172123536922), (-0.0514691246073, -0.0867432255498, -0.00167281562839), (-0.0515372084867, -0.0866479081186, -0.00163018163458), (-0.0516064429388, -0.0865509798857, -0.00159343938262), (-0.0516766558357, -0.08645268183, -0.00156268021955), (-0.0517476726172, -0.086353258336, -0.00153798061747), (-0.0518193167243, -0.086252956586, -0.0015194019835), (-0.0518914100385, -0.0861520259461, -0.00150699050705), (-0.0519637733244, -0.0860507173458, -0.001500777045), (-0.0520362266756, -0.0859492826542, -0.001500777045), (-0.0521085899615, -0.0858479740539, -0.00150699050705), (-0.0521806832757, -0.085747043414, -0.0015194019835), (-0.0522523273828, -0.085646741664, -0.00153798061747), (-0.0523233441643, -0.08554731817, -0.00156268021955), (-0.0523935570612, -0.0854490201143, -0.00159343938262), (-0.0524627915133, -0.0853520918814, -0.00163018163458), (-0.0525308753927, -0.0852567744502, -0.00167281562839), (-0.0525976394323, -0.0851633047948, -0.00172123536922), (-0.0526629176461, -0.0850719152955, -0.00177532047797), (-0.0527265477421, -0.084982833161, -0.00183493649054), (-0.052788371526, -0.0848962798635, -0.00189993519212), (-0.0528482352941, -0.0848124705882, -0.00197015498571), (-0.0529059902156, -0.0847316136982, -0.00204542129383), (-0.0529614927026, -0.0846539102163, -0.00212554699258), (-0.0530146047673, -0.0845795533257, -0.00221033287685), (-0.0530651943647, -0.0845087278894, -0.00229956815557), (-0.0531131357211, -0.0844416099905, -0.00239303097578), (-0.0531583096466, -0.0843783664947, -0.00249048897419), (-0.0532006038319, -0.0843191546353, -0.00259169985484), (-0.0532399131269, -0.0842641216224, -0.00269641199155), (-0.0532761398025, -0.0842134042765, -0.00280436505345), (-0.0533091937934, -0.0841671286892, -0.00291529065221), (-0.0533389929224, -0.0841254099087, -0.00302891300931), (-0.0533654631039, -0.0840883516546, -0.00314494964169), (-0.053388538529, -0.0840560460594, -0.00326311206397), (-0.0534081618286, -0.08402857344, -0.00338310650577), (-0.0534242842159, -0.0840060020977, -0.003504634642), (-0.0534368656083, -0.0839883881483, -0.00362739433456), (-0.0534458747264, -0.083975775383, -0.00375108038351), (-0.0534512891721, -0.083968195159, -0.00387538528585), (-0.0534530954843, -0.083965666322, -0.004), (-0.0534512891721, -0.083968195159, -0.00412461471415), (-0.0534458747264, -0.083975775383, -0.00424891961649), (-0.0534368656083, -0.0839883881483, -0.00437260566544), (-0.0534242842159, -0.0840060020977, -0.004495365358), (-0.0534081618286, -0.08402857344, -0.00461689349423), (-0.053388538529, -0.0840560460594, -0.00473688793603), (-0.0533654631039, -0.0840883516546, -0.00485505035831), (-0.0533389929224, -0.0841254099087, -0.00497108699069), (-0.0533091937934, -0.0841671286892, -0.00508470934779), (-0.0532761398025, -0.0842134042765, -0.00519563494655), (-0.0532399131269, -0.0842641216224, -0.00530358800845), (-0.0532006038319, -0.0843191546353, -0.00540830014516), (-0.0531583096466, -0.0843783664947, -0.00550951102581), (-0.0531131357211, -0.0844416099905, -0.00560696902422), (-0.0530651943647, -0.0845087278894, -0.00570043184443), (-0.0530146047673, -0.0845795533257, -0.00578966712315), (-0.0529614927026, -0.0846539102163, -0.00587445300742), (-0.0529059902156, -0.0847316136982, -0.00595457870617), (-0.0528482352941, -0.0848124705882, -0.00602984501429), (-0.052788371526, -0.0848962798635, -0.00610006480788), (-0.0527265477421, -0.084982833161, -0.00616506350946), (-0.0526629176461, -0.0850719152955, -0.00622467952203), (-0.0525976394323, -0.0851633047948, -0.00627876463078), (-0.0525308753927, -0.0852567744502, -0.00632718437161), (-0.0524627915133, -0.0853520918814, -0.00636981836542), (-0.0523935570612, -0.0854490201143, -0.00640656061738), (-0.0523233441643, -0.08554731817, -0.00643731978045), (-0.0522523273828, -0.085646741664, -0.00646201938253), (-0.0521806832757, -0.085747043414, -0.0064805980165), (-0.0521085899615, -0.0858479740539, -0.00649300949295), (-0.0520362266756, -0.0859492826542, -0.006499222955), (-0.0519637733244, -0.0860507173458, -0.006499222955), (-0.0518914100385, -0.0861520259461, -0.00649300949295), (-0.0518193167243, -0.086252956586, -0.0064805980165), (-0.0517476726172, -0.086353258336, -0.00646201938253), (-0.0516766558357, -0.08645268183, -0.00643731978045), (-0.0516064429388, -0.0865509798857, -0.00640656061738), (-0.0515372084867, -0.0866479081186, -0.00636981836542), (-0.0514691246073, -0.0867432255498, -0.00632718437161), (-0.0514023605677, -0.0868366952052, -0.00627876463078), (-0.0513370823539, -0.0869280847045, -0.00622467952203), (-0.0512734522579, -0.087017166839, -0.00616506350946), (-0.051211628474, -0.0871037201365, -0.00610006480788), (-0.0511517647059, -0.0871875294118, -0.00602984501429), (-0.0510940097844, -0.0872683863018, -0.00595457870617), (-0.0510385072974, -0.0873460897837, -0.00587445300742), (-0.0509853952327, -0.0874204466743, -0.00578966712315), (-0.0509348056353, -0.0874912721106, -0.00570043184443), (-0.0508868642789, -0.0875583900095, -0.00560696902422), (-0.0508416903534, -0.0876216335053, -0.00550951102581), (-0.0507993961681, -0.0876808453647, -0.00540830014516), (-0.0507600868731, -0.0877358783776, -0.00530358800845), (-0.0507238601975, -0.0877865957235, -0.00519563494655), (-0.0506908062066, -0.0878328713108, -0.00508470934779), (-0.0506610070776, -0.0878745900913, -0.00497108699069), (-0.0506345368961, -0.0879116483454, -0.00485505035831), (-0.050611461471, -0.0879439539406, -0.00473688793603), (-0.0505918381714, -0.08797142656, -0.00461689349423), (-0.0505757157841, -0.0879939979023, -0.004495365358), (-0.0505631343917, -0.0880116118517, -0.00437260566544), (-0.0505541252736, -0.088024224617, -0.00424891961649), (-0.0505487108279, -0.088031804841, -0.00412461471415), (-0.0505469045157, -0.088034333678, -0.004), (-0.0365469045157, -0.078034333678, -0.004), (-0.0365487108279, -0.078031804841, -0.00387538528585), (-0.0365541252736, -0.078024224617, -0.00375108038351), (-0.0365631343917, -0.0780116118517, -0.00362739433456), (-0.0365757157841, -0.0779939979023, -0.003504634642), (-0.0365918381714, -0.07797142656, -0.00338310650577), (-0.036611461471, -0.0779439539406, -0.00326311206397), (-0.0366345368961, -0.0779116483454, -0.00314494964169), (-0.0366610070776, -0.0778745900913, -0.00302891300931), (-0.0366908062066, -0.0778328713108, -0.00291529065221), (-0.0367238601975, -0.0777865957235, -0.00280436505345), (-0.0367600868731, -0.0777358783776, -0.00269641199155), (-0.0367993961681, -0.0776808453647, -0.00259169985484), (-0.0368416903534, -0.0776216335053, -0.00249048897419), (-0.0368868642789, -0.0775583900095, -0.00239303097578), (-0.0369348056353, -0.0774912721106, -0.00229956815557), (-0.0369853952327, -0.0774204466743, -0.00221033287685), (-0.0370385072974, -0.0773460897837, -0.00212554699258), (-0.0370940097844, -0.0772683863018, -0.00204542129383), (-0.0371517647059, -0.0771875294118, -0.00197015498571), (-0.037211628474, -0.0771037201365, -0.00189993519212), (-0.0372734522579, -0.077017166839, -0.00183493649054), (-0.0373370823539, -0.0769280847045, -0.00177532047797), (-0.0374023605677, -0.0768366952052, -0.00172123536922), (-0.0374691246073, -0.0767432255498, -0.00167281562839), (-0.0375372084867, -0.0766479081186, -0.00163018163458), (-0.0376064429388, -0.0765509798857, -0.00159343938262), (-0.0376766558357, -0.07645268183, -0.00156268021955), (-0.0377476726172, -0.076353258336, -0.00153798061747), (-0.0378193167243, -0.076252956586, -0.0015194019835), (-0.0378914100385, -0.0761520259461, -0.00150699050705), (-0.0379637733244, -0.0760507173458, -0.001500777045), (-0.0380362266756, -0.0759492826542, -0.001500777045), (-0.0381085899615, -0.0758479740539, -0.00150699050705), (-0.0381806832757, -0.075747043414, -0.0015194019835), (-0.0382523273828, -0.075646741664, -0.00153798061747), (-0.0383233441643, -0.07554731817, -0.00156268021955), (-0.0383935570612, -0.0754490201143, -0.00159343938262), (-0.0384627915133, -0.0753520918814, -0.00163018163458), (-0.0385308753927, -0.0752567744502, -0.00167281562839), (-0.0385976394323, -0.0751633047948, -0.00172123536922), (-0.0386629176461, -0.0750719152955, -0.00177532047797), (-0.0387265477421, -0.074982833161, -0.00183493649054), (-0.038788371526, -0.0748962798635, -0.00189993519212), (-0.0388482352941, -0.0748124705882, -0.00197015498571), (-0.0389059902156, -0.0747316136982, -0.00204542129383), (-0.0389614927026, -0.0746539102163, -0.00212554699258), (-0.0390146047673, -0.0745795533257, -0.00221033287685), (-0.0390651943647, -0.0745087278894, -0.00229956815557), (-0.0391131357211, -0.0744416099905, -0.00239303097578), (-0.0391583096466, -0.0743783664947, -0.00249048897419), (-0.0392006038319, -0.0743191546353, -0.00259169985484), (-0.0392399131269, -0.0742641216224, -0.00269641199155), (-0.0392761398025, -0.0742134042765, -0.00280436505345), (-0.0393091937934, -0.0741671286892, -0.00291529065221), (-0.0393389929224, -0.0741254099087, -0.00302891300931), (-0.0393654631039, -0.0740883516546, -0.00314494964169), (-0.039388538529, -0.0740560460594, -0.00326311206397), (-0.0394081618286, -0.07402857344, -0.00338310650577), (-0.0394242842159, -0.0740060020977, -0.003504634642), (-0.0394368656083, -0.0739883881483, -0.00362739433456), (-0.0394458747264, -0.073975775383, -0.00375108038351), (-0.0394512891721, -0.073968195159, -0.00387538528585), (-0.0394530954843, -0.073965666322, -0.004), (-0.0394512891721, -0.073968195159, -0.00412461471415), (-0.0394458747264, -0.073975775383, -0.00424891961649), (-0.0394368656083, -0.0739883881483, -0.00437260566544), (-0.0394242842159, -0.0740060020977, -0.004495365358), (-0.0394081618286, -0.07402857344, -0.00461689349423), (-0.039388538529, -0.0740560460594, -0.00473688793603), (-0.0393654631039, -0.0740883516546, -0.00485505035831), (-0.0393389929224, -0.0741254099087, -0.00497108699069), (-0.0393091937934, -0.0741671286892, -0.00508470934779), (-0.0392761398025, -0.0742134042765, -0.00519563494655), (-0.0392399131269, -0.0742641216224, -0.00530358800845), (-0.0392006038319, -0.0743191546353, -0.00540830014516), (-0.0391583096466, -0.0743783664947, -0.00550951102581), (-0.0391131357211, -0.0744416099905, -0.00560696902422), (-0.0390651943647, -0.0745087278894, -0.00570043184443), (-0.0390146047673, -0.0745795533257, -0.00578966712315), (-0.0389614927026, -0.0746539102163, -0.00587445300742), (-0.0389059902156, -0.0747316136982, -0.00595457870617), (-0.0388482352941, -0.0748124705882, -0.00602984501429), (-0.038788371526, -0.0748962798635, -0.00610006480788), (-0.0387265477421, -0.074982833161, -0.00616506350946), (-0.0386629176461, -0.0750719152955, -0.00622467952203), (-0.0385976394323, -0.0751633047948, -0.00627876463078), (-0.0385308753927, -0.0752567744502, -0.00632718437161), (-0.0384627915133, -0.0753520918814, -0.00636981836542), (-0.0383935570612, -0.0754490201143, -0.00640656061738), (-0.0383233441643, -0.07554731817, -0.00643731978045), (-0.0382523273828, -0.075646741664, -0.00646201938253), (-0.0381806832757, -0.075747043414, -0.0064805980165), (-0.0381085899615, -0.0758479740539, -0.00649300949295), (-0.0380362266756, -0.0759492826542, -0.006499222955), (-0.0379637733244, -0.0760507173458, -0.006499222955), (-0.0378914100385, -0.0761520259461, -0.00649300949295), (-0.0378193167243, -0.076252956586, -0.0064805980165), (-0.0377476726172, -0.076353258336, -0.00646201938253), (-0.0376766558357, -0.07645268183, -0.00643731978045), (-0.0376064429388, -0.0765509798857, -0.00640656061738), (-0.0375372084867, -0.0766479081186, -0.00636981836542), (-0.0374691246073, -0.0767432255498, -0.00632718437161), (-0.0374023605677, -0.0768366952052, -0.00627876463078), (-0.0373370823539, -0.0769280847045, -0.00622467952203), (-0.0372734522579, -0.077017166839, -0.00616506350946), (-0.037211628474, -0.0771037201365, -0.00610006480788), (-0.0371517647059, -0.0771875294118, -0.00602984501429), (-0.0370940097844, -0.0772683863018, -0.00595457870617), (-0.0370385072974, -0.0773460897837, -0.00587445300742), (-0.0369853952327, -0.0774204466743, -0.00578966712315), (-0.0369348056353, -0.0774912721106, -0.00570043184443), (-0.0368868642789, -0.0775583900095, -0.00560696902422), (-0.0368416903534, -0.0776216335053, -0.00550951102581), (-0.0367993961681, -0.0776808453647, -0.00540830014516), (-0.0367600868731, -0.0777358783776, -0.00530358800845), (-0.0367238601975, -0.0777865957235, -0.00519563494655), (-0.0366908062066, -0.0778328713108, -0.00508470934779), (-0.0366610070776, -0.0778745900913, -0.00497108699069), (-0.0366345368961, -0.0779116483454, -0.00485505035831), (-0.036611461471, -0.0779439539406, -0.00473688793603), (-0.0365918381714, -0.07797142656, -0.00461689349423), (-0.0365757157841, -0.0779939979023, -0.004495365358), (-0.0365631343917, -0.0780116118517, -0.00437260566544), (-0.0365541252736, -0.078024224617, -0.00424891961649), (-0.0365487108279, -0.078031804841, -0.00412461471415), (-0.0365469045157, -0.078034333678, -0.004), (-0.0505469045157, -0.088034333678, -0.004), (-0.0505487108279, -0.088031804841, -0.00387538528585), (-0.0505541252736, -0.088024224617, -0.00375108038351), (-0.0505631343917, -0.0880116118517, -0.00362739433456), (-0.0505757157841, -0.0879939979023, -0.003504634642), (-0.0505918381714, -0.08797142656, -0.00338310650577), (-0.050611461471, -0.0879439539406, -0.00326311206397), (-0.0506345368961, -0.0879116483454, -0.00314494964169), (-0.0506610070776, -0.0878745900913, -0.00302891300931), (-0.0506908062066, -0.0878328713108, -0.00291529065221), (-0.0507238601975, -0.0877865957235, -0.00280436505345), (-0.0507600868731, -0.0877358783776, -0.00269641199155), (-0.0507993961681, -0.0876808453647, -0.00259169985484), (-0.0508416903534, -0.0876216335053, -0.00249048897419), (-0.0508868642789, -0.0875583900095, -0.00239303097578), (-0.0509348056353, -0.0874912721106, -0.00229956815557), (-0.0509853952327, -0.0874204466743, -0.00221033287685), (-0.0510385072974, -0.0873460897837, -0.00212554699258), (-0.0510940097844, -0.0872683863018, -0.00204542129383), (-0.0511517647059, -0.0871875294118, -0.00197015498571), (-0.051211628474, -0.0871037201365, -0.00189993519212), (-0.0512734522579, -0.087017166839, -0.00183493649054), (-0.0513370823539, -0.0869280847045, -0.00177532047797), (-0.0514023605677, -0.0868366952052, -0.00172123536922), (-0.0514691246073, -0.0867432255498, -0.00167281562839), (-0.0515372084867, -0.0866479081186, -0.00163018163458), (-0.0516064429388, -0.0865509798857, -0.00159343938262), (-0.0516766558357, -0.08645268183, -0.00156268021955), (-0.0517476726172, -0.086353258336, -0.00153798061747), (-0.0518193167243, -0.086252956586, -0.0015194019835), (-0.0518914100385, -0.0861520259461, -0.00150699050705), (-0.0519637733244, -0.0860507173458, -0.001500777045), (-0.0520362266756, -0.0859492826542, -0.001500777045), (-0.0521085899615, -0.0858479740539, -0.00150699050705), (-0.0521806832757, -0.085747043414, -0.0015194019835), (-0.0522523273828, -0.085646741664, -0.00153798061747), (-0.0523233441643, -0.08554731817, -0.00156268021955), (-0.0523935570612, -0.0854490201143, -0.00159343938262), (-0.0524627915133, -0.0853520918814, -0.00163018163458), (-0.0525308753927, -0.0852567744502, -0.00167281562839), (-0.0525976394323, -0.0851633047948, -0.00172123536922), (-0.0526629176461, -0.0850719152955, -0.00177532047797), (-0.0527265477421, -0.084982833161, -0.00183493649054), (-0.052788371526, -0.0848962798635, -0.00189993519212), (-0.0528482352941, -0.0848124705882, -0.00197015498571), (-0.0529059902156, -0.0847316136982, -0.00204542129383), (-0.0529614927026, -0.0846539102163, -0.00212554699258), (-0.0530146047673, -0.0845795533257, -0.00221033287685), (-0.0530651943647, -0.0845087278894, -0.00229956815557), (-0.0531131357211, -0.0844416099905, -0.00239303097578), (-0.0531583096466, -0.0843783664947, -0.00249048897419), (-0.0532006038319, -0.0843191546353, -0.00259169985484), (-0.0532399131269, -0.0842641216224, -0.00269641199155), (-0.0532761398025, -0.0842134042765, -0.00280436505345), (-0.0533091937934, -0.0841671286892, -0.00291529065221), (-0.0533389929224, -0.0841254099087, -0.00302891300931), (-0.0533654631039, -0.0840883516546, -0.00314494964169), (-0.053388538529, -0.0840560460594, -0.00326311206397), (-0.0534081618286, -0.08402857344, -0.00338310650577), (-0.0534242842159, -0.0840060020977, -0.003504634642), (-0.0534368656083, -0.0839883881483, -0.00362739433456), (-0.0534458747264, -0.083975775383, -0.00375108038351), (-0.0534512891721, -0.083968195159, -0.00387538528585), (-0.0534530954843, -0.083965666322, -0.004), (-0.0534512891721, -0.083968195159, -0.00412461471415), (-0.0534458747264, -0.083975775383, -0.00424891961649), (-0.0534368656083, -0.0839883881483, -0.00437260566544), (-0.0534242842159, -0.0840060020977, -0.004495365358), (-0.0534081618286, -0.08402857344, -0.00461689349423), (-0.053388538529, -0.0840560460594, -0.00473688793603), (-0.0533654631039, -0.0840883516546, -0.00485505035831), (-0.0533389929224, -0.0841254099087, -0.00497108699069), (-0.0533091937934, -0.0841671286892, -0.00508470934779), (-0.0532761398025, -0.0842134042765, -0.00519563494655), (-0.0532399131269, -0.0842641216224, -0.00530358800845), (-0.0532006038319, -0.0843191546353, -0.00540830014516), (-0.0531583096466, -0.0843783664947, -0.00550951102581), (-0.0531131357211, -0.0844416099905, -0.00560696902422), (-0.0530651943647, -0.0845087278894, -0.00570043184443), (-0.0530146047673, -0.0845795533257, -0.00578966712315), (-0.0529614927026, -0.0846539102163, -0.00587445300742), (-0.0529059902156, -0.0847316136982, -0.00595457870617), (-0.0528482352941, -0.0848124705882, -0.00602984501429), (-0.052788371526, -0.0848962798635, -0.00610006480788), (-0.0527265477421, -0.084982833161, -0.00616506350946), (-0.0526629176461, -0.0850719152955, -0.00622467952203), (-0.0525976394323, -0.0851633047948, -0.00627876463078), (-0.0525308753927, -0.0852567744502, -0.00632718437161), (-0.0524627915133, -0.0853520918814, -0.00636981836542), (-0.0523935570612, -0.0854490201143, -0.00640656061738), (-0.0523233441643, -0.08554731817, -0.00643731978045), (-0.0522523273828, -0.085646741664, -0.00646201938253), (-0.0521806832757, -0.085747043414, -0.0064805980165), (-0.0521085899615, -0.0858479740539, -0.00649300949295), (-0.0520362266756, -0.0859492826542, -0.006499222955), (-0.0519637733244, -0.0860507173458, -0.006499222955), (-0.0518914100385, -0.0861520259461, -0.00649300949295), (-0.0518193167243, -0.086252956586, -0.0064805980165), (-0.0517476726172, -0.086353258336, -0.00646201938253), (-0.0516766558357, -0.08645268183, -0.00643731978045), (-0.0516064429388, -0.0865509798857, -0.00640656061738), (-0.0515372084867, -0.0866479081186, -0.00636981836542), (-0.0514691246073, -0.0867432255498, -0.00632718437161), (-0.0514023605677, -0.0868366952052, -0.00627876463078), (-0.0513370823539, -0.0869280847045, -0.00622467952203), (-0.0512734522579, -0.087017166839, -0.00616506350946), (-0.051211628474, -0.0871037201365, -0.00610006480788), (-0.0511517647059, -0.0871875294118, -0.00602984501429), (-0.0510940097844, -0.0872683863018, -0.00595457870617), (-0.0510385072974, -0.0873460897837, -0.00587445300742), (-0.0509853952327, -0.0874204466743, -0.00578966712315), (-0.0509348056353, -0.0874912721106, -0.00570043184443), (-0.0508868642789, -0.0875583900095, -0.00560696902422), (-0.0508416903534, -0.0876216335053, -0.00550951102581), (-0.0507993961681, -0.0876808453647, -0.00540830014516), (-0.0507600868731, -0.0877358783776, -0.00530358800845), (-0.0507238601975, -0.0877865957235, -0.00519563494655), (-0.0506908062066, -0.0878328713108, -0.00508470934779), (-0.0506610070776, -0.0878745900913, -0.00497108699069), (-0.0506345368961, -0.0879116483454, -0.00485505035831), (-0.050611461471, -0.0879439539406, -0.00473688793603), (-0.0505918381714, -0.08797142656, -0.00461689349423), (-0.0505757157841, -0.0879939979023, -0.004495365358), (-0.0505631343917, -0.0880116118517, -0.00437260566544), (-0.0505541252736, -0.088024224617, -0.00424891961649), (-0.0505487108279, -0.088031804841, -0.00412461471415), (-0.0365469045157, -0.078034333678, -0.004), (-0.0365487108279, -0.078031804841, -0.00387538528585), (-0.0365541252736, -0.078024224617, -0.00375108038351), (-0.0365631343917, -0.0780116118517, -0.00362739433456), (-0.0365757157841, -0.0779939979023, -0.003504634642), (-0.0365918381714, -0.07797142656, -0.00338310650577), (-0.036611461471, -0.0779439539406, -0.00326311206397), (-0.0366345368961, -0.0779116483454, -0.00314494964169), (-0.0366610070776, -0.0778745900913, -0.00302891300931), (-0.0366908062066, -0.0778328713108, -0.00291529065221), (-0.0367238601975, -0.0777865957235, -0.00280436505345), (-0.0367600868731, -0.0777358783776, -0.00269641199155), (-0.0367993961681, -0.0776808453647, -0.00259169985484), (-0.0368416903534, -0.0776216335053, -0.00249048897419), (-0.0368868642789, -0.0775583900095, -0.00239303097578), (-0.0369348056353, -0.0774912721106, -0.00229956815557), (-0.0369853952327, -0.0774204466743, -0.00221033287685), (-0.0370385072974, -0.0773460897837, -0.00212554699258), (-0.0370940097844, -0.0772683863018, -0.00204542129383), (-0.0371517647059, -0.0771875294118, -0.00197015498571), (-0.037211628474, -0.0771037201365, -0.00189993519212), (-0.0372734522579, -0.077017166839, -0.00183493649054), (-0.0373370823539, -0.0769280847045, -0.00177532047797), (-0.0374023605677, -0.0768366952052, -0.00172123536922), (-0.0374691246073, -0.0767432255498, -0.00167281562839), (-0.0375372084867, -0.0766479081186, -0.00163018163458), (-0.0376064429388, -0.0765509798857, -0.00159343938262), (-0.0376766558357, -0.07645268183, -0.00156268021955), (-0.0377476726172, -0.076353258336, -0.00153798061747), (-0.0378193167243, -0.076252956586, -0.0015194019835), (-0.0378914100385, -0.0761520259461, -0.00150699050705), (-0.0379637733244, -0.0760507173458, -0.001500777045), (-0.0380362266756, -0.0759492826542, -0.001500777045), (-0.0381085899615, -0.0758479740539, -0.00150699050705), (-0.0381806832757, -0.075747043414, -0.0015194019835), (-0.0382523273828, -0.075646741664, -0.00153798061747), (-0.0383233441643, -0.07554731817, -0.00156268021955), (-0.0383935570612, -0.0754490201143, -0.00159343938262), (-0.0384627915133, -0.0753520918814, -0.00163018163458), (-0.0385308753927, -0.0752567744502, -0.00167281562839), (-0.0385976394323, -0.0751633047948, -0.00172123536922), (-0.0386629176461, -0.0750719152955, -0.00177532047797), (-0.0387265477421, -0.074982833161, -0.00183493649054), (-0.038788371526, -0.0748962798635, -0.00189993519212), (-0.0388482352941, -0.0748124705882, -0.00197015498571), (-0.0389059902156, -0.0747316136982, -0.00204542129383), (-0.0389614927026, -0.0746539102163, -0.00212554699258), (-0.0390146047673, -0.0745795533257, -0.00221033287685), (-0.0390651943647, -0.0745087278894, -0.00229956815557), (-0.0391131357211, -0.0744416099905, -0.00239303097578), (-0.0391583096466, -0.0743783664947, -0.00249048897419), (-0.0392006038319, -0.0743191546353, -0.00259169985484), (-0.0392399131269, -0.0742641216224, -0.00269641199155), (-0.0392761398025, -0.0742134042765, -0.00280436505345), (-0.0393091937934, -0.0741671286892, -0.00291529065221), (-0.0393389929224, -0.0741254099087, -0.00302891300931), (-0.0393654631039, -0.0740883516546, -0.00314494964169), (-0.039388538529, -0.0740560460594, -0.00326311206397), (-0.0394081618286, -0.07402857344, -0.00338310650577), (-0.0394242842159, -0.0740060020977, -0.003504634642), (-0.0394368656083, -0.0739883881483, -0.00362739433456), (-0.0394458747264, -0.073975775383, -0.00375108038351), (-0.0394512891721, -0.073968195159, -0.00387538528585), (-0.0394530954843, -0.073965666322, -0.004), (-0.0394512891721, -0.073968195159, -0.00412461471415), (-0.0394458747264, -0.073975775383, -0.00424891961649), (-0.0394368656083, -0.0739883881483, -0.00437260566544), (-0.0394242842159, -0.0740060020977, -0.004495365358), (-0.0394081618286, -0.07402857344, -0.00461689349423), (-0.039388538529, -0.0740560460594, -0.00473688793603), (-0.0393654631039, -0.0740883516546, -0.00485505035831), (-0.0393389929224, -0.0741254099087, -0.00497108699069), (-0.0393091937934, -0.0741671286892, -0.00508470934779), (-0.0392761398025, -0.0742134042765, -0.00519563494655), (-0.0392399131269, -0.0742641216224, -0.00530358800845), (-0.0392006038319, -0.0743191546353, -0.00540830014516), (-0.0391583096466, -0.0743783664947, -0.00550951102581), (-0.0391131357211, -0.0744416099905, -0.00560696902422), (-0.0390651943647, -0.0745087278894, -0.00570043184443), (-0.0390146047673, -0.0745795533257, -0.00578966712315), (-0.0389614927026, -0.0746539102163, -0.00587445300742), (-0.0389059902156, -0.0747316136982, -0.00595457870617), (-0.0388482352941, -0.0748124705882, -0.00602984501429), (-0.038788371526, -0.0748962798635, -0.00610006480788), (-0.0387265477421, -0.074982833161, -0.00616506350946), (-0.0386629176461, -0.0750719152955, -0.00622467952203), (-0.0385976394323, -0.0751633047948, -0.00627876463078), (-0.0385308753927, -0.0752567744502, -0.00632718437161), (-0.0384627915133, -0.0753520918814, -0.00636981836542), (-0.0383935570612, -0.0754490201143, -0.00640656061738), (-0.0383233441643, -0.07554731817, -0.00643731978045), (-0.0382523273828, -0.075646741664, -0.00646201938253), (-0.0381806832757, -0.075747043414, -0.0064805980165), (-0.0381085899615, -0.0758479740539, -0.00649300949295), (-0.0380362266756, -0.0759492826542, -0.006499222955), (-0.0379637733244, -0.0760507173458, -0.006499222955), (-0.0378914100385, -0.0761520259461, -0.00649300949295), (-0.0378193167243, -0.076252956586, -0.0064805980165), (-0.0377476726172, -0.076353258336, -0.00646201938253), (-0.0376766558357, -0.07645268183, -0.00643731978045), (-0.0376064429388, -0.0765509798857, -0.00640656061738), (-0.0375372084867, -0.0766479081186, -0.00636981836542), (-0.0374691246073, -0.0767432255498, -0.00632718437161), (-0.0374023605677, -0.0768366952052, -0.00627876463078), (-0.0373370823539, -0.0769280847045, -0.00622467952203), (-0.0372734522579, -0.077017166839, -0.00616506350946), (-0.037211628474, -0.0771037201365, -0.00610006480788), (-0.0371517647059, -0.0771875294118, -0.00602984501429), (-0.0370940097844, -0.0772683863018, -0.00595457870617), (-0.0370385072974, -0.0773460897837, -0.00587445300742), (-0.0369853952327, -0.0774204466743, -0.00578966712315), (-0.0369348056353, -0.0774912721106, -0.00570043184443), (-0.0368868642789, -0.0775583900095, -0.00560696902422), (-0.0368416903534, -0.0776216335053, -0.00550951102581), (-0.0367993961681, -0.0776808453647, -0.00540830014516), (-0.0367600868731, -0.0777358783776, -0.00530358800845), (-0.0367238601975, -0.0777865957235, -0.00519563494655), (-0.0366908062066, -0.0778328713108, -0.00508470934779), (-0.0366610070776, -0.0778745900913, -0.00497108699069), (-0.0366345368961, -0.0779116483454, -0.00485505035831), (-0.036611461471, -0.0779439539406, -0.00473688793603), (-0.0365918381714, -0.07797142656, -0.00461689349423), (-0.0365757157841, -0.0779939979023, -0.004495365358), (-0.0365631343917, -0.0780116118517, -0.00437260566544), (-0.0365541252736, -0.078024224617, -0.00424891961649), (-0.0365487108279, -0.078031804841, -0.00412461471415)]
            int[] faceVertexCounts = [3, 3, 3, 3, 3, 3, 3, 3, 3, 3, 3, 3, 3, 3, 3, 3, 3, 3, 3, 3, 3, 3, 3, 3, 3, 3, 3, 3, 3, 3, 3, 3, 3, 3, 3, 3, 3, 3, 3, 3, 3, 3, 3, 3, 3, 3, 3, 3, 3, 3, 3, 3, 3, 3, 3, 3, 3, 3, 3, 3, 3, 3, 3, 3, 3, 3, 3, 3, 3, 3, 3, 3, 3, 3, 3, 3, 3, 3, 3, 3, 3, 3, 3, 3, 3, 3, 3, 3, 3, 3, 3, 3, 3, 3, 3, 3, 3, 3, 3, 3, 3, 3, 3, 3, 3, 3, 3, 3, 3, 3, 3, 3, 3, 3, 3, 3, 3, 3, 3, 3, 3, 3, 3, 3, 3, 3, 3, 3, 3, 3, 3, 3, 3, 3, 3, 3, 3, 3, 3, 3, 3, 3, 3, 3, 3, 3, 3, 3, 3, 3, 3, 3, 3, 3, 3, 3, 3, 3, 3, 3, 3, 3, 3, 3, 3, 3, 3, 3, 3, 3, 3, 3, 3, 3, 3, 3, 3, 3, 3, 3, 3, 3, 3, 3, 3, 3, 3, 3, 3, 3, 3, 3, 3, 3, 3, 3, 3, 3, 3, 3, 3, 3, 3, 3, 3, 3, 3, 3, 3, 3, 3, 3, 3, 3, 3, 3, 3, 3, 3, 3, 3, 3, 3, 3, 3, 3, 3, 3, 3, 3, 3, 3, 3, 3, 3, 3, 3, 3, 3, 3, 3, 3, 3, 3, 3, 3, 3, 3, 3, 3, 3, 3, 3, 3, 3, 3, 3, 3, 3, 3, 3, 3, 3, 3, 3, 3, 3, 3, 3, 3, 3, 3, 3, 3, 3, 3, 3, 3, 3, 3, 3, 3, 3, 3, 3, 3, 3, 3, 3, 3, 3, 3, 3, 3, 3, 3, 3, 3, 3, 3, 3, 3, 3, 3, 3, 3, 3, 3, 3, 3, 3, 3, 3, 3, 3, 3, 3, 3, 3, 3, 3, 3, 3, 3, 3, 3, 3, 3, 3, 3, 3, 3, 3, 3, 3, 3, 3, 3, 3, 3, 3, 3, 3, 3, 3, 3, 3, 3, 3, 3, 3, 3, 3, 3, 3, 3, 3, 3, 3, 3, 3, 3, 3, 3, 3, 3, 3, 3, 3, 3, 3, 3, 3, 3, 3, 3, 3, 3, 3, 3, 3, 3, 3, 3, 3, 3, 3, 3, 3, 3, 3, 3, 3, 3, 3, 3, 3, 3, 3, 3, 3, 3, 3, 3, 3, 3, 3, 3, 3, 3, 3, 3, 3, 3, 3, 3, 3, 3, 3, 3, 3, 3, 3, 3, 3, 3, 3, 3, 3, 3, 3, 3, 3, 3, 3, 3, 3, 3, 3, 3, 3, 3, 3, 3, 3, 3, 3, 3, 3, 3, 3, 3, 3, 3, 3, 3, 3, 3, 3, 3, 3, 3, 3, 3, 3, 3, 3, 3, 3, 3, 3, 3, 3, 3, 3, 3, 3, 3, 3, 3, 3, 3, 3, 3, 3, 3, 3, 3, 3, 3, 3, 3, 3, 3, 3, 3, 3, 3, 3, 3]
            int[] faceVertexIndices = [1, 0, 127, 1, 127, 128, 2, 128, 129, 2, 1, 128, 3, 129, 130, 3, 2, 129, 4, 130, 131, 4, 3, 130, 5, 131, 132, 5, 4, 131, 6, 132, 133, 6, 5, 132, 7, 133, 134, 7, 6, 133, 8, 134, 135, 8, 7, 134, 9, 135, 136, 9, 136, 137, 9, 8, 135, 10, 9, 137, 11, 10, 137, 11, 137, 138, 11, 138, 139, 12, 11, 139, 12, 139, 140, 13, 12, 140, 14, 13, 140, 14, 140, 141, 15, 14, 141, 15, 141, 142, 16, 15, 142, 16, 142, 143, 17, 16, 143, 17, 143, 144, 17, 144, 145, 18, 17, 145, 19, 18, 145, 19, 145, 146, 20, 19, 146, 20, 146, 147, 21, 20, 147, 21, 147, 148, 21, 148, 149, 22, 21, 149, 23, 149, 150, 23, 22, 149, 24, 150, 151, 24, 23, 150, 25, 151, 152, 25, 24, 151, 26, 152, 153, 26, 25, 152, 27, 153, 154, 27, 26, 153, 28, 154, 155, 28, 155, 156, 28, 27, 154, 29, 28, 156, 30, 156, 157, 30, 157, 158, 30, 29, 156, 31, 158, 159, 31, 30, 158, 32, 31, 159, 33, 159, 160, 33, 32, 159, 34, 160, 161, 34, 33, 160, 35, 161, 162, 35, 162, 163, 35, 34, 161, 36, 163, 164, 36, 35, 163, 37, 36, 164, 38, 37, 164, 38, 164, 165, 39, 38, 165, 39, 165, 166, 39, 166, 167, 40, 39, 167, 41, 40, 167, 41, 167, 168, 42, 41, 168, 42, 168, 169, 43, 42, 169, 43, 169, 170, 44, 43, 170, 44, 170, 171, 45, 44, 171, 45, 171, 172, 46, 45, 172, 46, 172, 173, 46, 173, 174, 47, 46, 174, 48, 47, 174, 48, 174, 175, 49, 48, 175, 49, 175, 176, 50, 49, 176, 50, 176, 177, 51, 50, 177, 51, 177, 178, 52, 51, 178, 52, 178, 179, 52, 179, 180, 53, 52, 180, 54, 53, 180, 54, 180, 181, 55, 54, 181, 55, 181, 182, 56, 55, 182, 56, 182, 183, 56, 183, 184, 57, 56, 184, 58, 184, 185, 58, 57, 184, 59, 185, 186, 59, 58, 185, 60, 186, 187, 60, 59, 186, 61, 187, 188, 61, 60, 187, 62, 61, 188, 62, 188, 189, 62, 189, 190, 63, 62, 190, 64, 63, 190, 64, 190, 191, 64, 191, 192, 65, 64, 192, 66, 65, 192, 66, 192, 193, 66, 193, 194, 67, 66, 194, 68, 67, 194, 68, 194, 195, 69, 68, 195, 69, 195, 196, 69, 196, 197, 70, 69, 197, 71, 70, 197, 71, 197, 198, 71, 198, 199, 72, 71, 199, 73, 72, 199, 73, 199, 200, 73, 200, 201, 74, 73, 201, 75, 201, 202, 75, 202, 203, 75, 74, 201, 76, 75, 203, 77, 203, 204, 77, 204, 205, 77, 76, 203, 78, 77, 205, 79, 205, 206, 79, 206, 207, 79, 78, 205, 80, 79, 207, 81, 207, 208, 81, 208, 209, 81, 80, 207, 82, 81, 209, 83, 209, 210, 83, 210, 211, 83, 82, 209, 84, 83, 211, 85, 211, 212, 85, 84, 211, 86, 212, 213, 86, 85, 212, 87, 213, 214, 87, 86, 213, 88, 87, 214, 88, 214, 215, 88, 215, 216, 89, 88, 216, 90, 89, 216, 90, 216, 217, 90, 217, 218, 91, 90, 218, 92, 218, 219, 92, 91, 218, 93, 219, 220, 93, 92, 219, 94, 220, 221, 94, 93, 220, 95, 221, 222, 95, 94, 221, 96, 222, 223, 96, 95, 222, 97, 223, 224, 97, 96, 223, 98, 224, 225, 98, 97, 224, 99, 225, 226, 99, 98, 225, 100, 226, 227, 100, 227, 228, 100, 99, 226, 101, 100, 228, 102, 228, 229, 102, 101, 228, 103, 229, 230, 103, 102, 229, 104, 230, 231, 104, 103, 230, 105, 231, 232, 105, 104, 231, 106, 232, 233, 106, 105, 232, 107, 233, 234, 107, 106, 233, 108, 234, 235, 108, 107, 234, 109, 235, 236, 109, 108, 235, 110, 236, 237, 110, 237, 238, 110, 109, 236, 111, 110, 238, 112, 111, 238, 112, 238, 239, 113, 112, 239, 113, 239, 240, 114, 113, 240, 114, 240, 241, 114, 241, 242, 115, 114, 242, 116, 115, 242, 116, 242, 243, 116, 243, 244, 117, 116, 244, 118, 117, 244, 118, 244, 245, 118, 245, 246, 119, 118, 246, 119, 246, 247, 120, 119, 247, 121, 120, 247, 121, 247, 248, 121, 248, 249, 122, 121, 249, 123, 122, 249, 123, 249, 250, 124, 250, 251, 124, 123, 250, 125, 124, 251, 125, 251, 252, 126, 252, 253, 126, 125, 252, 337, 331, 332, 337, 332, 333, 337, 333, 334, 337, 334, 335, 337, 335, 336, 326, 327, 328, 342, 337, 338, 342, 338, 339, 342, 339, 340, 342, 340, 341, 322, 326, 328, 322, 323, 324, 322, 324, 325, 322, 325, 326, 345, 342, 343, 345, 343, 344, 320, 321, 322, 318, 319, 320, 348, 345, 346, 348, 346, 347, 314, 315, 316, 354, 351, 352, 354, 352, 353, 311, 312, 313, 310, 311, 313, 310, 313, 314, 357, 354, 355, 357, 355, 356, 357, 351, 354, 357, 348, 349, 357, 349, 350, 357, 350, 351, 308, 310, 314, 308, 309, 310, 306, 308, 314, 306, 307, 308, 306, 316, 317, 306, 317, 318, 306, 322, 328, 306, 320, 322, 306, 328, 329, 306, 329, 330, 306, 330, 331, 306, 318, 320, 306, 314, 316, 360, 357, 358, 360, 358, 359, 361, 357, 360, 304, 305, 306, 363, 361, 362, 301, 302, 303, 365, 363, 364, 366, 361, 363, 366, 357, 361, 366, 363, 365, 366, 348, 357, 299, 300, 301, 299, 301, 303, 298, 299, 303, 369, 366, 367, 369, 367, 368, 369, 348, 366, 295, 296, 297, 295, 297, 298, 371, 369, 370, 373, 371, 372, 292, 293, 294, 292, 294, 295, 374, 371, 373, 375, 371, 374, 290, 291, 292, 290, 292, 295, 376, 371, 375, 377, 348, 369, 377, 369, 371, 377, 345, 348, 377, 371, 376, 379, 377, 378, 286, 287, 288, 286, 288, 289, 286, 289, 290, 285, 286, 290, 285, 290, 295, 285, 298, 303, 285, 295, 298, 255, 345, 377, 255, 377, 379, 255, 379, 254, 255, 337, 342, 255, 342, 345, 257, 255, 256, 282, 283, 284, 282, 284, 285, 258, 255, 257, 259, 255, 258, 279, 282, 285, 279, 280, 281, 279, 281, 282, 261, 259, 260, 261, 337, 255, 261, 255, 259, 261, 331, 337, 277, 278, 279, 264, 262, 263, 275, 276, 277, 275, 277, 279, 265, 261, 262, 265, 262, 264, 266, 261, 265, 273, 279, 285, 273, 331, 261, 273, 285, 303, 273, 274, 275, 273, 306, 331, 273, 304, 306, 273, 303, 304, 273, 261, 266, 273, 275, 279, 271, 272, 273, 270, 266, 267, 270, 267, 268, 270, 268, 269, 270, 273, 266, 270, 271, 273, 463, 458, 457, 463, 459, 458, 463, 460, 459, 463, 461, 460, 463, 462, 461, 452, 454, 453, 468, 464, 463, 468, 465, 464, 468, 466, 465, 468, 467, 466, 448, 454, 452, 448, 450, 449, 448, 451, 450, 448, 452, 451, 471, 469, 468, 471, 470, 469, 446, 448, 447, 444, 446, 445, 474, 472, 471, 474, 473, 472, 440, 442, 441, 480, 478, 477, 480, 479, 478, 437, 439, 438, 436, 439, 437, 436, 440, 439, 483, 481, 480, 483, 482, 481, 483, 480, 477, 483, 475, 474, 483, 476, 475, 483, 477, 476, 434, 440, 436, 434, 436, 435, 432, 440, 434, 432, 434, 433, 432, 443, 442, 432, 444, 443, 432, 454, 448, 432, 448, 446, 432, 455, 454, 432, 456, 455, 432, 457, 456, 432, 446, 444, 432, 442, 440, 486, 484, 483, 486, 485, 484, 487, 486, 483, 430, 432, 431, 489, 488, 487, 427, 429, 428, 491, 490, 489, 492, 489, 487, 492, 487, 483, 492, 491, 489, 492, 483, 474, 425, 427, 426, 425, 429, 427, 424, 429, 425, 495, 493, 492, 495, 494, 493, 495, 492, 474, 421, 423, 422, 421, 424, 423, 497, 496, 495, 499, 498, 497, 418, 420, 419, 418, 421, 420, 500, 499, 497, 501, 500, 497, 416, 418, 417, 416, 421, 418, 502, 501, 497, 503, 495, 474, 503, 497, 495, 503, 474, 471, 503, 502, 497, 505, 504, 503, 412, 414, 413, 412, 415, 414, 412, 416, 415, 411, 416, 412, 411, 421, 416, 411, 429, 424, 411, 424, 421, 381, 503, 471, 381, 505, 503, 381, 380, 505, 381, 468, 463, 381, 471, 468, 383, 382, 381, 408, 410, 409, 408, 411, 410, 384, 383, 381, 385, 384, 381, 405, 411, 408, 405, 407, 406, 405, 408, 407, 387, 386, 385, 387, 381, 463, 387, 385, 381, 387, 463, 457, 403, 405, 404, 390, 389, 388, 401, 403, 402, 401, 405, 403, 391, 388, 387, 391, 390, 388, 392, 391, 387, 399, 411, 405, 399, 387, 457, 399, 429, 411, 399, 401, 400, 399, 457, 432, 399, 432, 430, 399, 430, 429, 399, 392, 387, 399, 405, 401, 397, 399, 398, 396, 393, 392, 396, 394, 393, 396, 395, 394, 396, 392, 399, 396, 399, 397]
            uniform token subdivisionScheme = "none"
            uniform bool doubleSided = true
            color3f[] primvars:displayColor = [(0.5, 0.53, 0.57)]
            custom string simulationStatus = "unmeasured_occlusion_proxy"
        }
        def Mesh "usb_cable_1"
        {
            point3f[] points = [(-0.189819314349, -0.086, -0.01649346199), (-0.189819538955, -0.0861246147142, -0.0164903624203), (-0.189820212216, -0.0862489196165, -0.0164810714172), (-0.189821332458, -0.0863726056654, -0.0164656120797), (-0.189822896896, -0.086495365358, -0.0164440228421), (-0.189824901639, -0.0866168934942, -0.0164163573785), (-0.189827341705, -0.086736887936, -0.0163826844699), (-0.189830211027, -0.0868550503583, -0.0163430878322), (-0.18983350247, -0.0869710869907, -0.0162976659089), (-0.189837207853, -0.0870847093478, -0.0162465316262), (-0.189841317963, -0.0871956349466, -0.016189812112), (-0.189845822581, -0.0873035880084, -0.0161276483797), (-0.189850710509, -0.0874083001452, -0.0160601949784), (-0.189855969594, -0.0875095110258, -0.0159876196077), (-0.189861586761, -0.0876069690242, -0.0159101027015), (-0.189867548045, -0.0877004318444, -0.0158278369791), (-0.189873838626, -0.0877896671231, -0.0157410269659), (-0.189880442863, -0.0878744530074, -0.0156498884853), (-0.189887344339, -0.0879545787062, -0.0155546481221), (-0.189894525894, -0.0880298450143, -0.0154555426586), (-0.189901969675, -0.0881000648079, -0.0153528184867), (-0.189909657174, -0.0881650635095, -0.015246730995), (-0.18991756928, -0.088224679522, -0.0151375439335), (-0.189925686322, -0.0882787646308, -0.0150255287586), (-0.189933988119, -0.0883271843716, -0.0149109639576), (-0.189942454032, -0.0883698183654, -0.0147941343567), (-0.189951063014, -0.0884065606174, -0.0146753304127), (-0.18995979366, -0.0884373197805, -0.0145548474908), (-0.189968624266, -0.0884620193825, -0.0144329851306), (-0.189977532877, -0.0884805980165, -0.0143100463012), (-0.189986497344, -0.088493009493, -0.0141863366479), (-0.189995495382, -0.088499222955, -0.0140621637322), (-0.190004504618, -0.088499222955, -0.0139378362678), (-0.190013502656, -0.088493009493, -0.0138136633521), (-0.190022467123, -0.0884805980165, -0.0136899536988), (-0.190031375734, -0.0884620193825, -0.0135670148694), (-0.19004020634, -0.0884373197805, -0.0134451525092), (-0.190048936986, -0.0884065606174, -0.0133246695873), (-0.190057545968, -0.0883698183654, -0.0132058656433), (-0.190066011881, -0.0883271843716, -0.0130890360424), (-0.190074313678, -0.0882787646308, -0.0129744712414), (-0.19008243072, -0.088224679522, -0.0128624560665), (-0.190090342826, -0.0881650635095, -0.012753269005), (-0.190098030325, -0.0881000648079, -0.0126471815133), (-0.190105474106, -0.0880298450143, -0.0125444573414), (-0.190112655661, -0.0879545787062, -0.0124453518779), (-0.190119557137, -0.0878744530074, -0.0123501115147), (-0.190126161374, -0.0877896671231, -0.0122589730341), (-0.190132451955, -0.0877004318444, -0.0121721630209), (-0.190138413239, -0.0876069690242, -0.0120898972985), (-0.190144030406, -0.0875095110258, -0.0120123803923), (-0.190149289491, -0.0874083001452, -0.0119398050216), (-0.190154177419, -0.0873035880084, -0.0118723516203), (-0.190158682037, -0.0871956349466, -0.011810187888), (-0.190162792147, -0.0870847093478, -0.0117534683738), (-0.19016649753, -0.0869710869907, -0.0117023340911), (-0.190169788973, -0.0868550503583, -0.0116569121678), (-0.190172658295, -0.086736887936, -0.0116173155301), (-0.190175098361, -0.0866168934942, -0.0115836426215), (-0.190177103104, -0.086495365358, -0.0115559771579), (-0.190178667542, -0.0863726056654, -0.0115343879203), (-0.190179787784, -0.0862489196165, -0.0115189285828), (-0.190180461045, -0.0861246147142, -0.0115096375797), (-0.190180685651, -0.086, -0.01150653801), (-0.190180461045, -0.0858753852858, -0.0115096375797), (-0.190179787784, -0.0857510803835, -0.0115189285828), (-0.190178667542, -0.0856273943346, -0.0115343879203), (-0.190177103104, -0.085504634642, -0.0115559771579), (-0.190175098361, -0.0853831065058, -0.0115836426215), (-0.190172658295, -0.085263112064, -0.0116173155301), (-0.190169788973, -0.0851449496417, -0.0116569121678), (-0.19016649753, -0.0850289130093, -0.0117023340911), (-0.190162792147, -0.0849152906522, -0.0117534683738), (-0.190158682037, -0.0848043650534, -0.011810187888), (-0.190154177419, -0.0846964119916, -0.0118723516203), (-0.190149289491, -0.0845916998548, -0.0119398050216), (-0.190144030406, -0.0844904889742, -0.0120123803923), (-0.190138413239, -0.0843930309758, -0.0120898972985), (-0.190132451955, -0.0842995681556, -0.0121721630209), (-0.190126161374, -0.0842103328769, -0.0122589730341), (-0.190119557137, -0.0841255469926, -0.0123501115147), (-0.190112655661, -0.0840454212938, -0.0124453518779), (-0.190105474106, -0.0839701549857, -0.0125444573414), (-0.190098030325, -0.0838999351921, -0.0126471815133), (-0.190090342826, -0.0838349364905, -0.012753269005), (-0.19008243072, -0.083775320478, -0.0128624560665), (-0.190074313678, -0.0837212353692, -0.0129744712414), (-0.190066011881, -0.0836728156284, -0.0130890360424), (-0.190057545968, -0.0836301816346, -0.0132058656433), (-0.190048936986, -0.0835934393826, -0.0133246695873), (-0.19004020634, -0.0835626802195, -0.0134451525092), (-0.190031375734, -0.0835379806175, -0.0135670148694), (-0.190022467123, -0.0835194019835, -0.0136899536988), (-0.190013502656, -0.083506990507, -0.0138136633521), (-0.190004504618, -0.083500777045, -0.0139378362678), (-0.189995495382, -0.083500777045, -0.0140621637322), (-0.189986497344, -0.083506990507, -0.0141863366479), (-0.189977532877, -0.0835194019835, -0.0143100463012), (-0.189968624266, -0.0835379806175, -0.0144329851306), (-0.18995979366, -0.0835626802195, -0.0145548474908), (-0.189951063014, -0.0835934393826, -0.0146753304127), (-0.189942454032, -0.0836301816346, -0.0147941343567), (-0.189933988119, -0.0836728156284, -0.0149109639576), (-0.189925686322, -0.0837212353692, -0.0150255287586), (-0.18991756928, -0.083775320478, -0.0151375439335), (-0.189909657174, -0.0838349364905, -0.015246730995), (-0.189901969675, -0.0838999351921, -0.0153528184867), (-0.189894525894, -0.0839701549857, -0.0154555426586), (-0.189887344339, -0.0840454212938, -0.0155546481221), (-0.189880442863, -0.0841255469926, -0.0156498884853), (-0.189873838626, -0.0842103328769, -0.0157410269659), (-0.189867548045, -0.0842995681556, -0.0158278369791), (-0.189861586761, -0.0843930309758, -0.0159101027015), (-0.189855969594, -0.0844904889742, -0.0159876196077), (-0.189850710509, -0.0845916998548, -0.0160601949784), (-0.189845822581, -0.0846964119916, -0.0161276483797), (-0.189841317963, -0.0848043650534, -0.016189812112), (-0.189837207853, -0.0849152906522, -0.0162465316262), (-0.18983350247, -0.0850289130093, -0.0162976659089), (-0.189830211027, -0.0851449496417, -0.0163430878322), (-0.189827341705, -0.085263112064, -0.0163826844699), (-0.189824901639, -0.0853831065058, -0.0164163573785), (-0.189822896896, -0.085504634642, -0.0164440228421), (-0.189821332458, -0.0856273943346, -0.0164656120797), (-0.189820212216, -0.0857510803835, -0.0164810714172), (-0.189819538955, -0.0858753852858, -0.0164903624203), (-0.189819314349, -0.086, -0.01649346199), (-0.0518193143486, -0.086, -0.00649346198996), (-0.0518195389551, -0.0861246147142, -0.00649036242027), (-0.0518202122161, -0.0862489196165, -0.00648107141721), (-0.051821332458, -0.0863726056654, -0.00646561207969), (-0.0518228968955, -0.086495365358, -0.00644402284205), (-0.0518249016392, -0.0866168934942, -0.00641635737854), (-0.0518273417051, -0.086736887936, -0.00638268446986), (-0.0518302110267, -0.0868550503583, -0.00634308783217), (-0.0518335024704, -0.0869710869907, -0.00629766590895), (-0.0518372078532, -0.0870847093478, -0.00624653162625), (-0.0518413179629, -0.0871956349466, -0.00618981211196), (-0.0518458225812, -0.0873035880084, -0.00612764837973), (-0.0518507105088, -0.0874083001452, -0.00606019497839), (-0.0518559695936, -0.0875095110258, -0.00598761960772), (-0.0518615867608, -0.0876069690242, -0.00591010270154), (-0.051867548045, -0.0877004318444, -0.00582783697907), (-0.0518738386257, -0.0877896671231, -0.00574102696589), (-0.0518804428634, -0.0878744530074, -0.00564988848534), (-0.051887344339, -0.0879545787062, -0.00555464812206), (-0.0518945258943, -0.0880298450143, -0.0054555426586), (-0.0519019696749, -0.0881000648079, -0.00535281848674), (-0.0519096571743, -0.0881650635095, -0.00524673099498), (-0.0519175692802, -0.088224679522, -0.00513754393352), (-0.0519256863218, -0.0882787646308, -0.00502552875862), (-0.051933988119, -0.0883271843716, -0.00491096395763), (-0.0519424540321, -0.0883698183654, -0.00479413435671), (-0.0519510630136, -0.0884065606174, -0.00467533041266), (-0.0519597936601, -0.0884373197805, -0.00455484749079), (-0.0519686242659, -0.0884620193825, -0.00443298513064), (-0.0519775328767, -0.0884805980165, -0.00431004630123), (-0.0519864973444, -0.088493009493, -0.00418633664786), (-0.0519954953817, -0.088499222955, -0.00406216373223), (-0.0520045046183, -0.088499222955, -0.00393783626777), (-0.0520135026556, -0.088493009493, -0.00381366335214), (-0.0520224671233, -0.0884805980165, -0.00368995369877), (-0.0520313757341, -0.0884620193825, -0.00356701486936), (-0.0520402063399, -0.0884373197805, -0.00344515250921), (-0.0520489369864, -0.0884065606174, -0.00332466958734), (-0.0520575459679, -0.0883698183654, -0.00320586564329), (-0.052066011881, -0.0883271843716, -0.00308903604237), (-0.0520743136782, -0.0882787646308, -0.00297447124138), (-0.0520824307198, -0.088224679522, -0.00286245606648), (-0.0520903428257, -0.0881650635095, -0.00275326900502), (-0.0520980303251, -0.0881000648079, -0.00264718151326), (-0.0521054741057, -0.0880298450143, -0.0025444573414), (-0.052112655661, -0.0879545787062, -0.00244535187794), (-0.0521195571366, -0.0878744530074, -0.00235011151466), (-0.0521261613743, -0.0877896671231, -0.00225897303411), (-0.052132451955, -0.0877004318444, -0.00217216302093), (-0.0521384132392, -0.0876069690242, -0.00208989729846), (-0.0521440304064, -0.0875095110258, -0.00201238039228), (-0.0521492894912, -0.0874083001452, -0.00193980502161), (-0.0521541774188, -0.0873035880084, -0.00187235162027), (-0.0521586820371, -0.0871956349466, -0.00181018788804), (-0.0521627921468, -0.0870847093478, -0.00175346837375), (-0.0521664975296, -0.0869710869907, -0.00170233409105), (-0.0521697889733, -0.0868550503583, -0.00165691216783), (-0.0521726582949, -0.086736887936, -0.00161731553014), (-0.0521750983608, -0.0866168934942, -0.00158364262146), (-0.0521771031045, -0.086495365358, -0.00155597715795), (-0.052178667542, -0.0863726056654, -0.00153438792031), (-0.0521797877839, -0.0862489196165, -0.00151892858279), (-0.0521804610449, -0.0861246147142, -0.00150963757973), (-0.0521806856514, -0.086, -0.00150653801004), (-0.0521804610449, -0.0858753852858, -0.00150963757973), (-0.0521797877839, -0.0857510803835, -0.00151892858279), (-0.052178667542, -0.0856273943346, -0.00153438792031), (-0.0521771031045, -0.085504634642, -0.00155597715795), (-0.0521750983608, -0.0853831065058, -0.00158364262146), (-0.0521726582949, -0.085263112064, -0.00161731553014), (-0.0521697889733, -0.0851449496417, -0.00165691216783), (-0.0521664975296, -0.0850289130093, -0.00170233409105), (-0.0521627921468, -0.0849152906522, -0.00175346837375), (-0.0521586820371, -0.0848043650534, -0.00181018788804), (-0.0521541774188, -0.0846964119916, -0.00187235162027), (-0.0521492894912, -0.0845916998548, -0.00193980502161), (-0.0521440304064, -0.0844904889742, -0.00201238039228), (-0.0521384132392, -0.0843930309758, -0.00208989729846), (-0.052132451955, -0.0842995681556, -0.00217216302093), (-0.0521261613743, -0.0842103328769, -0.00225897303411), (-0.0521195571366, -0.0841255469926, -0.00235011151466), (-0.052112655661, -0.0840454212938, -0.00244535187794), (-0.0521054741057, -0.0839701549857, -0.0025444573414), (-0.0520980303251, -0.0838999351921, -0.00264718151326), (-0.0520903428257, -0.0838349364905, -0.00275326900502), (-0.0520824307198, -0.083775320478, -0.00286245606648), (-0.0520743136782, -0.0837212353692, -0.00297447124138), (-0.052066011881, -0.0836728156284, -0.00308903604237), (-0.0520575459679, -0.0836301816346, -0.00320586564329), (-0.0520489369864, -0.0835934393826, -0.00332466958734), (-0.0520402063399, -0.0835626802195, -0.00344515250921), (-0.0520313757341, -0.0835379806175, -0.00356701486936), (-0.0520224671233, -0.0835194019835, -0.00368995369877), (-0.0520135026556, -0.083506990507, -0.00381366335214), (-0.0520045046183, -0.083500777045, -0.00393783626777), (-0.0519954953817, -0.083500777045, -0.00406216373223), (-0.0519864973444, -0.083506990507, -0.00418633664786), (-0.0519775328767, -0.0835194019835, -0.00431004630123), (-0.0519686242659, -0.0835379806175, -0.00443298513064), (-0.0519597936601, -0.0835626802195, -0.00455484749079), (-0.0519510630136, -0.0835934393826, -0.00467533041266), (-0.0519424540321, -0.0836301816346, -0.00479413435671), (-0.051933988119, -0.0836728156284, -0.00491096395763), (-0.0519256863218, -0.0837212353692, -0.00502552875862), (-0.0519175692802, -0.083775320478, -0.00513754393352), (-0.0519096571743, -0.0838349364905, -0.00524673099498), (-0.0519019696749, -0.0838999351921, -0.00535281848674), (-0.0518945258943, -0.0839701549857, -0.0054555426586), (-0.051887344339, -0.0840454212938, -0.00555464812206), (-0.0518804428634, -0.0841255469926, -0.00564988848534), (-0.0518738386257, -0.0842103328769, -0.00574102696589), (-0.051867548045, -0.0842995681556, -0.00582783697907), (-0.0518615867608, -0.0843930309758, -0.00591010270154), (-0.0518559695936, -0.0844904889742, -0.00598761960772), (-0.0518507105088, -0.0845916998548, -0.00606019497839), (-0.0518458225812, -0.0846964119916, -0.00612764837973), (-0.0518413179629, -0.0848043650534, -0.00618981211196), (-0.0518372078532, -0.0849152906522, -0.00624653162625), (-0.0518335024704, -0.0850289130093, -0.00629766590895), (-0.0518302110267, -0.0851449496417, -0.00634308783217), (-0.0518273417051, -0.085263112064, -0.00638268446986), (-0.0518249016392, -0.0853831065058, -0.00641635737854), (-0.0518228968955, -0.085504634642, -0.00644402284205), (-0.051821332458, -0.0856273943346, -0.00646561207969), (-0.0518202122161, -0.0857510803835, -0.00648107141721), (-0.0518195389551, -0.0858753852858, -0.00649036242027), (-0.0518193143486, -0.086, -0.00649346198996), (-0.189819314349, -0.086, -0.01649346199), (-0.189819538955, -0.0861246147142, -0.0164903624203), (-0.189820212216, -0.0862489196165, -0.0164810714172), (-0.189821332458, -0.0863726056654, -0.0164656120797), (-0.189822896896, -0.086495365358, -0.0164440228421), (-0.189824901639, -0.0866168934942, -0.0164163573785), (-0.189827341705, -0.086736887936, -0.0163826844699), (-0.189830211027, -0.0868550503583, -0.0163430878322), (-0.18983350247, -0.0869710869907, -0.0162976659089), (-0.189837207853, -0.0870847093478, -0.0162465316262), (-0.189841317963, -0.0871956349466, -0.016189812112), (-0.189845822581, -0.0873035880084, -0.0161276483797), (-0.189850710509, -0.0874083001452, -0.0160601949784), (-0.189855969594, -0.0875095110258, -0.0159876196077), (-0.189861586761, -0.0876069690242, -0.0159101027015), (-0.189867548045, -0.0877004318444, -0.0158278369791), (-0.189873838626, -0.0877896671231, -0.0157410269659), (-0.189880442863, -0.0878744530074, -0.0156498884853), (-0.189887344339, -0.0879545787062, -0.0155546481221), (-0.189894525894, -0.0880298450143, -0.0154555426586), (-0.189901969675, -0.0881000648079, -0.0153528184867), (-0.189909657174, -0.0881650635095, -0.015246730995), (-0.18991756928, -0.088224679522, -0.0151375439335), (-0.189925686322, -0.0882787646308, -0.0150255287586), (-0.189933988119, -0.0883271843716, -0.0149109639576), (-0.189942454032, -0.0883698183654, -0.0147941343567), (-0.189951063014, -0.0884065606174, -0.0146753304127), (-0.18995979366, -0.0884373197805, -0.0145548474908), (-0.189968624266, -0.0884620193825, -0.0144329851306), (-0.189977532877, -0.0884805980165, -0.0143100463012), (-0.189986497344, -0.088493009493, -0.0141863366479), (-0.189995495382, -0.088499222955, -0.0140621637322), (-0.190004504618, -0.088499222955, -0.0139378362678), (-0.190013502656, -0.088493009493, -0.0138136633521), (-0.190022467123, -0.0884805980165, -0.0136899536988), (-0.190031375734, -0.0884620193825, -0.0135670148694), (-0.19004020634, -0.0884373197805, -0.0134451525092), (-0.190048936986, -0.0884065606174, -0.0133246695873), (-0.190057545968, -0.0883698183654, -0.0132058656433), (-0.190066011881, -0.0883271843716, -0.0130890360424), (-0.190074313678, -0.0882787646308, -0.0129744712414), (-0.19008243072, -0.088224679522, -0.0128624560665), (-0.190090342826, -0.0881650635095, -0.012753269005), (-0.190098030325, -0.0881000648079, -0.0126471815133), (-0.190105474106, -0.0880298450143, -0.0125444573414), (-0.190112655661, -0.0879545787062, -0.0124453518779), (-0.190119557137, -0.0878744530074, -0.0123501115147), (-0.190126161374, -0.0877896671231, -0.0122589730341), (-0.190132451955, -0.0877004318444, -0.0121721630209), (-0.190138413239, -0.0876069690242, -0.0120898972985), (-0.190144030406, -0.0875095110258, -0.0120123803923), (-0.190149289491, -0.0874083001452, -0.0119398050216), (-0.190154177419, -0.0873035880084, -0.0118723516203), (-0.190158682037, -0.0871956349466, -0.011810187888), (-0.190162792147, -0.0870847093478, -0.0117534683738), (-0.19016649753, -0.0869710869907, -0.0117023340911), (-0.190169788973, -0.0868550503583, -0.0116569121678), (-0.190172658295, -0.086736887936, -0.0116173155301), (-0.190175098361, -0.0866168934942, -0.0115836426215), (-0.190177103104, -0.086495365358, -0.0115559771579), (-0.190178667542, -0.0863726056654, -0.0115343879203), (-0.190179787784, -0.0862489196165, -0.0115189285828), (-0.190180461045, -0.0861246147142, -0.0115096375797), (-0.190180685651, -0.086, -0.01150653801), (-0.190180461045, -0.0858753852858, -0.0115096375797), (-0.190179787784, -0.0857510803835, -0.0115189285828), (-0.190178667542, -0.0856273943346, -0.0115343879203), (-0.190177103104, -0.085504634642, -0.0115559771579), (-0.190175098361, -0.0853831065058, -0.0115836426215), (-0.190172658295, -0.085263112064, -0.0116173155301), (-0.190169788973, -0.0851449496417, -0.0116569121678), (-0.19016649753, -0.0850289130093, -0.0117023340911), (-0.190162792147, -0.0849152906522, -0.0117534683738), (-0.190158682037, -0.0848043650534, -0.011810187888), (-0.190154177419, -0.0846964119916, -0.0118723516203), (-0.190149289491, -0.0845916998548, -0.0119398050216), (-0.190144030406, -0.0844904889742, -0.0120123803923), (-0.190138413239, -0.0843930309758, -0.0120898972985), (-0.190132451955, -0.0842995681556, -0.0121721630209), (-0.190126161374, -0.0842103328769, -0.0122589730341), (-0.190119557137, -0.0841255469926, -0.0123501115147), (-0.190112655661, -0.0840454212938, -0.0124453518779), (-0.190105474106, -0.0839701549857, -0.0125444573414), (-0.190098030325, -0.0838999351921, -0.0126471815133), (-0.190090342826, -0.0838349364905, -0.012753269005), (-0.19008243072, -0.083775320478, -0.0128624560665), (-0.190074313678, -0.0837212353692, -0.0129744712414), (-0.190066011881, -0.0836728156284, -0.0130890360424), (-0.190057545968, -0.0836301816346, -0.0132058656433), (-0.190048936986, -0.0835934393826, -0.0133246695873), (-0.19004020634, -0.0835626802195, -0.0134451525092), (-0.190031375734, -0.0835379806175, -0.0135670148694), (-0.190022467123, -0.0835194019835, -0.0136899536988), (-0.190013502656, -0.083506990507, -0.0138136633521), (-0.190004504618, -0.083500777045, -0.0139378362678), (-0.189995495382, -0.083500777045, -0.0140621637322), (-0.189986497344, -0.083506990507, -0.0141863366479), (-0.189977532877, -0.0835194019835, -0.0143100463012), (-0.189968624266, -0.0835379806175, -0.0144329851306), (-0.18995979366, -0.0835626802195, -0.0145548474908), (-0.189951063014, -0.0835934393826, -0.0146753304127), (-0.189942454032, -0.0836301816346, -0.0147941343567), (-0.189933988119, -0.0836728156284, -0.0149109639576), (-0.189925686322, -0.0837212353692, -0.0150255287586), (-0.18991756928, -0.083775320478, -0.0151375439335), (-0.189909657174, -0.0838349364905, -0.015246730995), (-0.189901969675, -0.0838999351921, -0.0153528184867), (-0.189894525894, -0.0839701549857, -0.0154555426586), (-0.189887344339, -0.0840454212938, -0.0155546481221), (-0.189880442863, -0.0841255469926, -0.0156498884853), (-0.189873838626, -0.0842103328769, -0.0157410269659), (-0.189867548045, -0.0842995681556, -0.0158278369791), (-0.189861586761, -0.0843930309758, -0.0159101027015), (-0.189855969594, -0.0844904889742, -0.0159876196077), (-0.189850710509, -0.0845916998548, -0.0160601949784), (-0.189845822581, -0.0846964119916, -0.0161276483797), (-0.189841317963, -0.0848043650534, -0.016189812112), (-0.189837207853, -0.0849152906522, -0.0162465316262), (-0.18983350247, -0.0850289130093, -0.0162976659089), (-0.189830211027, -0.0851449496417, -0.0163430878322), (-0.189827341705, -0.085263112064, -0.0163826844699), (-0.189824901639, -0.0853831065058, -0.0164163573785), (-0.189822896896, -0.085504634642, -0.0164440228421), (-0.189821332458, -0.0856273943346, -0.0164656120797), (-0.189820212216, -0.0857510803835, -0.0164810714172), (-0.189819538955, -0.0858753852858, -0.0164903624203), (-0.0518193143486, -0.086, -0.00649346198996), (-0.0518195389551, -0.0861246147142, -0.00649036242027), (-0.0518202122161, -0.0862489196165, -0.00648107141721), (-0.051821332458, -0.0863726056654, -0.00646561207969), (-0.0518228968955, -0.086495365358, -0.00644402284205), (-0.0518249016392, -0.0866168934942, -0.00641635737854), (-0.0518273417051, -0.086736887936, -0.00638268446986), (-0.0518302110267, -0.0868550503583, -0.00634308783217), (-0.0518335024704, -0.0869710869907, -0.00629766590895), (-0.0518372078532, -0.0870847093478, -0.00624653162625), (-0.0518413179629, -0.0871956349466, -0.00618981211196), (-0.0518458225812, -0.0873035880084, -0.00612764837973), (-0.0518507105088, -0.0874083001452, -0.00606019497839), (-0.0518559695936, -0.0875095110258, -0.00598761960772), (-0.0518615867608, -0.0876069690242, -0.00591010270154), (-0.051867548045, -0.0877004318444, -0.00582783697907), (-0.0518738386257, -0.0877896671231, -0.00574102696589), (-0.0518804428634, -0.0878744530074, -0.00564988848534), (-0.051887344339, -0.0879545787062, -0.00555464812206), (-0.0518945258943, -0.0880298450143, -0.0054555426586), (-0.0519019696749, -0.0881000648079, -0.00535281848674), (-0.0519096571743, -0.0881650635095, -0.00524673099498), (-0.0519175692802, -0.088224679522, -0.00513754393352), (-0.0519256863218, -0.0882787646308, -0.00502552875862), (-0.051933988119, -0.0883271843716, -0.00491096395763), (-0.0519424540321, -0.0883698183654, -0.00479413435671), (-0.0519510630136, -0.0884065606174, -0.00467533041266), (-0.0519597936601, -0.0884373197805, -0.00455484749079), (-0.0519686242659, -0.0884620193825, -0.00443298513064), (-0.0519775328767, -0.0884805980165, -0.00431004630123), (-0.0519864973444, -0.088493009493, -0.00418633664786), (-0.0519954953817, -0.088499222955, -0.00406216373223), (-0.0520045046183, -0.088499222955, -0.00393783626777), (-0.0520135026556, -0.088493009493, -0.00381366335214), (-0.0520224671233, -0.0884805980165, -0.00368995369877), (-0.0520313757341, -0.0884620193825, -0.00356701486936), (-0.0520402063399, -0.0884373197805, -0.00344515250921), (-0.0520489369864, -0.0884065606174, -0.00332466958734), (-0.0520575459679, -0.0883698183654, -0.00320586564329), (-0.052066011881, -0.0883271843716, -0.00308903604237), (-0.0520743136782, -0.0882787646308, -0.00297447124138), (-0.0520824307198, -0.088224679522, -0.00286245606648), (-0.0520903428257, -0.0881650635095, -0.00275326900502), (-0.0520980303251, -0.0881000648079, -0.00264718151326), (-0.0521054741057, -0.0880298450143, -0.0025444573414), (-0.052112655661, -0.0879545787062, -0.00244535187794), (-0.0521195571366, -0.0878744530074, -0.00235011151466), (-0.0521261613743, -0.0877896671231, -0.00225897303411), (-0.052132451955, -0.0877004318444, -0.00217216302093), (-0.0521384132392, -0.0876069690242, -0.00208989729846), (-0.0521440304064, -0.0875095110258, -0.00201238039228), (-0.0521492894912, -0.0874083001452, -0.00193980502161), (-0.0521541774188, -0.0873035880084, -0.00187235162027), (-0.0521586820371, -0.0871956349466, -0.00181018788804), (-0.0521627921468, -0.0870847093478, -0.00175346837375), (-0.0521664975296, -0.0869710869907, -0.00170233409105), (-0.0521697889733, -0.0868550503583, -0.00165691216783), (-0.0521726582949, -0.086736887936, -0.00161731553014), (-0.0521750983608, -0.0866168934942, -0.00158364262146), (-0.0521771031045, -0.086495365358, -0.00155597715795), (-0.052178667542, -0.0863726056654, -0.00153438792031), (-0.0521797877839, -0.0862489196165, -0.00151892858279), (-0.0521804610449, -0.0861246147142, -0.00150963757973), (-0.0521806856514, -0.086, -0.00150653801004), (-0.0521804610449, -0.0858753852858, -0.00150963757973), (-0.0521797877839, -0.0857510803835, -0.00151892858279), (-0.052178667542, -0.0856273943346, -0.00153438792031), (-0.0521771031045, -0.085504634642, -0.00155597715795), (-0.0521750983608, -0.0853831065058, -0.00158364262146), (-0.0521726582949, -0.085263112064, -0.00161731553014), (-0.0521697889733, -0.0851449496417, -0.00165691216783), (-0.0521664975296, -0.0850289130093, -0.00170233409105), (-0.0521627921468, -0.0849152906522, -0.00175346837375), (-0.0521586820371, -0.0848043650534, -0.00181018788804), (-0.0521541774188, -0.0846964119916, -0.00187235162027), (-0.0521492894912, -0.0845916998548, -0.00193980502161), (-0.0521440304064, -0.0844904889742, -0.00201238039228), (-0.0521384132392, -0.0843930309758, -0.00208989729846), (-0.052132451955, -0.0842995681556, -0.00217216302093), (-0.0521261613743, -0.0842103328769, -0.00225897303411), (-0.0521195571366, -0.0841255469926, -0.00235011151466), (-0.052112655661, -0.0840454212938, -0.00244535187794), (-0.0521054741057, -0.0839701549857, -0.0025444573414), (-0.0520980303251, -0.0838999351921, -0.00264718151326), (-0.0520903428257, -0.0838349364905, -0.00275326900502), (-0.0520824307198, -0.083775320478, -0.00286245606648), (-0.0520743136782, -0.0837212353692, -0.00297447124138), (-0.052066011881, -0.0836728156284, -0.00308903604237), (-0.0520575459679, -0.0836301816346, -0.00320586564329), (-0.0520489369864, -0.0835934393826, -0.00332466958734), (-0.0520402063399, -0.0835626802195, -0.00344515250921), (-0.0520313757341, -0.0835379806175, -0.00356701486936), (-0.0520224671233, -0.0835194019835, -0.00368995369877), (-0.0520135026556, -0.083506990507, -0.00381366335214), (-0.0520045046183, -0.083500777045, -0.00393783626777), (-0.0519954953817, -0.083500777045, -0.00406216373223), (-0.0519864973444, -0.083506990507, -0.00418633664786), (-0.0519775328767, -0.0835194019835, -0.00431004630123), (-0.0519686242659, -0.0835379806175, -0.00443298513064), (-0.0519597936601, -0.0835626802195, -0.00455484749079), (-0.0519510630136, -0.0835934393826, -0.00467533041266), (-0.0519424540321, -0.0836301816346, -0.00479413435671), (-0.051933988119, -0.0836728156284, -0.00491096395763), (-0.0519256863218, -0.0837212353692, -0.00502552875862), (-0.0519175692802, -0.083775320478, -0.00513754393352), (-0.0519096571743, -0.0838349364905, -0.00524673099498), (-0.0519019696749, -0.0838999351921, -0.00535281848674), (-0.0518945258943, -0.0839701549857, -0.0054555426586), (-0.051887344339, -0.0840454212938, -0.00555464812206), (-0.0518804428634, -0.0841255469926, -0.00564988848534), (-0.0518738386257, -0.0842103328769, -0.00574102696589), (-0.051867548045, -0.0842995681556, -0.00582783697907), (-0.0518615867608, -0.0843930309758, -0.00591010270154), (-0.0518559695936, -0.0844904889742, -0.00598761960772), (-0.0518507105088, -0.0845916998548, -0.00606019497839), (-0.0518458225812, -0.0846964119916, -0.00612764837973), (-0.0518413179629, -0.0848043650534, -0.00618981211196), (-0.0518372078532, -0.0849152906522, -0.00624653162625), (-0.0518335024704, -0.0850289130093, -0.00629766590895), (-0.0518302110267, -0.0851449496417, -0.00634308783217), (-0.0518273417051, -0.085263112064, -0.00638268446986), (-0.0518249016392, -0.0853831065058, -0.00641635737854), (-0.0518228968955, -0.085504634642, -0.00644402284205), (-0.051821332458, -0.0856273943346, -0.00646561207969), (-0.0518202122161, -0.0857510803835, -0.00648107141721), (-0.0518195389551, -0.0858753852858, -0.00649036242027)]
            int[] faceVertexCounts = [3, 3, 3, 3, 3, 3, 3, 3, 3, 3, 3, 3, 3, 3, 3, 3, 3, 3, 3, 3, 3, 3, 3, 3, 3, 3, 3, 3, 3, 3, 3, 3, 3, 3, 3, 3, 3, 3, 3, 3, 3, 3, 3, 3, 3, 3, 3, 3, 3, 3, 3, 3, 3, 3, 3, 3, 3, 3, 3, 3, 3, 3, 3, 3, 3, 3, 3, 3, 3, 3, 3, 3, 3, 3, 3, 3, 3, 3, 3, 3, 3, 3, 3, 3, 3, 3, 3, 3, 3, 3, 3, 3, 3, 3, 3, 3, 3, 3, 3, 3, 3, 3, 3, 3, 3, 3, 3, 3, 3, 3, 3, 3, 3, 3, 3, 3, 3, 3, 3, 3, 3, 3, 3, 3, 3, 3, 3, 3, 3, 3, 3, 3, 3, 3, 3, 3, 3, 3, 3, 3, 3, 3, 3, 3, 3, 3, 3, 3, 3, 3, 3, 3, 3, 3, 3, 3, 3, 3, 3, 3, 3, 3, 3, 3, 3, 3, 3, 3, 3, 3, 3, 3, 3, 3, 3, 3, 3, 3, 3, 3, 3, 3, 3, 3, 3, 3, 3, 3, 3, 3, 3, 3, 3, 3, 3, 3, 3, 3, 3, 3, 3, 3, 3, 3, 3, 3, 3, 3, 3, 3, 3, 3, 3, 3, 3, 3, 3, 3, 3, 3, 3, 3, 3, 3, 3, 3, 3, 3, 3, 3, 3, 3, 3, 3, 3, 3, 3, 3, 3, 3, 3, 3, 3, 3, 3, 3, 3, 3, 3, 3, 3, 3, 3, 3, 3, 3, 3, 3, 3, 3, 3, 3, 3, 3, 3, 3, 3, 3, 3, 3, 3, 3, 3, 3, 3, 3, 3, 3, 3, 3, 3, 3, 3, 3, 3, 3, 3, 3, 3, 3, 3, 3, 3, 3, 3, 3, 3, 3, 3, 3, 3, 3, 3, 3, 3, 3, 3, 3, 3, 3, 3, 3, 3, 3, 3, 3, 3, 3, 3, 3, 3, 3, 3, 3, 3, 3, 3, 3, 3, 3, 3, 3, 3, 3, 3, 3, 3, 3, 3, 3, 3, 3, 3, 3, 3, 3, 3, 3, 3, 3, 3, 3, 3, 3, 3, 3, 3, 3, 3, 3, 3, 3, 3, 3, 3, 3, 3, 3, 3, 3, 3, 3, 3, 3, 3, 3, 3, 3, 3, 3, 3, 3, 3, 3, 3, 3, 3, 3, 3, 3, 3, 3, 3, 3, 3, 3, 3, 3, 3, 3, 3, 3, 3, 3, 3, 3, 3, 3, 3, 3, 3, 3, 3, 3, 3, 3, 3, 3, 3, 3, 3, 3, 3, 3, 3, 3, 3, 3, 3, 3, 3, 3, 3, 3, 3, 3, 3, 3, 3, 3, 3, 3, 3, 3, 3, 3, 3, 3, 3, 3, 3, 3, 3, 3, 3, 3, 3, 3, 3, 3, 3, 3, 3, 3, 3, 3, 3, 3, 3, 3, 3, 3, 3, 3, 3, 3, 3, 3, 3, 3, 3, 3, 3, 3, 3, 3, 3, 3, 3, 3, 3, 3, 3, 3, 3, 3, 3, 3, 3, 3]
            int[] faceVertexIndices = [1, 0, 127, 1, 127, 128, 2, 128, 129, 2, 1, 128, 3, 129, 130, 3, 2, 129, 4, 130, 131, 4, 3, 130, 5, 131, 132, 5, 4, 131, 6, 132, 133, 6, 133, 134, 6, 5, 132, 7, 6, 134, 8, 134, 135, 8, 7, 134, 9, 135, 136, 9, 136, 137, 9, 8, 135, 10, 9, 137, 11, 10, 137, 11, 137, 138, 12, 11, 138, 12, 138, 139, 12, 139, 140, 13, 12, 140, 14, 13, 140, 14, 140, 141, 15, 14, 141, 15, 141, 142, 16, 15, 142, 16, 142, 143, 17, 16, 143, 17, 143, 144, 18, 17, 144, 18, 144, 145, 19, 18, 145, 19, 145, 146, 19, 146, 147, 20, 19, 147, 21, 20, 147, 21, 147, 148, 22, 21, 148, 22, 148, 149, 23, 149, 150, 23, 22, 149, 24, 150, 151, 24, 23, 150, 24, 151, 152, 25, 152, 153, 25, 24, 152, 26, 25, 153, 27, 153, 154, 27, 154, 155, 27, 26, 153, 28, 27, 155, 29, 155, 156, 29, 28, 155, 30, 156, 157, 30, 29, 156, 31, 157, 158, 31, 30, 157, 32, 158, 159, 32, 31, 158, 33, 159, 160, 33, 32, 159, 34, 160, 161, 34, 33, 160, 35, 161, 162, 35, 34, 161, 36, 162, 163, 36, 163, 164, 36, 35, 162, 37, 36, 164, 38, 37, 164, 38, 164, 165, 38, 165, 166, 39, 38, 166, 40, 39, 166, 40, 166, 167, 41, 40, 167, 41, 167, 168, 42, 41, 168, 42, 168, 169, 43, 42, 169, 43, 169, 170, 44, 43, 170, 44, 170, 171, 45, 44, 171, 45, 171, 172, 46, 45, 172, 46, 172, 173, 46, 173, 174, 47, 46, 174, 48, 47, 174, 48, 174, 175, 49, 48, 175, 49, 175, 176, 50, 49, 176, 50, 176, 177, 51, 50, 177, 51, 177, 178, 52, 51, 178, 52, 178, 179, 52, 179, 180, 53, 52, 180, 54, 53, 180, 54, 180, 181, 55, 54, 181, 55, 181, 182, 56, 55, 182, 56, 182, 183, 57, 56, 183, 57, 183, 184, 57, 184, 185, 58, 57, 185, 59, 185, 186, 59, 58, 185, 60, 186, 187, 60, 59, 186, 61, 187, 188, 61, 60, 187, 62, 61, 188, 62, 188, 189, 63, 62, 189, 63, 189, 190, 64, 63, 190, 64, 190, 191, 65, 64, 191, 65, 191, 192, 66, 65, 192, 66, 192, 193, 67, 66, 193, 67, 193, 194, 68, 67, 194, 68, 194, 195, 69, 68, 195, 69, 195, 196, 70, 69, 196, 70, 196, 197, 71, 70, 197, 71, 197, 198, 72, 71, 198, 72, 198, 199, 73, 72, 199, 73, 199, 200, 74, 73, 200, 74, 200, 201, 75, 201, 202, 75, 74, 201, 76, 202, 203, 76, 75, 202, 77, 203, 204, 77, 76, 203, 78, 204, 205, 78, 77, 204, 79, 205, 206, 79, 78, 205, 80, 206, 207, 80, 79, 206, 81, 207, 208, 81, 80, 207, 82, 208, 209, 82, 209, 210, 82, 81, 208, 83, 82, 210, 84, 210, 211, 84, 83, 210, 85, 211, 212, 85, 84, 211, 86, 212, 213, 86, 213, 214, 86, 85, 212, 87, 86, 214, 88, 87, 214, 88, 214, 215, 89, 88, 215, 89, 215, 216, 90, 89, 216, 90, 216, 217, 91, 90, 217, 91, 217, 218, 91, 218, 219, 92, 91, 219, 92, 219, 220, 93, 92, 220, 94, 220, 221, 94, 93, 220, 95, 221, 222, 95, 94, 221, 96, 222, 223, 96, 95, 222, 97, 223, 224, 97, 96, 223, 98, 224, 225, 98, 225, 226, 98, 97, 224, 99, 98, 226, 100, 226, 227, 100, 99, 226, 101, 227, 228, 101, 100, 227, 102, 228, 229, 102, 101, 228, 103, 229, 230, 103, 102, 229, 104, 230, 231, 104, 231, 232, 104, 103, 230, 105, 104, 232, 106, 232, 233, 106, 105, 232, 107, 233, 234, 107, 106, 233, 108, 234, 235, 108, 107, 234, 109, 235, 236, 109, 108, 235, 110, 236, 237, 110, 109, 236, 111, 237, 238, 111, 238, 239, 111, 110, 237, 112, 111, 239, 113, 112, 239, 113, 239, 240, 114, 113, 240, 114, 240, 241, 115, 114, 241, 115, 241, 242, 115, 242, 243, 116, 115, 243, 116, 243, 244, 117, 116, 244, 118, 117, 244, 118, 244, 245, 118, 245, 246, 119, 118, 246, 119, 246, 247, 120, 119, 247, 121, 120, 247, 121, 247, 248, 121, 248, 249, 122, 121, 249, 123, 122, 249, 123, 249, 250, 124, 123, 250, 124, 250, 251, 124, 251, 252, 125, 124, 252, 126, 252, 253, 126, 125, 252, 331, 332, 333, 328, 329, 330, 339, 337, 338, 326, 327, 328, 340, 337, 339, 343, 341, 342, 322, 326, 328, 322, 323, 324, 322, 324, 325, 322, 325, 326, 344, 337, 340, 344, 341, 343, 344, 335, 336, 344, 336, 337, 344, 340, 341, 345, 331, 333, 345, 335, 344, 345, 333, 334, 345, 334, 335, 320, 328, 330, 320, 322, 328, 320, 321, 322, 320, 330, 331, 318, 319, 320, 348, 331, 345, 348, 345, 346, 348, 346, 347, 351, 349, 350, 314, 315, 316, 314, 316, 317, 314, 317, 318, 352, 349, 351, 352, 348, 349, 311, 312, 313, 311, 313, 314, 309, 310, 311, 357, 354, 355, 357, 355, 356, 357, 353, 354, 308, 309, 311, 358, 353, 357, 359, 353, 358, 306, 307, 308, 305, 348, 352, 305, 311, 314, 305, 308, 311, 305, 306, 308, 305, 320, 331, 305, 318, 320, 305, 331, 348, 305, 314, 318, 305, 352, 353, 362, 359, 360, 362, 360, 361, 363, 359, 362, 364, 359, 363, 366, 364, 365, 366, 359, 364, 299, 300, 301, 299, 301, 302, 367, 359, 366, 298, 299, 302, 298, 302, 303, 298, 303, 304, 370, 367, 368, 370, 368, 369, 370, 359, 367, 295, 296, 297, 295, 297, 298, 295, 298, 304, 372, 370, 371, 372, 305, 353, 372, 353, 359, 372, 304, 305, 372, 359, 370, 373, 304, 372, 375, 373, 374, 290, 291, 292, 290, 292, 293, 290, 293, 294, 290, 294, 295, 290, 295, 304, 376, 373, 375, 288, 289, 290, 378, 376, 377, 379, 376, 378, 286, 288, 290, 286, 287, 288, 254, 376, 379, 257, 255, 256, 282, 286, 290, 282, 283, 284, 282, 284, 285, 282, 285, 286, 258, 254, 255, 258, 255, 257, 259, 254, 258, 280, 281, 282, 261, 259, 260, 261, 254, 259, 263, 261, 262, 264, 373, 376, 264, 376, 254, 264, 254, 261, 264, 279, 280, 264, 282, 290, 264, 280, 282, 264, 261, 263, 264, 304, 373, 264, 290, 304, 275, 276, 277, 275, 277, 278, 274, 275, 278, 266, 264, 265, 272, 273, 274, 272, 278, 279, 272, 274, 278, 268, 266, 267, 268, 264, 266, 270, 268, 269, 270, 271, 272, 270, 279, 264, 270, 272, 279, 270, 264, 268, 461, 460, 459, 463, 462, 461, 454, 456, 455, 454, 457, 456, 452, 454, 453, 466, 465, 464, 451, 454, 452, 468, 466, 464, 468, 464, 463, 468, 467, 466, 470, 469, 468, 446, 461, 459, 446, 457, 454, 446, 454, 451, 446, 448, 447, 446, 449, 448, 446, 450, 449, 446, 451, 450, 446, 458, 457, 446, 459, 458, 474, 473, 472, 440, 442, 441, 440, 443, 442, 440, 444, 443, 440, 445, 444, 440, 446, 445, 479, 475, 474, 479, 476, 475, 479, 477, 476, 479, 478, 477, 437, 439, 438, 481, 480, 479, 436, 439, 437, 436, 440, 439, 482, 481, 479, 434, 446, 440, 434, 440, 436, 434, 463, 461, 434, 468, 463, 434, 436, 435, 434, 470, 468, 434, 461, 446, 434, 471, 470, 484, 483, 482, 485, 482, 479, 485, 484, 482, 486, 485, 479, 431, 433, 432, 431, 434, 433, 487, 486, 479, 429, 434, 431, 429, 431, 430, 489, 488, 487, 490, 489, 487, 425, 427, 426, 425, 428, 427, 493, 492, 491, 494, 491, 490, 494, 493, 491, 423, 425, 424, 495, 490, 487, 495, 494, 490, 422, 428, 425, 422, 429, 428, 422, 425, 423, 421, 429, 422, 497, 496, 495, 498, 495, 487, 498, 497, 495, 419, 421, 420, 499, 487, 479, 499, 498, 487, 499, 474, 472, 499, 472, 471, 499, 479, 474, 417, 419, 418, 501, 500, 499, 415, 417, 416, 415, 419, 417, 503, 502, 501, 413, 415, 414, 505, 504, 503, 412, 415, 413, 381, 505, 503, 381, 380, 505, 381, 503, 501, 382, 381, 501, 408, 410, 409, 408, 411, 410, 408, 412, 411, 384, 383, 382, 405, 419, 415, 405, 412, 408, 405, 415, 412, 405, 407, 406, 405, 408, 407, 405, 421, 419, 387, 385, 384, 387, 386, 385, 387, 382, 501, 387, 384, 382, 389, 388, 387, 402, 404, 403, 401, 404, 402, 391, 390, 389, 392, 391, 389, 399, 401, 400, 399, 405, 404, 399, 404, 401, 393, 389, 387, 393, 392, 389, 398, 421, 405, 398, 434, 429, 398, 405, 399, 398, 429, 421, 398, 471, 434, 394, 393, 387, 394, 387, 501, 396, 395, 394, 396, 398, 397, 396, 471, 398, 396, 499, 471, 396, 394, 501, 396, 501, 499]
            uniform token subdivisionScheme = "none"
            uniform bool doubleSided = true
            color3f[] primvars:displayColor = [(0.5, 0.53, 0.57)]
            custom string simulationStatus = "unmeasured_occlusion_proxy"
        }
    }
    def Xform "WearerMount"
    {
        def Mesh "strap_left"
        {
            point3f[] points = [(-0.21, 0.0755, -0.008), (-0.21, 0.0755, 0.008), (-0.21, 0.0805, -0.008), (-0.21, 0.0805, 0.008), (-0.03, 0.0755, -0.008), (-0.03, 0.0755, 0.008), (-0.03, 0.0805, -0.008), (-0.03, 0.0805, 0.008), (-0.21, 0.0755, -0.008), (-0.03, 0.0755, -0.008), (-0.21, 0.0755, 0.008), (-0.03, 0.0755, 0.008), (-0.21, 0.0805, -0.008), (-0.03, 0.0805, -0.008), (-0.21, 0.0805, 0.008), (-0.03, 0.0805, 0.008), (-0.21, 0.0755, -0.008), (-0.21, 0.0805, -0.008), (-0.03, 0.0755, -0.008), (-0.03, 0.0805, -0.008), (-0.21, 0.0755, 0.008), (-0.21, 0.0805, 0.008), (-0.03, 0.0755, 0.008), (-0.03, 0.0805, 0.008)]
            int[] faceVertexCounts = [3, 3, 3, 3, 3, 3, 3, 3, 3, 3, 3, 3]
            int[] faceVertexIndices = [1, 2, 0, 1, 3, 2, 5, 4, 6, 5, 6, 7, 11, 8, 9, 11, 10, 8, 15, 13, 12, 15, 12, 14, 19, 16, 17, 19, 18, 16, 23, 21, 20, 23, 20, 22]
            uniform token subdivisionScheme = "none"
            uniform bool doubleSided = true
            color3f[] primvars:displayColor = [(0.16, 0.17, 0.19)]
            custom string simulationStatus = "unmeasured_occlusion_proxy"
        }
        def Mesh "strap_right"
        {
            point3f[] points = [(-0.21, -0.0805, -0.008), (-0.21, -0.0805, 0.008), (-0.21, -0.0755, -0.008), (-0.21, -0.0755, 0.008), (-0.03, -0.0805, -0.008), (-0.03, -0.0805, 0.008), (-0.03, -0.0755, -0.008), (-0.03, -0.0755, 0.008), (-0.21, -0.0805, -0.008), (-0.03, -0.0805, -0.008), (-0.21, -0.0805, 0.008), (-0.03, -0.0805, 0.008), (-0.21, -0.0755, -0.008), (-0.03, -0.0755, -0.008), (-0.21, -0.0755, 0.008), (-0.03, -0.0755, 0.008), (-0.21, -0.0805, -0.008), (-0.21, -0.0755, -0.008), (-0.03, -0.0805, -0.008), (-0.03, -0.0755, -0.008), (-0.21, -0.0805, 0.008), (-0.21, -0.0755, 0.008), (-0.03, -0.0805, 0.008), (-0.03, -0.0755, 0.008)]
            int[] faceVertexCounts = [3, 3, 3, 3, 3, 3, 3, 3, 3, 3, 3, 3]
            int[] faceVertexIndices = [1, 2, 0, 1, 3, 2, 5, 4, 6, 5, 6, 7, 11, 8, 9, 11, 10, 8, 15, 13, 12, 15, 12, 14, 19, 16, 17, 19, 18, 16, 23, 21, 20, 23, 20, 22]
            uniform token subdivisionScheme = "none"
            uniform bool doubleSided = true
            color3f[] primvars:displayColor = [(0.16, 0.17, 0.19)]
            custom string simulationStatus = "unmeasured_occlusion_proxy"
        }
        def Mesh "strap_rear"
        {
            point3f[] points = [(-0.215, -0.0805, -0.008), (-0.215, -0.0805, 0.008), (-0.215, 0.0805, -0.008), (-0.215, 0.0805, 0.008), (-0.21, -0.0805, -0.008), (-0.21, -0.0805, 0.008), (-0.21, 0.0805, -0.008), (-0.21, 0.0805, 0.008), (-0.215, -0.0805, -0.008), (-0.21, -0.0805, -0.008), (-0.215, -0.0805, 0.008), (-0.21, -0.0805, 0.008), (-0.215, 0.0805, -0.008), (-0.21, 0.0805, -0.008), (-0.215, 0.0805, 0.008), (-0.21, 0.0805, 0.008), (-0.215, -0.0805, -0.008), (-0.215, 0.0805, -0.008), (-0.21, -0.0805, -0.008), (-0.21, 0.0805, -0.008), (-0.215, -0.0805, 0.008), (-0.215, 0.0805, 0.008), (-0.21, -0.0805, 0.008), (-0.21, 0.0805, 0.008)]
            int[] faceVertexCounts = [3, 3, 3, 3, 3, 3, 3, 3, 3, 3, 3, 3]
            int[] faceVertexIndices = [0, 3, 2, 1, 3, 0, 4, 6, 7, 5, 4, 7, 11, 8, 9, 11, 10, 8, 15, 13, 12, 15, 12, 14, 17, 18, 16, 19, 18, 17, 21, 20, 22, 23, 21, 22]
            uniform token subdivisionScheme = "none"
            uniform bool doubleSided = true
            color3f[] primvars:displayColor = [(0.16, 0.17, 0.19)]
            custom string simulationStatus = "unmeasured_occlusion_proxy"
        }
        def Mesh "strap_left_bracket"
        {
            point3f[] points = [(-0.036, 0.067, -0.008), (-0.036, 0.067, 0.008), (-0.036, 0.076, -0.008), (-0.036, 0.076, 0.008), (-0.028, 0.067, -0.008), (-0.028, 0.067, 0.008), (-0.028, 0.076, -0.008), (-0.028, 0.076, 0.008), (-0.036, 0.067, -0.008), (-0.028, 0.067, -0.008), (-0.036, 0.067, 0.008), (-0.028, 0.067, 0.008), (-0.036, 0.076, -0.008), (-0.028, 0.076, -0.008), (-0.036, 0.076, 0.008), (-0.028, 0.076, 0.008), (-0.036, 0.067, -0.008), (-0.036, 0.076, -0.008), (-0.028, 0.067, -0.008), (-0.028, 0.076, -0.008), (-0.036, 0.067, 0.008), (-0.036, 0.076, 0.008), (-0.028, 0.067, 0.008), (-0.028, 0.076, 0.008)]
            int[] faceVertexCounts = [3, 3, 3, 3, 3, 3, 3, 3, 3, 3, 3, 3]
            int[] faceVertexIndices = [1, 2, 0, 1, 3, 2, 5, 4, 6, 5, 6, 7, 11, 8, 9, 11, 10, 8, 15, 13, 12, 15, 12, 14, 19, 16, 17, 19, 18, 16, 23, 21, 20, 23, 20, 22]
            uniform token subdivisionScheme = "none"
            uniform bool doubleSided = true
            color3f[] primvars:displayColor = [(0.16, 0.17, 0.19)]
            custom string simulationStatus = "unmeasured_occlusion_proxy"
        }
    }
    def Xform "Wearer"
    {
        def Mesh "head_ellipsoid"
        {
            point3f[] points = [(-0.12, -1.07982704352e-33, 0.08), (-0.12, -1.07982704352e-33, 0.08), (-0.12, -1.07982704352e-33, -0.13), (-0.116783457375, -6.67334732531e-19, -0.129924793456), (-0.113523186093, -1.34374183103e-18, -0.129694735672), (-0.110225669452, -2.02787620857e-18, -0.129303472357), (-0.106897968157, -2.71827298318e-18, -0.128745121399), (-0.103547699524, -3.41335179389e-18, -0.128014359159), (-0.100183007412, -4.11142303766e-18, -0.127106506591), (-0.0968125225756, -4.81069609549e-18, -0.126017613538), (-0.0934453133102, -5.50928957202e-18, -0.124744539428), (-0.0900908265127, -6.20524352352e-18, -0.123285028473), (-0.0867588195424, -6.89653359482e-18, -0.121637777463), (-0.0834592835402, -7.58108692818e-18, -0.119802494271), (-0.0802023591469, -8.25679964912e-18, -0.11777994526), (-0.0769982458347, -8.92155567748e-18, -0.115571989952), (-0.0738571063168, -9.57324655948e-18, -0.113181601563), (-0.070788967724, -1.02097919706e-17, -0.110612872284), (-0.0678036214106, -1.08291605026e-17, -0.10787100255), (-0.0649105233756, -1.14293903234e-17, -0.104962273939), (-0.0621186973395, -1.20086092857e-17, -0.101894005774), (-0.0594366425087, -1.25650540626e-17, -0.0986744959382), (-0.0568722479747, -1.30970879077e-17, -0.095312946865), (-0.0544327155446, -1.36032166651e-17, -0.0918193780617), (-0.0521244925824, -1.4082102703e-17, -0.0882045269153), (-0.0499532161701, -1.45325764983e-17, -0.0844797398298), (-0.0479236695825, -1.4953645667e-17, -0.0806568559886), (-0.046039751726, -1.53445013048e-17, -0.0767480861952), (-0.0443044598316, -1.57045215773e-17, -0.0727658893142), (-0.0427198853376, -1.60332725747e-17, -0.0687228488204), (-0.0412872225536, -1.63305065142e-17, -0.0646315518636), (-0.0400067893889, -1.65961574392e-17, -0.0605044730821), (-0.0388780591552, -1.68303346215e-17, -0.0563538651607), (-0.0378997022328, -1.70333139167e-17, -0.0521916578384), (-0.0370696362224, -1.72055273595e-17, -0.0480293667492), (-0.036385083094, -1.73475513063e-17, -0.0438780131376), (-0.0358426317888, -1.74600934483e-17, -0.0397480551426), (-0.0354383047283, -1.75439790118e-17, -0.0356493310083), (-0.0351676267319, -1.76001364608e-17, -0.0315910142653), (-0.0350256949259, -1.76295829923e-17, -0.0275815806402), (-0.0350073274084, -1.76333936934e-17, -0.0236213288981), (-0.0351113077493, -1.76118209362e-17, -0.0196282559601), (-0.0353424763069, -1.75638604937e-17, -0.0155838753056), (-0.0357058516557, -1.74884711644e-17, -0.0114964466147), (-0.0362060458366, -1.73846960901e-17, -0.00737493514339), (-0.0368471944085, -1.72516772681e-17, -0.00322898209834), (-0.0376328870862, -1.70886699419e-17, 0.000931136593743), (-0.0385661003471, -1.68950565829e-17, 0.00509456344273), (-0.0396491334843, -1.66703601578e-17, 0.00924992452336), (-0.0408835496436, -1.64142563614e-17, 0.0133854063154), (-0.0422701233921, -1.61265844946e-17, 0.0174888436647), (-0.0438087963323, -1.5807356673e-17, 0.0215478179292), (-0.0454986421762, -1.54567650733e-17, 0.025549764029), (-0.0473378425495, -1.50751869528e-17, 0.0294820847896), (-0.0493236745861, -1.46631872234e-17, 0.0333322706647), (-0.0514525111185, -1.42215184119e-17, 0.0370880226738), (-0.0537198339687, -1.3751117903e-17, 0.0407373761894), (-0.0561202605113, -1.32531024274e-17, 0.0442688230909), (-0.058647583327, -1.2728759836e-17, 0.0476714297549), (-0.0612948224026, -1.2179538269e-17, 0.0509349484018), (-0.0640542889883, -1.16070329082e-17, 0.0540499194468), (-0.0669176598912, -1.10129705628e-17, 0.057007762721), (-0.0698760607052, -1.03991924021e-17, 0.0598008557222), (-0.0729201562378, -9.76763519454e-18, 0.0624225974068), (-0.076040246226, -9.12031144951e-18, 0.0648674564424), (-0.079226364328, -8.45928887977e-18, 0.0671310032694), (-0.082468378344, -7.78666960848e-18, 0.0692099257687), (-0.0857560896581, -7.10456953815e-18, 0.0711020287653), (-0.0890793299946, -6.41509827664e-18, 0.072806218011), (-0.0924280537418, -5.72033998273e-18, 0.0743224696555), (-0.0957924243078, -5.02233544996e-18, 0.0756517865305), (-0.0991628932137, -4.32306569721e-18, 0.076796142824), (-0.102530270901, -3.62443727818e-18, 0.0777584189003), (-0.105885788511, -2.92826946462e-18, 0.0785423281382), (-0.109221150159, -2.23628339966e-18, 0.0791523377017), (-0.112528575528, -1.55009326266e-18, 0.0795935851377), (-0.115800832803, -8.71199435359e-19, 0.0798717926248), (-0.117910149006, -4.33580498437e-19, 0.0799682592091), (-0.12, -1.07982704352e-33, -0.13), (-0.116783457375, -6.67334732531e-19, -0.129924793456), (-0.113523186093, -1.34374183103e-18, -0.129694735672), (-0.110225669452, -2.02787620857e-18, -0.129303472357), (-0.106897968157, -2.71827298318e-18, -0.128745121399), (-0.103547699524, -3.41335179389e-18, -0.128014359159), (-0.100183007412, -4.11142303766e-18, -0.127106506591), (-0.0968125225756, -4.81069609549e-18, -0.126017613538), (-0.0934453133102, -5.50928957202e-18, -0.124744539428), (-0.0900908265127, -6.20524352352e-18, -0.123285028473), (-0.0867588195424, -6.89653359482e-18, -0.121637777463), (-0.0834592835402, -7.58108692818e-18, -0.119802494271), (-0.0802023591469, -8.25679964912e-18, -0.11777994526), (-0.0769982458347, -8.92155567748e-18, -0.115571989952), (-0.0738571063168, -9.57324655948e-18, -0.113181601563), (-0.070788967724, -1.02097919706e-17, -0.110612872284), (-0.0678036214106, -1.08291605026e-17, -0.10787100255), (-0.0649105233756, -1.14293903234e-17, -0.104962273939), (-0.0621186973395, -1.20086092857e-17, -0.101894005774), (-0.0594366425087, -1.25650540626e-17, -0.0986744959382), (-0.0568722479747, -1.30970879077e-17, -0.095312946865), (-0.0544327155446, -1.36032166651e-17, -0.0918193780617), (-0.0521244925824, -1.4082102703e-17, -0.0882045269153), (-0.0499532161701, -1.45325764983e-17, -0.0844797398298), (-0.0479236695825, -1.4953645667e-17, -0.0806568559886), (-0.046039751726, -1.53445013048e-17, -0.0767480861952), (-0.0443044598316, -1.57045215773e-17, -0.0727658893142), (-0.0427198853376, -1.60332725747e-17, -0.0687228488204), (-0.0412872225536, -1.63305065142e-17, -0.0646315518636), (-0.0400067893889, -1.65961574392e-17, -0.0605044730821), (-0.0388780591552, -1.68303346215e-17, -0.0563538651607), (-0.0378997022328, -1.70333139167e-17, -0.0521916578384), (-0.0370696362224, -1.72055273595e-17, -0.0480293667492), (-0.036385083094, -1.73475513063e-17, -0.0438780131376), (-0.0358426317888, -1.74600934483e-17, -0.0397480551426), (-0.0354383047283, -1.75439790118e-17, -0.0356493310083), (-0.0351676267319, -1.76001364608e-17, -0.0315910142653), (-0.0350256949259, -1.76295829923e-17, -0.0275815806402), (-0.0350073274084, -1.76333936934e-17, -0.0236213288981), (-0.0351113077493, -1.76118209362e-17, -0.0196282559601), (-0.0353424763069, -1.75638604937e-17, -0.0155838753056), (-0.0357058516557, -1.74884711644e-17, -0.0114964466147), (-0.0362060458366, -1.73846960901e-17, -0.00737493514339), (-0.0368471944085, -1.72516772681e-17, -0.00322898209834), (-0.0376328870862, -1.70886699419e-17, 0.000931136593743), (-0.0385661003471, -1.68950565829e-17, 0.00509456344273), (-0.0396491334843, -1.66703601578e-17, 0.00924992452336), (-0.0408835496436, -1.64142563614e-17, 0.0133854063154), (-0.0422701233921, -1.61265844946e-17, 0.0174888436647), (-0.0438087963323, -1.5807356673e-17, 0.0215478179292), (-0.0454986421762, -1.54567650733e-17, 0.025549764029), (-0.0473378425495, -1.50751869528e-17, 0.0294820847896), (-0.0493236745861, -1.46631872234e-17, 0.0333322706647), (-0.0514525111185, -1.42215184119e-17, 0.0370880226738), (-0.0537198339687, -1.3751117903e-17, 0.0407373761894), (-0.0561202605113, -1.32531024274e-17, 0.0442688230909), (-0.058647583327, -1.2728759836e-17, 0.0476714297549), (-0.0612948224026, -1.2179538269e-17, 0.0509349484018), (-0.0640542889883, -1.16070329082e-17, 0.0540499194468), (-0.0669176598912, -1.10129705628e-17, 0.057007762721), (-0.0698760607052, -1.03991924021e-17, 0.0598008557222), (-0.0729201562378, -9.76763519454e-18, 0.0624225974068), (-0.076040246226, -9.12031144951e-18, 0.0648674564424), (-0.079226364328, -8.45928887977e-18, 0.0671310032694), (-0.082468378344, -7.78666960848e-18, 0.0692099257687), (-0.0857560896581, -7.10456953815e-18, 0.0711020287653), (-0.0890793299946, -6.41509827664e-18, 0.072806218011), (-0.0924280537418, -5.72033998273e-18, 0.0743224696555), (-0.0957924243078, -5.02233544996e-18, 0.0756517865305), (-0.0991628932137, -4.32306569721e-18, 0.076796142824), (-0.102530270901, -3.62443727818e-18, 0.0777584189003), (-0.105885788511, -2.92826946462e-18, 0.0785423281382), (-0.109221150159, -2.23628339966e-18, 0.0791523377017), (-0.112528575528, -1.55009326266e-18, 0.0795935851377), (-0.115800832803, -8.71199435359e-19, 0.0798717926248), (-0.117910149006, -4.33580498437e-19, 0.0799682592091), (-0.112409909878, 0.000720688033711, -0.129575265404), (-0.112563362969, 0.00147441270055, -0.129575265404), (-0.112837524703, 0.00224627114655, -0.129575265404), (-0.104629407305, 0.00145945595476, -0.128247063684), (-0.113243637458, 0.00301687521804, -0.129575265404), (-0.104940163162, 0.00298581396516, -0.128247063684), (-0.11378730323, 0.00376305331035, -0.129575265404), (-0.10549536452, 0.00454889445568, -0.128247063684), (-0.114466617013, 0.00445934616778, -0.129575265404), (-0.0967571229929, 0.00220693866053, -0.12594689061), (-0.106317778174, 0.00610943472871, -0.128247063684), (-0.115271002834, 0.00508023028945, -0.129575265404), (-0.0972270372187, 0.00451504428851, -0.12594689061), (-0.107418748652, 0.00762051026929, -0.128247063684), (-0.116181186389, 0.00560276826208, -0.129575265404), (-0.0980665934503, 0.00687868037688, -0.12594689061), (-0.10879441815, 0.00903056387014, -0.128247063684), (-0.11717051634, 0.00600918668523, -0.129575265404), (-0.0889066885896, 0.00295234669161, -0.122627771612), (-0.0993102188453, 0.0092384752365, -0.12594689061), (-0.110423369405, 0.0102879082219, -0.128247063684), (-0.118207495652, 0.00628882151866, -0.129575265404), (-0.0895353194323, 0.00604003015855, -0.122627771612), (-0.100975068205, 0.0115234712438, -0.12594689061), (-0.112266570272, 0.0113460930676, -0.128247063684), (-0.119259036165, 0.00643900233104, -0.129575265404), (-0.0906584412966, 0.00920199986368, -0.122627771612), (-0.103055307892, 0.0136557053787, -0.12594689061), (-0.114270049477, 0.0121691257254, -0.128247063684), (-0.0812029473936, 0.00368382602917, -0.118269820717), (-0.120293754893, 0.00646473261009, -0.129575265404), (-0.0923221093387, 0.0123588309398, -0.122627771612), (-0.105518551465, 0.0155570178853, -0.12594689061), (-0.116370022781, 0.0127354105861, -0.128247063684), (-0.0819873290747, 0.00753652014456, -0.118269820717), (-0.121284670016, 0.00637734451951, -0.129575265404), (-0.0945492725068, 0.0154155993599, -0.122627771612), (-0.108305775869, 0.0171571682964, -0.12594689061), (-0.118499483784, 0.0130395397941, -0.128247063684), (-0.0833887178646, 0.0114819058055, -0.118269820717), (-0.12221089209, 0.0061925333423, -0.129575265404), (-0.0973321268142, 0.0182680095816, -0.122627771612), (-0.111335367613, 0.0184017297272, -0.12594689061), (-0.0737766698982, 0.00438895986021, -0.112884528678), (-0.12059487921, 0.0130916458472, -0.128247063684), (-0.0854645796375, 0.0154208796804, -0.118269820717), (-0.123058220028, 0.0059282402773, -0.129575265404), (-0.100627347086, 0.0208115028779, -0.122627771612), (-0.114510874388, 0.0192580460469, -0.12594689061), (-0.074711192779, 0.00897911142878, -0.112884528678), (-0.122601568526, 0.0129146773627, -0.128247063684), (-0.0882435492189, 0.0192349991749, -0.118269820717), (-0.123818813611, 0.00560276826208, -0.129575265404), (-0.104355974844, 0.0229521146025, -0.122627771612), (-0.117730971437, 0.0197179396839, -0.12594689061), (-0.076380826225, 0.0136796969509, -0.112884528678), (-0.12447724879, 0.0125404186537, -0.128247063684), (-0.0917158890909, 0.022794128274, -0.118269820717), (-0.124531870094, 0.00520755224359, -0.129575265404), (-0.108408831102, 0.0246170348327, -0.122627771612), (-0.0667581157337, 0.00505537987877, -0.106517084695), (-0.120899555702, 0.0197967326496, -0.12594689061), (-0.0788540358512, 0.018372643385, -0.112884528678), (-0.126193161566, 0.0120052022085, -0.128247063684), (-0.0958275397463, 0.0259678025706, -0.118269820717), (-0.125225744941, 0.00471812064175, -0.129575265404), (-0.112656886151, 0.0257625776151, -0.122627771612), (-0.0678345366441, 0.0103425004311, -0.106517084695), (-0.123934001666, 0.019529127047, -0.12594689061), (-0.0821649375738, 0.0229168366317, -0.112884528678), (-0.127733429728, 0.0113460930676, -0.128247063684), (-0.100479979795, 0.0286387765493, -0.118269820717), (-0.125877805281, 0.00413107337296, -0.129575265404), (-0.116964592134, 0.0263778033491, -0.122627771612), (-0.0697576873669, 0.0157568232374, -0.106517084695), (-0.126770340286, 0.0189631860118, -0.12594689061), (-0.0863019299829, 0.0271572308928, -0.112884528678), (-0.129177431129, 0.0105457462537, -0.128247063684), (-0.105536979848, 0.030716200755, -0.118269820717), (-0.126462607649, 0.00344785739205, -0.129575265404), (-0.060270015361, 0.00567143268246, -0.0992462120246), (-0.12120338655, 0.0264832091567, -0.122627771612), (-0.0726064293419, 0.021162347036, -0.106517084695), (-0.129365084055, 0.0181538502721, -0.12594689061), (-0.0912006058549, 0.0309383891199, -0.112884528678), (-0.130582588048, 0.00955460468852, -0.128247063684), (-0.110837541536, 0.0321455655146, -0.118269820717), (-0.126953660604, 0.00267594902069, -0.129575265404), (-0.0614776098202, 0.01160284615, -0.0992462120246), (-0.125262736573, 0.0261252180038, -0.122627771612), (-0.0764200586486, 0.026396530951, -0.106517084695), (-0.131694224131, 0.0171571682964, -0.12594689061), (-0.0967435854811, 0.0341206234294, -0.112884528678), (-0.131903066954, 0.008365782907, -0.128247063684), (-0.116212533393, 0.0329132208104, -0.118269820717), (-0.127325887335, 0.00182947535088, -0.129575265404), (-0.0636351172923, 0.0176769628442, -0.0992462120246), (-0.129057067196, 0.0253681266659, -0.122627771612), (-0.0811852123182, 0.0312807870182, -0.106517084695), (-0.133877792952, 0.0159469116116, -0.12594689061), (-0.102768563336, 0.036595694559, -0.112884528678), (-0.133087342616, 0.00698221111853, -0.128247063684), (-0.121501540016, 0.0330447421723, -0.118269820717), (-0.127558480825, 0.000928956395785, -0.129575265404), (-0.0668310093377, 0.0237412082762, -0.0992462120246), (-0.132528202719, 0.0242854324632, -0.122627771612), (-0.086827703529, 0.0356360766149, -0.106517084695), (-0.136002622495, 0.0144481417232, -0.12594689061), (-0.109083723797, 0.0382986589513, -0.112884528678), (-0.134081767564, 0.00541902952483, -0.128247063684), (-0.126566642742, 0.0325980544133, -0.118269820717), (-0.127637627221, -4.78652168002e-34, -0.129575265404), (-0.0711093706889, 0.0296132342038, -0.0992462120246), (-0.135644025156, 0.0229521146025, -0.122627771612), (-0.093212329628, 0.0393015016382, -0.106517084695), (-0.137999404884, 0.0126504466701, -0.12594689061), (-0.115487561362, 0.039213253792, -0.112884528678), (-0.134835559069, 0.00370484671596, -0.128247063684), (-0.131301064329, 0.0316533846072, -0.118269820717), (-0.127558480825, -0.000928956395785, -0.129575265404), (-0.0764552099545, 0.0350926897844, -0.0992462120246), (-0.138565108692, 0.0213330857716, -0.122627771612), (-0.100152140605, 0.0421523877674, -0.106517084695), (-0.139790225452, 0.0105582574131, -0.12594689061), (-0.049298190375, 0.00671322044095, -0.0824570241054), (-0.121788954963, 0.0393699501108, -0.112884528678), (-0.135306581119, 0.00188121750344, -0.128247063684), (-0.135632215351, 0.0303024399173, -0.118269820717), (-0.127325887335, -0.00182947535088, -0.129575265404), (-0.0827852998451, 0.0399787185998, -0.0992462120246), (-0.141407613372, 0.0193280965074, -0.122627771612), (-0.10742619554, 0.0441139304102, -0.106517084695), (-0.141293960358, 0.00819446844005, -0.12594689061), (-0.127823586451, 0.038837760309, -0.112884528678), (-0.135466859455, -4.30211577986e-34, -0.128247063684), (-0.139520020205, 0.0286387765493, -0.118269820717), (-0.126953660604, -0.00267594902069, -0.129575265404), (-0.0899479617996, 0.0440908153701, -0.0992462120246), (-0.14407882213, 0.0169232181401, -0.122627771612), (-0.114802392316, 0.0451673974051, -0.106517084695), (-0.142433817721, 0.0056023406682, -0.12594689061), (-0.133464239985, 0.0377122680009, -0.112884528678), (-0.135306581119, -0.00188121750344, -0.128247063684), (-0.143164837256, 0.0266186138882, -0.118269820717), (-0.126462607649, -0.00344785739205, -0.129575265404), (-0.097733463924, 0.0472891128581, -0.0992462120246), (-0.146474504111, 0.0141243782169, -0.122627771612), (-0.122060590029, 0.0453478865056, -0.106517084695), (-0.143146080922, 0.00284471184188, -0.12594689061), (-0.138624431544, 0.036102734334, -0.112884528678), (-0.134835559069, -0.00370484671596, -0.128247063684), (-0.146711606596, 0.0241168644626, -0.118269820717), (-0.125877805281, -0.00413107337296, -0.129575265404), (-0.105893941253, 0.0494896907215, -0.0992462120246), (-0.148486135359, 0.0109622039893, -0.122627771612), (-0.129011520448, 0.0447348889615, -0.106517084695), (-0.143388448262, -3.81199564519e-34, -0.12594689061), (-0.143256414519, 0.0341206234294, -0.112884528678), (-0.134081767564, -0.00541902952483, -0.128247063684), (-0.150044639394, 0.0211161486078, -0.118269820717), (-0.125225744941, -0.00471812064175, -0.129575265404), (-0.114169007513, 0.0506715340821, -0.0992462120246), (-0.150010987035, 0.00749456803347, -0.122627771612), (-0.135508651268, 0.0434385018106, -0.106517084695), (-0.143146080922, -0.00284471184188, -0.12594689061), (-0.147598898558, 0.0317137744738, -0.112884528678), (-0.133087342616, -0.00698221111853, -0.128247063684), (-0.153033880347, 0.0176238624919, -0.118269820717), (-0.124531870094, -0.00520755224359, -0.129575265404), (-0.0414598948594, 0.00745747587029, -0.063649944504), (-0.122311695246, 0.0508740177347, -0.0992462120246), (-0.150963821812, 0.00380553195482, -0.122627771612), (-0.141452366729, 0.0415845764222, -0.106517084695), (-0.142433817721, -0.0056023406682, -0.12594689061), (-0.151824567236, 0.0287331565721, -0.112884528678), (-0.131903066954, -0.008365782907, -0.128247063684), (-0.155543917388, 0.0136782216355, -0.118269820717), (-0.123818813611, -0.00560276826208, -0.129575265404), (-0.130109671837, 0.0501863197991, -0.0992462120246), (-0.151288050313, -3.32323586286e-34, -0.122627771612), (-0.146787670372, 0.0393015016382, -0.106517084695), (-0.141293960358, -0.00819446844005, -0.12594689061), (-0.155795587324, 0.0251580633581, -0.112884528678), (-0.130582588048, -0.00955460468852, -0.128247063684), (-0.157446569373, 0.0093514372406, -0.118269820717), (-0.123058220028, -0.0059282402773, -0.129575265404), (-0.137398548432, 0.0487319538301, -0.0992462120246), (-0.150963821812, -0.00380553195482, -0.122627771612), (-0.151789517537, 0.0365291965434, -0.106517084695), (-0.139790225452, -0.0105582574131, -0.12594689061), (-0.159357009186, 0.0209973067258, -0.112884528678), (-0.129177431129, -0.0105457462537, -0.128247063684), (-0.158635480406, 0.00474839818434, -0.118269820717), (-0.12221089209, -0.0061925333423, -0.129575265404), (-0.144066570011, 0.0466521075493, -0.0992462120246), (-0.150010987035, -0.00749456803347, -0.122627771612), (-0.156656812088, 0.0330960013795, -0.106517084695), (-0.137999404884, -0.0126504466701, -0.12594689061), (-0.162347501064, 0.0162964171603, -0.112884528678), (-0.127733429728, -0.0113460930676, -0.128247063684), (-0.15904004041, -2.8436090452e-34, -0.118269820717), (-0.121284670016, -0.00637734451951, -0.129575265404), (-0.1500520382, 0.0440908153701, -0.0992462120246), (-0.148486135359, -0.0109622039893, -0.122627771612), (-0.161230792185, 0.028978065724, -0.106517084695), (-0.136002622495, -0.0144481417232, -0.12594689061), (-0.16461434622, 0.0111414280586, -0.112884528678), (-0.126193161566, -0.0120052022085, -0.128247063684), (-0.158635480406, -0.00474839818434, -0.118269820717), (-0.120293754893, -0.00646473261009, -0.129575265404), (-0.155663414628, 0.0409806748668, -0.0992462120246), (-0.146474504111, -0.0141243782169, -0.122627771612), (-0.165332980629, 0.0241855394697, -0.106517084695), (-0.133877792952, -0.0159469116116, -0.12594689061), (-0.166030830809, 0.00565730543907, -0.112884528678), (-0.12447724879, -0.0125404186537, -0.128247063684), (-0.157446569373, -0.0093514372406, -0.118269820717), (-0.119259036165, -0.00643900233104, -0.129575265404), (-0.161123841748, 0.0371291076801, -0.0992462120246), (-0.14407882213, -0.0169232181401, -0.122627771612), (-0.168777549036, 0.0187708664541, -0.106517084695), (-0.131694224131, -0.0171571682964, -0.12594689061), (-0.166512829038, -2.38125682547e-34, -0.112884528678), (-0.122601568526, -0.0129146773627, -0.128247063684), (-0.155543917388, -0.0136782216355, -0.118269820717), (-0.118207495652, -0.00628882151866, -0.129575265404), (-0.166255210871, 0.0325093569549, -0.0992462120246), (-0.141407613372, -0.0193280965074, -0.122627771612), (-0.171388592142, 0.0128331433921, -0.106517084695), (-0.129365084055, -0.0181538502721, -0.12594689061), (-0.166030830809, -0.00565730543907, -0.112884528678), (-0.12059487921, -0.0130916458472, -0.128247063684), (-0.153033880347, -0.0176238624919, -0.118269820717), (-0.11717051634, -0.00600918668523, -0.129575265404), (-0.170857295416, 0.0271328094585, -0.0992462120246), (-0.138565108692, -0.0213330857716, -0.122627771612), (-0.173020155866, 0.00651631115245, -0.106517084695), (-0.126770340286, -0.0189631860118, -0.12594689061), (-0.16461434622, -0.0111414280586, -0.112884528678), (-0.118499483784, -0.0130395397941, -0.128247063684), (-0.150044639394, -0.0211161486078, -0.118269820717), (-0.116181186389, -0.00560276826208, -0.129575265404), (-0.174721621798, 0.0210582998783, -0.0992462120246), (-0.135644025156, -0.0229521146025, -0.122627771612), (-0.173575340744, -1.94428903114e-34, -0.106517084695), (-0.123934001666, -0.019529127047, -0.12594689061), (-0.162347501064, -0.0162964171603, -0.112884528678), (-0.116370022781, -0.0127354105861, -0.128247063684), (-0.146711606596, -0.0241168644626, -0.118269820717), (-0.115271002834, -0.00508023028945, -0.129575265404), (-0.177650848793, 0.0143970009372, -0.0992462120246), (-0.132528202719, -0.0242854324632, -0.122627771612), (-0.173020155866, -0.00651631115245, -0.106517084695), (-0.120899555702, -0.0197967326496, -0.12594689061), (-0.159357009186, -0.0209973067258, -0.112884528678), (-0.114270049477, -0.0121691257254, -0.128247063684), (-0.143164837256, -0.0266186138882, -0.118269820717), (-0.114466617013, -0.00445934616778, -0.129575265404), (-0.0355290456432, 0.00802061701762, -0.025), (-0.179481236231, 0.00731039425825, -0.0992462120246), (-0.129057067196, -0.0253681266659, -0.122627771612), (-0.171388592142, -0.0128331433921, -0.106517084695), (-0.117730971437, -0.0197179396839, -0.12594689061), (-0.155795587324, -0.0251580633581, -0.112884528678), (-0.112266570272, -0.0113460930676, -0.128247063684), (-0.139520020205, -0.0286387765493, -0.118269820717), (-0.11378730323, -0.00376305331035, -0.129575265404), (-0.180104076401, -1.54034673151e-34, -0.0992462120246), (-0.125262736573, -0.0261252180038, -0.122627771612), (-0.168777549036, -0.0187708664541, -0.106517084695), (-0.114510874388, -0.0192580460469, -0.12594689061), (-0.151824567236, -0.0287331565721, -0.112884528678), (-0.110423369405, -0.0102879082219, -0.128247063684), (-0.135632215351, -0.0303024399173, -0.118269820717), (-0.113243637458, -0.00301687521804, -0.129575265404), (-0.179481236231, -0.00731039425825, -0.0992462120246), (-0.12120338655, -0.0264832091567, -0.122627771612), (-0.165332980629, -0.0241855394697, -0.106517084695), (-0.111335367613, -0.0184017297272, -0.12594689061), (-0.147598898558, -0.0317137744738, -0.112884528678), (-0.10879441815, -0.00903056387014, -0.128247063684), (-0.131301064329, -0.0316533846072, -0.118269820717), (-0.112837524703, -0.00224627114655, -0.129575265404), (-0.177650848793, -0.0143970009372, -0.0992462120246), (-0.116964592134, -0.0263778033491, -0.122627771612), (-0.161230792185, -0.028978065724, -0.106517084695), (-0.108305775869, -0.0171571682964, -0.12594689061), (-0.143256414519, -0.0341206234294, -0.112884528678), (-0.107418748652, -0.00762051026929, -0.128247063684), (-0.126566642742, -0.0325980544133, -0.118269820717), (-0.112563362969, -0.00147441270055, -0.129575265404), (-0.174721621798, -0.0210582998783, -0.0992462120246), (-0.112656886151, -0.0257625776151, -0.122627771612), (-0.156656812088, -0.0330960013795, -0.106517084695), (-0.105518551465, -0.0155570178853, -0.12594689061), (-0.138624431544, -0.036102734334, -0.112884528678), (-0.106317778174, -0.00610943472871, -0.128247063684), (-0.121501540016, -0.0330447421723, -0.118269820717), (-0.112409909878, -0.000720688033711, -0.129575265404), (-0.170857295416, -0.0271328094585, -0.0992462120246), (-0.108408831102, -0.0246170348327, -0.122627771612), (-0.151789517537, -0.0365291965434, -0.106517084695), (-0.103055307892, -0.0136557053787, -0.12594689061), (-0.0369392571056, 0.00788671577144, -0.00589387949672), (-0.133464239985, -0.0377122680009, -0.112884528678), (-0.10549536452, -0.00454889445568, -0.128247063684), (-0.116212533393, -0.0329132208104, -0.118269820717), (-0.166255210871, -0.0325093569549, -0.0992462120246), (-0.104355974844, -0.0229521146025, -0.122627771612), (-0.146787670372, -0.0393015016382, -0.106517084695), (-0.100975068205, -0.0115234712438, -0.12594689061), (-0.127823586451, -0.038837760309, -0.112884528678), (-0.104940163162, -0.00298581396516, -0.128247063684), (-0.110837541536, -0.0321455655146, -0.118269820717), (-0.161123841748, -0.0371291076801, -0.0992462120246), (-0.100627347086, -0.0208115028779, -0.122627771612), (-0.141452366729, -0.0415845764222, -0.106517084695), (-0.0993102188453, -0.0092384752365, -0.12594689061), (-0.121788954963, -0.0393699501108, -0.112884528678), (-0.104629407305, -0.00145945595476, -0.128247063684), (-0.105536979848, -0.030716200755, -0.118269820717), (-0.155663414628, -0.0409806748668, -0.0992462120246), (-0.0973321268142, -0.0182680095816, -0.122627771612), (-0.135508651268, -0.0434385018106, -0.106517084695), (-0.0980665934503, -0.00687868037688, -0.12594689061), (-0.115487561362, -0.039213253792, -0.112884528678), (-0.100479979795, -0.0286387765493, -0.118269820717), (-0.1500520382, -0.0440908153701, -0.0992462120246), (-0.0945492725068, -0.0154155993599, -0.122627771612), (-0.129011520448, -0.0447348889615, -0.106517084695), (-0.0972270372187, -0.00451504428851, -0.12594689061), (-0.109083723797, -0.0382986589513, -0.112884528678), (-0.0958275397463, -0.0259678025706, -0.118269820717), (-0.144066570011, -0.0466521075493, -0.0992462120246), (-0.0923221093387, -0.0123588309398, -0.122627771612), (-0.122060590029, -0.0453478865056, -0.106517084695), (-0.0967571229929, -0.00220693866053, -0.12594689061), (-0.102768563336, -0.036595694559, -0.112884528678), (-0.0917158890909, -0.022794128274, -0.118269820717), (-0.137398548432, -0.0487319538301, -0.0992462120246), (-0.0906584412966, -0.00920199986368, -0.122627771612), (-0.114802392316, -0.0451673974051, -0.106517084695), (-0.0967435854811, -0.0341206234294, -0.112884528678), (-0.0882435492189, -0.0192349991749, -0.118269820717), (-0.130109671837, -0.0501863197991, -0.0992462120246), (-0.0895353194323, -0.00604003015855, -0.122627771612), (-0.10742619554, -0.0441139304102, -0.106517084695), (-0.0912006058549, -0.0309383891199, -0.112884528678), (-0.0854645796375, -0.0154208796804, -0.118269820717), (-0.122311695246, -0.0508740177347, -0.0992462120246), (-0.0889066885896, -0.00295234669161, -0.122627771612), (-0.100152140605, -0.0421523877674, -0.106517084695), (-0.0863019299829, -0.0271572308928, -0.112884528678), (-0.0833887178646, -0.0114819058055, -0.118269820717), (-0.114169007513, -0.0506715340821, -0.0992462120246), (-0.093212329628, -0.0393015016382, -0.106517084695), (-0.0821649375738, -0.0229168366317, -0.112884528678), (-0.0819873290747, -0.00753652014456, -0.118269820717), (-0.105893941253, -0.0494896907215, -0.0992462120246), (-0.086827703529, -0.0356360766149, -0.106517084695), (-0.0788540358512, -0.018372643385, -0.112884528678), (-0.0812029473936, -0.00368382602917, -0.118269820717), (-0.097733463924, -0.0472891128581, -0.0992462120246), (-0.0811852123182, -0.0312807870182, -0.106517084695), (-0.049298190375, 0.00671322044095, 0.0324570241054), (-0.076380826225, -0.0136796969509, -0.112884528678), (-0.0899479617996, -0.0440908153701, -0.0992462120246), (-0.0764200586486, -0.026396530951, -0.106517084695), (-0.074711192779, -0.00897911142878, -0.112884528678), (-0.0827852998451, -0.0399787185998, -0.0992462120246), (-0.0726064293419, -0.021162347036, -0.106517084695), (-0.0737766698982, -0.00438895986021, -0.112884528678), (-0.0764552099545, -0.0350926897844, -0.0992462120246), (-0.0697576873669, -0.0157568232374, -0.106517084695), (-0.0711093706889, -0.0296132342038, -0.0992462120246), (-0.0678345366441, -0.0103425004311, -0.106517084695), (-0.0668310093377, -0.0237412082762, -0.0992462120246), (-0.0667581157337, -0.00505537987877, -0.106517084695), (-0.060270015361, 0.00567143268246, 0.0492462120246), (-0.0636351172923, -0.0176769628442, -0.0992462120246), (-0.0614776098202, -0.01160284615, -0.0992462120246), (-0.060270015361, -0.00567143268246, -0.0992462120246), (-0.049298190375, -0.00671322044095, -0.0824570241054), (-0.0414598948594, -0.00745747587029, -0.063649944504), (-0.0355290456432, -0.00802061701762, -0.025), (-0.0369392571056, -0.00788671577144, -0.00589387949672), (-0.049298190375, -0.00671322044095, 0.0324570241054), (-0.060270015361, -0.00567143268246, 0.0492462120246), (-0.0587469004747, 0.00581605424226, -0.0973033743628), (-0.05748244221, 0.00593611604993, -0.0956113405174), (-0.0579972663023, 0.00901299707887, -0.0956113405174), (-0.0519593824264, 0.00646053710836, -0.0872237999617), (-0.050881539906, 0.0065628795304, -0.085360386557), (-0.0525196882096, 0.00980924254105, -0.0872237999617), (-0.0507276083478, 0.0137341776424, -0.0824570241054), (-0.0638236725013, 0.0293295642707, -0.0911813032719), (-0.0597228960636, 0.0227503286092, -0.0911813032719), (-0.0478599116925, 0.00684978670287, -0.0796248023633), (-0.0469249440189, 0.00693856298923, -0.0776695838406), (-0.0691136219329, 0.0355891680674, -0.0911813032719), (-0.0684564498959, 0.0415388801346, -0.0824570241054), (-0.0621286312579, 0.0350529011469, -0.0824570241054), (-0.0475267077585, 0.0105350447039, -0.0776695838406), (-0.0755395418737, 0.0413061747672, -0.0911813032719), (-0.0759493165533, 0.0473224255553, -0.0824570241054), (-0.0829717892883, 0.0462682920144, -0.0911813032719), (-0.0844276907732, 0.052189875041, -0.0824570241054), (-0.0423013766042, 0.00737757618342, -0.066194162517), (-0.0430477840305, 0.0152568054732, -0.063649944504), (-0.0430231429486, 0.00730904361541, -0.0682372081065), (-0.043657037521, 0.0110975574266, -0.0682372081065), (-0.0912098153099, 0.0502970956728, -0.0911813032719), (-0.0936433149252, 0.0559756690854, -0.0824570241054), (-0.0999991635363, 0.0532681439305, -0.0911813032719), (-0.103302793628, 0.0585804719848, -0.0824570241054), (-0.0403629986887, 0.00756162745897, -0.0600104690857), (-0.109057140285, 0.0551235313291, -0.0911813032719), (-0.11309791015, 0.0599794086292, -0.0824570241054), (-0.0410187992088, 0.0114810636494, -0.0600104690857), (-0.0404528393369, 0.0115633341295, -0.057936173036), (-0.118101878223, 0.0558743012268, -0.0911813032719), (-0.122736331479, 0.0602190865857, -0.0824570241054), (-0.126878818438, 0.0555929082556, -0.0911813032719), (-0.131966721537, 0.0594050651388, -0.0824570241054), (-0.135179931702, 0.0543984087334, -0.0911813032719), (-0.140594494816, 0.0576835460979, -0.0824570241054), (-0.14848736797, 0.0552216520143, -0.0824570241054), (-0.0376065597046, 0.00782335460047, -0.0481438562289), (-0.0372465546347, 0.00785753750762, -0.0460659588109), (-0.038618542535, 0.0161349618074, -0.0441061205033), (-0.0369392571056, 0.00788671577144, -0.0441061205033), (-0.0382850591472, 0.0118784524372, -0.0481438562289), (-0.0366334416855, 0.00791575330726, -0.0419234474179), (-0.0363794166892, 0.00793987328109, -0.0398613771414), (-0.0370680214976, 0.0120553665203, -0.0398613771414), (-0.168026483184, 0.0383348145628, -0.0911813032719), (-0.174751849225, 0.0384810138551, -0.0824570241054), (-0.168677896837, 0.0439493684555, -0.0824570241054), (-0.162185723101, 0.0429839382849, -0.0911813032719), (-0.0356358903088, 0.00801047199026, -0.0302794617026), (-0.0355701853469, 0.0080167107541, -0.0282766367032), (-0.0363306179619, 0.0121625588249, -0.0302794617026), (-0.0372368421053, 0.0164089023875, -0.025), (-0.173398285499, 0.0328425796464, -0.0911813032719), (-0.180199292538, 0.0321168461791, -0.0824570241054), (-0.178074449276, 0.0265447369561, -0.0911813032719), (-0.184773458592, 0.0249265074822, -0.0824570241054), (-0.0355564219931, 0.00801801760082, -0.0223269740336), (-0.181829237782, 0.0195343632617, -0.0911813032719), (-0.188240756476, 0.0170415918501, -0.0824570241054), (-0.0356126973384, 0.00801267419022, -0.0203282410897), (-0.0363076159826, 0.0121659024963, -0.0203282410897), (-0.18446129459, 0.0119619691633, -0.0911813032719), (-0.190407368521, 0.00865324353011, -0.0824570241054), (-0.185818395402, 0.0040288036584, -0.0911813032719), (-0.191144618454, -8.57252457168e-35, -0.0824570241054), (-0.185818395402, -0.0040288036584, -0.0911813032719), (-0.190407368521, -0.00865324353011, -0.0824570241054), (-0.0365528862141, 0.00792340214454, -0.00870153214548), (-0.0363093157851, 0.00794652944484, -0.0107613813813), (-0.038618542535, 0.0161349618074, -0.00589387949672), (-0.0369984978654, 0.0120654727891, -0.0107613813813), (-0.181096990081, 0.0375776627311, -0.0732259322709), (-0.18446129459, -0.0119619691633, -0.0911813032719), (-0.188240756476, -0.0170415918501, -0.0824570241054), (-0.186447340364, 0.0303718277725, -0.0732259322709), (-0.181829237782, -0.0195343632617, -0.0911813032719), (-0.184773458592, -0.0249265074822, -0.0824570241054), (-0.0374937774393, 0.00783406340994, -0.0024855111237), (-0.190743475979, 0.0223507325618, -0.0732259322709), (-0.191954512552, 0.0276899633662, -0.063649944504), (-0.195806209444, 0.0189308933218, -0.063649944504), (-0.0378789717646, 0.0077974887532, -0.000405610256105), (-0.178074449276, -0.0265447369561, -0.0911813032719), (-0.180199292538, -0.0321168461791, -0.0824570241054), (-0.0385552279287, 0.0118391794844, -0.000405610256105), (-0.193755009911, 0.0136865875842, -0.0732259322709), (-0.198213021076, 0.00961257795615, -0.063649944504), (-0.173398285499, -0.0328425796464, -0.0911813032719), (-0.174751849225, -0.0384810138551, -0.0824570241054), (-0.195307770904, 0.00460965693667, -0.0732259322709), (-0.19903200559, -3.69248429207e-35, -0.063649944504), (-0.168026483184, -0.0383348145628, -0.0911813032719), (-0.168677896837, -0.0439493684555, -0.0824570241054), (-0.195307770904, -0.00460965693667, -0.0732259322709), (-0.198213021076, -0.00961257795615, -0.063649944504), (-0.0407831924534, 0.00752172956406, 0.0114536572015), (-0.0414598948594, 0.00745747587029, 0.013649944504), (-0.0430477840305, 0.0152568054732, 0.013649944504), (-0.0401862779665, 0.00757840730054, 0.00938304835252), (-0.0408435337592, 0.0115065410258, 0.00938304835252), (-0.162185723101, -0.0429839382849, -0.0911813032719), (-0.162214441655, -0.0485084315733, -0.0824570241054), (-0.193755009911, -0.0136865875842, -0.0732259322709), (-0.195806209444, -0.0189308933218, -0.063649944504), (-0.156085177616, -0.0467998491436, -0.0911813032719), (-0.155572309227, -0.052189875041, -0.0824570241054), (-0.0420903406052, 0.00739761430111, 0.0155736210252), (-0.190743475979, -0.0223507325618, -0.0732259322709), (-0.191954512552, -0.0276899633662, -0.063649944504), (-0.0428006584387, 0.00733016878275, 0.0176198961734), (-0.149805160517, -0.0498710892437, -0.0911813032719), (-0.14848736797, -0.0552216520143, -0.0824570241054), (-0.0434363851426, 0.0111296324517, 0.0176198961734), (-0.186447340364, -0.0303718277725, -0.0732259322709), (-0.186873235499, -0.0356774527988, -0.063649944504), (-0.142853534468, -0.0524383381721, -0.0911813032719), (-0.140594494816, -0.0576835460979, -0.0824570241054), (-0.181096990081, -0.0375776627311, -0.0732259322709), (-0.180821866053, -0.0427471784686, -0.063649944504), (-0.135179931702, -0.0543984087334, -0.0911813032719), (-0.131966721537, -0.0594050651388, -0.0824570241054), (-0.174950707487, -0.043861741313, -0.0732259322709), (-0.126878818438, -0.0555929082556, -0.0911813032719), (-0.122736331479, -0.0602190865857, -0.0824570241054), (-0.0475730156322, 0.00687702782309, 0.029035024102), (-0.0472531820199, 0.0105748056392, 0.0270738610198), (-0.048169442585, 0.01044161387, 0.029035024102), (-0.0507276083478, 0.0137341776424, 0.0324570241054), (-0.118101878223, -0.0558743012268, -0.0911813032719), (-0.11309791015, -0.0599794086292, -0.0824570241054), (-0.0505621229733, 0.00659320854592, 0.0347912474296), (-0.109057140285, -0.0551235313291, -0.0911813032719), (-0.103302793628, -0.0585804719848, -0.0824570241054), (-0.0516294403009, 0.00649186550338, 0.03666245686), (-0.0521924631154, 0.00985680945693, 0.03666245686), (-0.0999991635363, -0.0532681439305, -0.0911813032719), (-0.0936433149252, -0.0559756690854, -0.0824570241054), (-0.0912098153099, -0.0502970956728, -0.0911813032719), (-0.0844276907732, -0.052189875041, -0.0824570241054), (-0.0829717892883, -0.0462682920144, -0.0911813032719), (-0.0759493165534, -0.0473224255553, -0.0824570241054), (-0.0571057142173, 0.00597188681839, 0.0450925115056), (-0.0576236406164, 0.00906730899409, 0.0450925115056), (-0.0636351172923, 0.0176769628442, 0.0492462120246), (-0.0614776098202, 0.01160284615, 0.0492462120246), (-0.0583609140275, 0.00585270411192, 0.0467947445544), (-0.0755395418737, -0.0413061747672, -0.0911813032719), (-0.0684564498959, -0.0415388801346, -0.0824570241054), (-0.0691136219329, -0.0355891680674, -0.0911813032719), (-0.0621286312579, -0.0350529011469, -0.0824570241054), (-0.0638236725013, 0.0293295642707, 0.0411813032719), (-0.0668310093377, 0.0237412082762, 0.0492462120246), (-0.0597228960636, 0.0227503286092, 0.0411813032719), (-0.0711093706889, 0.0296132342038, 0.0492462120246), (-0.0623044720203, 0.00547825861656, 0.0516917600328), (-0.063675129791, 0.0053481130402, 0.0532502577656), (-0.0638236725013, -0.0293295642707, -0.0911813032719), (-0.0691136219329, 0.0355891680674, 0.0411813032719), (-0.0764552099545, 0.0350926897844, 0.0492462120246), (-0.0621286312579, 0.0350529011469, 0.0324570241054), (-0.0684564498959, 0.0415388801346, 0.0324570241054), (-0.0641389578932, 0.00812021308265, 0.0532502577656), (-0.06481388115, 0.0109413857614, 0.0532502577656), (-0.0597228960636, -0.0227503286092, -0.0911813032719), (-0.0755395418737, 0.0413061747672, 0.0411813032719), (-0.0827852998451, 0.0399787185998, 0.0492462120246), (-0.0759493165533, 0.0473224255553, 0.0324570241054), (-0.0587469004747, -0.00581605424226, -0.0973033743628), (-0.0579972663023, -0.00901299707887, -0.0956113405174), (-0.0661826723891, 0.0106700046009, 0.0547699973641), (-0.05748244221, -0.00593611604993, -0.0956113405174), (-0.067059639756, 0.0134545277364, 0.0547699973641), (-0.0829717892883, 0.0462682920144, 0.0411813032719), (-0.0844276907732, 0.052189875041, 0.0324570241054), (-0.0899479617996, 0.0440908153701, 0.0492462120246), (-0.068430518824, 0.0131061256787, 0.0562499628353), (-0.0695089327656, 0.0158348368096, 0.0562499628353), (-0.0912098153099, 0.0502970956728, 0.0411813032719), (-0.097733463924, 0.0472891128581, 0.0492462120246), (-0.0936433149252, 0.0559756690854, 0.0324570241054), (-0.070873986139, 0.0154067334125, 0.0576891991919), (-0.0721501083594, 0.0180599379806, 0.0576891991919), (-0.0999991635363, 0.0532681439305, 0.0411813032719), (-0.103302793628, 0.0585804719848, 0.0324570241054), (-0.105893941253, 0.0494896907215, 0.0492462120246), (-0.0617770719231, -0.040720240886, -0.0732259322709), (-0.0519593824264, -0.00646053710836, -0.0872237999617), (-0.0735009097004, 0.0175501063465, 0.0590868144567), (-0.109057140285, 0.0551235313291, 0.0411813032719), (-0.11309791015, 0.0599794086292, 0.0324570241054), (-0.114169007513, 0.0506715340821, 0.0492462120246), (-0.0749676270257, 0.0201080165833, 0.0590868144567), (-0.050881539906, -0.0065628795304, -0.085360386557), (-0.0525196882096, -0.00980924254105, -0.0872237999617), (-0.0507276083478, -0.0137341776424, -0.0824570241054), (-0.076295325761, 0.0195151677853, 0.0604419814271), (-0.118101878223, 0.0558743012268, 0.0411813032719), (-0.122736331479, 0.0602190865857, 0.0324570241054), (-0.122311695246, 0.0508740177347, 0.0492462120246), (-0.0779420135031, 0.0219584026401, 0.0604419814271), (-0.0792374437988, 0.0212820607038, 0.061753939191), (-0.0478599116925, -0.00684978670287, -0.0796248023633), (-0.0475267077585, -0.0105350447039, -0.0776695838406), (-0.126878818438, 0.0555929082556, 0.0411813032719), (-0.131966721537, 0.0594050651388, 0.0324570241054), (-0.130109671837, 0.0501863197991, 0.0492462120246), (-0.0810499488461, 0.0235921894097, 0.061753939191), (-0.0469249440189, -0.00693856298923, -0.0776695838406), (-0.0823037575616, 0.0228327528539, 0.063021994392), (-0.135179931702, 0.0543984087334, 0.0411813032719), (-0.137398548432, 0.0487319538301, 0.0492462120246), (-0.140594494816, 0.0576835460979, 0.0324570241054), (-0.14848736797, 0.0552216520143, 0.0324570241054), (-0.0842645186477, 0.0249928586024, 0.063021994392), (-0.0864255710018, 0.0270575887561, 0.063021994392), (-0.0875556249185, 0.0261468797712, 0.064245522238), (-0.186447340364, 0.0303718277725, 0.0232259322709), (-0.184773458592, 0.0249265074822, 0.0324570241054), (-0.180199292538, 0.0321168461791, 0.0324570241054), (-0.0898280897129, 0.0280313395745, 0.064245522238), (-0.149805160517, 0.0498710892437, 0.0411813032719), (-0.155572309227, 0.052189875041, 0.0324570241054), (-0.144066570011, 0.0466521075493, 0.0492462120246), (-0.1500520382, 0.0440908153701, 0.0492462120246), (-0.0908905584163, 0.0270442485774, 0.0654239672526), (-0.190743475979, 0.0223507325618, 0.0232259322709), (-0.191954512552, 0.0276899633662, 0.013649944504), (-0.188240756476, 0.0170415918501, 0.0324570241054), (-0.195806209444, 0.0189308933218, 0.013649944504), (-0.0423013766042, -0.00737757618342, -0.066194162517), (-0.043657037521, -0.0110975574266, -0.0682372081065), (-0.0430231429486, -0.00730904361541, -0.0682372081065), (-0.0430477840305, -0.0152568054732, -0.063649944504), (-0.0932484590544, 0.0287384373144, 0.0654239672526), (-0.156085177616, 0.0467998491436, 0.0411813032719), (-0.162214441655, 0.0485084315733, 0.0324570241054), (-0.155663414628, 0.0409806748668, 0.0492462120246), (-0.0942347161855, 0.0276789286754, 0.0665568437695), (-0.193755009911, 0.0136865875842, 0.0232259322709), (-0.198213021076, 0.00961257795615, 0.013649944504), (-0.190407368521, 0.00865324353011, 0.0324570241054), (-0.0410187992088, -0.0114810636494, -0.0600104690857), (-0.162185723101, 0.0429839382849, 0.0411813032719), (-0.168677896837, 0.0439493684555, 0.0324570241054), (-0.161123841748, 0.0371291076801, 0.0492462120246), (-0.0966504349677, 0.0291762543358, 0.0665568437695), (-0.0403629986887, -0.00756162745897, -0.0600104690857), (-0.0404528393369, -0.0115633341295, -0.057936173036), (-0.195307770904, 0.00460965693667, 0.0232259322709), (-0.191144618454, -8.57252457168e-35, 0.0324570241054), (-0.19903200559, -3.69248429207e-35, 0.013649944504), (-0.0975524369149, 0.0280491653221, 0.0676437361717), (-0.168026483184, 0.0383348145628, 0.0411813032719), (-0.166255210871, 0.0325093569549, 0.0492462120246), (-0.174751849225, 0.0384810138551, 0.0324570241054), (-0.0999974785488, 0.0293466777315, 0.0676437361717), (-0.195307770904, -0.00460965693667, 0.0232259322709), (-0.198213021076, -0.00961257795615, 0.013649944504), (-0.190407368521, -0.00865324353011, 0.0324570241054), (-0.100807915855, 0.0281576455136, 0.0686842988783), (-0.173398285499, 0.0328425796464, 0.0411813032719), (-0.170857295416, 0.0271328094585, 0.0492462120246), (-0.103253721117, 0.029256123232, 0.0686842988783), (-0.193755009911, -0.0136865875842, 0.0232259322709), (-0.188240756476, -0.0170415918501, 0.0324570241054), (-0.195806209444, -0.0189308933218, 0.013649944504), (-0.103966152862, 0.0280114890601, 0.0696782560849), (-0.178074449276, 0.0265447369561, 0.0411813032719), (-0.174721621798, 0.0210582998783, 0.0492462120246), (-0.106384917197, 0.0289153726034, 0.0696782560849), (-0.190743475979, -0.0223507325618, 0.0232259322709), (-0.191954512552, -0.0276899633662, 0.013649944504), (-0.184773458592, -0.0249265074822, 0.0324570241054), (-0.108861122013, 0.0296661270596, 0.0696782560849), (-0.0376065597046, -0.00782335460047, -0.0481438562289), (-0.181829237782, 0.0195343632617, 0.0411813032719), (-0.177650848793, 0.0143970009372, 0.0492462120246), (-0.109359333732, 0.0283392418778, 0.0706254012632), (-0.0372465546347, -0.00785753750762, -0.0460659588109), (-0.0382850591472, -0.0118784524372, -0.0481438562289), (-0.0369392571056, -0.00788671577144, -0.0441061205033), (-0.038618542535, -0.0161349618074, -0.0441061205033), (-0.186447340364, -0.0303718277725, 0.0232259322709), (-0.180199292538, -0.0321168461791, 0.0324570241054), (-0.186873235499, -0.0356774527988, 0.013649944504), (-0.11176050319, 0.0289074472287, 0.0706254012632), (-0.18446129459, 0.0119619691633, 0.0411813032719), (-0.179481236231, 0.00731039425825, 0.0492462120246), (-0.112148528372, 0.0275460998404, 0.0715255964287), (-0.0366334416855, -0.00791575330726, -0.0419234474179), (-0.181096990081, -0.0375776627311, 0.0232259322709), (-0.174751849225, -0.0384810138551, 0.0324570241054), (-0.180821866053, -0.0427471784686, 0.013649944504), (-0.114452441752, 0.0279452546059, 0.0715255964287), (-0.185818395402, 0.0040288036584, 0.0411813032719), (-0.180104076401, -1.54034673151e-34, 0.0492462120246), (-0.0363794166892, -0.00793987328109, -0.0398613771414), (-0.0370680214976, -0.0120553665203, -0.0398613771414), (-0.1146317728, 0.0270418928817, 0.0720866615122), (-0.174950707487, -0.043861741313, 0.0232259322709), (-0.114811628479, 0.0261358883809, 0.0726277716116), (-0.185818395402, -0.0040288036584, 0.0411813032719), (-0.179481236231, -0.00731039425825, 0.0492462120246), (-0.116964592134, 0.0263778033491, 0.0726277716116), (-0.119100037721, 0.0264918532071, 0.0726277716116), (-0.18446129459, -0.0119619691633, 0.0411813032719), (-0.177650848793, -0.0143970009372, 0.0492462120246), (-0.12120338655, 0.0264832091567, 0.0726277716116), (-0.0356358903088, -0.00801047199026, -0.0302794617026), (-0.181829237782, -0.0195343632617, 0.0411813032719), (-0.174721621798, -0.0210582998783, 0.0492462120246), (-0.0355701853469, -0.0080167107541, -0.0282766367032), (-0.0363306179619, -0.0121625588249, -0.0302794617026), (-0.0372368421053, -0.0164089023875, -0.025), (-0.178074449276, -0.0265447369561, 0.0411813032719), (-0.170857295416, -0.0271328094585, 0.0492462120246), (-0.173398285499, -0.0328425796464, 0.0411813032719), (-0.166255210871, -0.0325093569549, 0.0492462120246), (-0.0355564219931, -0.00801801760082, -0.0223269740336), (-0.0356126973384, -0.00801267419022, -0.0203282410897), (-0.0363076159826, -0.0121659024963, -0.0203282410897), (-0.168026483184, -0.0383348145628, 0.0411813032719), (-0.168677896837, -0.0439493684555, 0.0324570241054), (-0.161123841748, -0.0371291076801, 0.0492462120246), (-0.162185723101, -0.0429839382849, 0.0411813032719), (-0.155663414628, -0.0409806748668, 0.0492462120246), (-0.162214441655, -0.0485084315733, 0.0324570241054), (-0.0365528862141, -0.00792340214454, -0.00870153214548), (-0.038618542535, -0.0161349618074, -0.00589387949672), (-0.0363093157851, -0.00794652944484, -0.0107613813813), (-0.0369984978654, -0.0120654727891, -0.0107613813813), (-0.0374937774393, -0.00783406340994, -0.0024855111237), (-0.0378789717646, -0.0077974887532, -0.000405610256105), (-0.0385552279287, -0.0118391794844, -0.000405610256105), (-0.126878818438, -0.0555929082556, 0.0411813032719), (-0.135179931702, -0.0543984087334, 0.0411813032719), (-0.131966721537, -0.0594050651388, 0.0324570241054), (-0.122311695246, -0.0508740177347, 0.0492462120246), (-0.130109671837, -0.0501863197991, 0.0492462120246), (-0.122736331479, -0.0602190865857, 0.0324570241054), (-0.118101878223, -0.0558743012268, 0.0411813032719), (-0.11309791015, -0.0599794086292, 0.0324570241054), (-0.114169007513, -0.0506715340821, 0.0492462120246), (-0.0617770719231, -0.040720240886, 0.0232259322709), (-0.0627421183989, -0.0461440524719, 0.013649944504), (-0.0557127715721, -0.0389390109838, 0.013649944504), (-0.109057140285, -0.0551235313291, 0.0411813032719), (-0.103302793628, -0.0585804719848, 0.0324570241054), (-0.105893941253, -0.0494896907215, 0.0492462120246), (-0.0407831924534, -0.00752172956406, 0.0114536572015), (-0.0401862779665, -0.00757840730054, 0.00938304835252), (-0.0414598948594, -0.00745747587029, 0.013649944504), (-0.0430477840305, -0.0152568054732, 0.013649944504), (-0.0408435337592, -0.0115065410258, 0.00938304835252), (-0.0999991635363, -0.0532681439305, 0.0411813032719), (-0.097733463924, -0.0472891128581, 0.0492462120246), (-0.0936433149252, -0.0559756690854, 0.0324570241054), (-0.0420903406052, -0.00739761430111, 0.0155736210252), (-0.0912098153099, -0.0502970956728, 0.0411813032719), (-0.0899479617996, -0.0440908153701, 0.0492462120246), (-0.0844276907732, -0.052189875041, 0.0324570241054), (-0.0428006584387, -0.00733016878275, 0.0176198961734), (-0.0434363851426, -0.0111296324517, 0.0176198961734), (-0.0829717892883, -0.0462682920144, 0.0411813032719), (-0.0827852998451, -0.0399787185998, 0.0492462120246), (-0.0759493165534, -0.0473224255553, 0.0324570241054), (-0.0755395418737, -0.0413061747672, 0.0411813032719), (-0.0764552099545, -0.0350926897844, 0.0492462120246), (-0.0684564498959, -0.0415388801346, 0.0324570241054), (-0.0691136219329, -0.0355891680674, 0.0411813032719), (-0.0621286312579, -0.0350529011469, 0.0324570241054), (-0.0711093706889, -0.0296132342038, 0.0492462120246), (-0.048169442585, -0.01044161387, 0.029035024102), (-0.0507276083478, -0.0137341776424, 0.0324570241054), (-0.0475730156322, -0.00687702782309, 0.029035024102), (-0.0472531820199, -0.0105748056392, 0.0270738610198), (-0.0638236725013, -0.0293295642707, 0.0411813032719), (-0.0668310093377, -0.0237412082762, 0.0492462120246), (-0.0597228960636, -0.0227503286092, 0.0411813032719), (-0.0505621229733, -0.00659320854592, 0.0347912474296), (-0.0521924631154, -0.00985680945693, 0.03666245686), (-0.0516294403009, -0.00649186550338, 0.03666245686), (-0.0576236406164, -0.00906730899409, 0.0450925115056), (-0.0614776098202, -0.01160284615, 0.0492462120246), (-0.0636351172923, -0.0176769628442, 0.0492462120246), (-0.0571057142173, -0.00597188681839, 0.0450925115056), (-0.0583609140275, -0.00585270411192, 0.0467947445544), (-0.114452441752, -0.0279452546059, 0.0715255964287), (-0.119100037721, -0.0264918532071, 0.0726277716116), (-0.12120338655, -0.0264832091567, 0.0726277716116), (-0.0623044720203, -0.00547825861656, 0.0516917600328), (-0.06481388115, -0.0109413857614, 0.0532502577656), (-0.116964592134, -0.0263778033491, 0.0726277716116), (-0.0641389578932, -0.00812021308265, 0.0532502577656), (-0.106384917197, -0.0289153726034, 0.0696782560849), (-0.108861122013, -0.0296661270596, 0.0696782560849), (-0.103253721117, -0.029256123232, 0.0686842988783), (-0.0842645186477, -0.0249928586024, 0.063021994392), (-0.0864255710018, -0.0270575887561, 0.063021994392), (-0.0810499488461, -0.0235921894097, 0.061753939191), (-0.0661826723891, -0.0106700046009, 0.0547699973641), (-0.067059639756, -0.0134545277364, 0.0547699973641), (-0.1146317728, -0.0270418928817, 0.0720866615122), (-0.109359333732, -0.0283392418778, 0.0706254012632), (-0.11176050319, -0.0289074472287, 0.0706254012632), (-0.0875556249185, -0.0261468797712, 0.064245522238), (-0.0898280897129, -0.0280313395745, 0.064245522238), (-0.068430518824, -0.0131061256787, 0.0562499628353), (-0.0695089327656, -0.0158348368096, 0.0562499628353), (-0.112148528372, -0.0275460998404, 0.0715255964287), (-0.0908905584163, -0.0270442485774, 0.0654239672526), (-0.0932484590544, -0.0287384373144, 0.0654239672526), (-0.070873986139, -0.0154067334125, 0.0576891991919), (-0.0721501083594, -0.0180599379806, 0.0576891991919), (-0.0942347161855, -0.0276789286754, 0.0665568437695), (-0.0966504349677, -0.0291762543358, 0.0665568437695), (-0.0735009097004, -0.0175501063465, 0.0590868144567), (-0.0749676270257, -0.0201080165833, 0.0590868144567), (-0.0975524369149, -0.0280491653221, 0.0676437361717), (-0.0999974785488, -0.0293466777315, 0.0676437361717), (-0.076295325761, -0.0195151677853, 0.0604419814271), (-0.0779420135031, -0.0219584026401, 0.0604419814271), (-0.114811628479, -0.0261358883809, 0.0726277716116), (-0.100807915855, -0.0281576455136, 0.0686842988783), (-0.0792374437988, -0.0212820607038, 0.061753939191), (-0.063675129791, -0.0053481130402, 0.0532502577656), (-0.103966152862, -0.0280114890601, 0.0696782560849), (-0.0823037575616, -0.0228327528539, 0.063021994392), (-0.0582443978123, 0.0156948773805, -0.0934216221582), (-0.0555882766488, 0.0163699172877, -0.0892192713443), (-0.0467169947408, 0.0186245092085, -0.0707419452943), (-0.0486025020969, 0.0181453169456, -0.0754586164408), (-0.0510324369609, 0.026030360121, -0.0732259322709), (-0.0443715256725, 0.0170766301226, -0.0659498020741), (-0.0458847320847, 0.0232437782923, -0.063649944504), (-0.0430870790832, 0.0173666534175, -0.0618328648743), (-0.0427889377977, 0.0174339726184, -0.0607988679519), (-0.0766374948954, 0.0501926006983, -0.0778948256535), (-0.0810167071664, 0.0527070940645, -0.0778948256535), (-0.0421943379706, 0.0197739198033, -0.0559151147009), (-0.0743068463268, 0.0528903533462, -0.0684708064562), (-0.0710656752951, 0.0525687856977, -0.063649944504), (-0.0627421183989, 0.0461440524719, -0.063649944504), (-0.0804839972048, 0.057975860798, -0.063649944504), (-0.0411243118701, 0.0200458615842, -0.0510169953837), (-0.045355693962, 0.0281729277001, -0.0538916125588), (-0.0789214325641, 0.0555399957393, -0.0684708064562), (-0.153046059979, 0.0455666729115, -0.0953051092862), (-0.039547075252, 0.0181659732054, -0.0461231151763), (-0.0416187805982, 0.024581651491, -0.0441061205033), (-0.149805160517, 0.0498710892437, -0.0911813032719), (-0.0359201304146, 0.00593141860181, -0.0377506264376), (-0.0389490467058, 0.018301005842, -0.0419803137369), (-0.0724720536436, 0.0550141470775, -0.0587836145201), (-0.0772719369852, 0.0577701849387, -0.0587836145201), (-0.0355366604929, 0.0059584705066, -0.0329542607405), (-0.155940568449, 0.0495578634119, -0.0868923727999), (-0.162214441655, 0.0485084315733, -0.0824570241054), (-0.155572309227, 0.052189875041, -0.0824570241054), (-0.0391314743304, 0.0205523312763, -0.0371398803603), (-0.0387852452338, 0.0206403236693, -0.0323508347834), (-0.0426727235707, 0.0291855586008, -0.0344347159793), (-0.0711309054572, 0.0565665415998, -0.0489930420527), (-0.0782095218423, 0.0613128548683, -0.0441061205033), (-0.0682490969964, 0.0555945575231, -0.0441061205033), (-0.0594464500164, 0.0488000273442, -0.0441061205033), (-0.076066232371, 0.059400349604, -0.0489930420527), (-0.15843386087, 0.0529958236501, -0.0778948256535), (-0.168267855078, 0.0491811530372, -0.0732259322709), (-0.037893668625, 0.0185393063139, -0.027627299573), (-0.0402880184332, 0.0249990005959, -0.025), (-0.0569798717425, 0.0473173744575, -0.0392480161366), (-0.0532329350968, 0.0434742029115, -0.0392480161366), (-0.0520125056837, 0.0411802756578, -0.0441061205033), (-0.0354836273442, 0.00596221173273, -0.017964336495), (-0.0378881085452, 0.0185405617594, -0.0226739723513), (-0.160499604595, 0.0558442439668, -0.0684708064562), (-0.166894509541, 0.0538862772563, -0.063649944504), (-0.159516002795, 0.057975860798, -0.063649944504), (-0.0358317524781, 0.00593765322777, -0.0131792097999), (-0.0564547709869, 0.0477116356209, -0.0296809256356), (-0.0584183673469, 0.0496285578332, -0.025), (-0.0508582089552, 0.0418794374367, -0.025), (-0.0526766138514, 0.04383644173, -0.0296809256356), (-0.0387689454371, 0.0206444661811, -0.0179551021371), (-0.174950707487, 0.043861741313, -0.0732259322709), (-0.0391038808043, 0.0205593440329, -0.0131698596906), (-0.0426727235707, 0.0291855586008, -0.0155652840207), (-0.177947335346, 0.043429625945, -0.0684708064562), (-0.186873235499, 0.0356774527988, -0.063649944504), (-0.180821866053, 0.0427471784686, -0.063649944504), (-0.0389093555987, 0.0183099679473, -0.00833228073074), (-0.0416187805982, 0.024581651491, -0.00589387949672), (-0.0564547709869, 0.0477116356209, -0.0203190743644), (-0.0526766138514, 0.04383644173, -0.0203190743644), (-0.0396654756481, 0.0181392388334, -0.00315279897688), (-0.0382161277139, 0.0057694473576, 0.00234458026993), (-0.0569798717425, 0.0473173744575, -0.0107519838634), (-0.0520125056837, 0.0411802756578, -0.00589387949672), (-0.0532329350968, 0.0434742029115, -0.0107519838634), (-0.0594464500164, 0.0488000273442, -0.00589387949672), (-0.041270396792, 0.0200087348321, 0.00174284669203), (-0.186639753424, 0.0382228678177, -0.0587836145201), (-0.183554221279, 0.0418237198809, -0.0587836145201), (-0.0423697364942, 0.0197293431459, 0.00664003330422), (-0.045355693962, 0.0281729277001, 0.00389161255876), (-0.042995856838, 0.0173872510635, 0.0115200239117), (-0.0458847320847, 0.0232437782923, 0.013649944504), (-0.18852020043, 0.0393014443981, -0.0489930420527), (-0.190722347651, 0.0377309876113, -0.0441061205033), (-0.18432267145, 0.0452076349259, -0.0441061205033), (-0.185347600441, 0.0430039056531, -0.0489930420527), (-0.0621060264477, 0.0500842988072, -0.00100695794732), (-0.0664669395767, 0.0534517668982, -0.00100695794732), (-0.0682490969964, 0.0555945575231, -0.00589387949672), (-0.0442691720166, 0.0170997412, 0.0156394656517), (-0.0466025692633, 0.0186535898712, 0.0204357621903), (-0.189731332725, 0.0399961190814, -0.0392480161366), (-0.186502655283, 0.043764023379, -0.0392480161366), (-0.165261445667, -0.0489749576349, -0.0778948256535), (-0.0679360841879, 0.0519848532812, 0.0087836145201), (-0.0627421183989, 0.0461440524719, 0.013649944504), (-0.0636948505984, 0.048709800934, 0.0087836145201), (-0.0710656752951, 0.0525687856977, 0.013649944504), (-0.0484752268532, 0.0181776633122, 0.0251579053056), (-0.0510324369609, 0.026030360121, 0.0232259322709), (-0.190312353051, 0.0403293775646, -0.0296809256356), (-0.191923076923, 0.0383715871215, -0.025), (-0.185414746544, 0.0459751735097, -0.025), (-0.187056773396, 0.04412867706, -0.0296809256356), (-0.0743068463268, 0.0528903533462, 0.0184708064562), (-0.0789214325641, 0.0555399957393, 0.0184708064562), (-0.0804839972048, 0.057975860798, 0.013649944504), (-0.190312353051, 0.0403293775646, -0.0203190743644), (-0.187056773396, 0.04412867706, -0.0203190743644), (-0.0580683214298, 0.0157396263124, 0.0431563935819), (-0.05542348913, 0.0164117972113, 0.038943411946), (-0.0766374948954, 0.0501926006983, 0.0278948256535), (-0.0810167071664, 0.0527070940645, 0.0278948256535), (-0.178438245638, -0.0496286906628, -0.0489930420527), (-0.18432267145, -0.0452076349259, -0.0441061205033), (-0.181975013364, -0.0464482384264, -0.0489930420527), (-0.177186970111, -0.0516318777838, -0.0441061205033), (-0.100249370864, -0.0599044451241, -0.0778948256535), (-0.186502655283, 0.043764023379, -0.0107519838634), (-0.190722347651, 0.0377309876113, -0.00589387949672), (-0.18432267145, 0.0452076349259, -0.00589387949672), (-0.189731332725, 0.0399961190814, -0.0107519838634), (-0.186502655283, -0.043764023379, -0.0392480161366), (-0.189731332725, -0.0399961190814, -0.0392480161366), (-0.190722347651, -0.0377309876113, -0.0441061205033), (-0.0582443978123, -0.0156948773805, -0.0934216221582), (-0.0670651581433, 0.00634554630743, 0.0566302634862), (-0.0991878137562, -0.0631241901305, -0.0684708064562), (-0.0907213036285, -0.0621813636539, -0.063649944504), (-0.101451672157, -0.0650749457937, -0.063649944504), (-0.068512528175, 0.00617204331323, 0.0580587003052), (-0.18852020043, 0.0393014443981, -0.00100695794732), (-0.185347600441, 0.0430039056531, -0.00100695794732), (-0.077633242314, -0.0529390288821, -0.0732259322709), (-0.0870589867818, -0.0575486858187, -0.0732259322709), (-0.0810167071664, -0.0527070940645, -0.0778948256535), (-0.0691294496861, -0.0472614977516, -0.0732259322709), (-0.0555882766488, -0.0163699172877, -0.0892192713443), (-0.0694776134058, 0.00734416203343, 0.0587572794957), (-0.0695407556926, 0.0225312426217, 0.0528464422479), (-0.187056773396, -0.04412867706, -0.0296809256356), (-0.191923076923, -0.0383715871215, -0.025), (-0.190312353051, -0.0403293775646, -0.0296809256356), (-0.185414746544, -0.0459751735097, -0.025), (-0.0709517883404, 0.0071298693146, 0.0601226428657), (-0.0710636816828, 0.0236564845737, 0.0536163057385), (-0.0719650075259, 0.00823677256004, 0.0607892328126), (-0.0743068463268, -0.0528903533462, -0.0684708064562), (-0.0627421183989, -0.0461440524719, -0.063649944504), (-0.0710656752951, -0.0525687856977, -0.063649944504), (-0.0730213493058, 0.0093141454863, 0.0614449724307), (-0.074739021164, 0.0274147415455, 0.0543764168281), (-0.0745177121246, 0.00901747155487, 0.0627235586195), (-0.0764477833884, 0.0283582617413, 0.0551266484055), (-0.186639753424, 0.0382228678177, 0.0087836145201), (-0.180821866053, 0.0427471784686, 0.013649944504), (-0.183554221279, 0.0418237198809, 0.0087836145201), (-0.186873235499, 0.0356774527988, 0.013649944504), (-0.0756138675999, 0.0100222247283, 0.0633462448715), (-0.0788919135394, 0.0308651660044, 0.0551266484055), (-0.187056773396, -0.04412867706, -0.0203190743644), (-0.190312353051, -0.0403293775646, -0.0203190743644), (-0.0807201642871, 0.0316555686229, 0.0558668771388), (-0.0771254860259, 0.0096809068718, 0.0645580352887), (-0.174640417698, 0.0464033845986, 0.0184708064562), (-0.174074530141, 0.0488217775141, 0.013649944504), (-0.0782553831947, 0.010609185545, 0.0651470051322), (-0.177947335346, 0.043429625945, 0.0184708064562), (-0.0797775353576, 0.010222338187, 0.0662907910434), (-0.0868770925326, 0.0355830193804, 0.0565969835419), (-0.0839576149289, 0.0334853287508, 0.0565969835419), (-0.0679360841879, -0.0519848532812, -0.0587836145201), (-0.0899826523341, 0.0375079265406, 0.0565969835419), (-0.0636948505984, -0.048709800934, -0.0587836145201), (-0.0557127715721, -0.0389390109838, -0.063649944504), (-0.189731332725, -0.0399961190814, -0.0107519838634), (-0.18432267145, -0.0452076349259, -0.00589387949672), (-0.190722347651, -0.0377309876113, -0.00589387949672), (-0.0467169947408, -0.0186245092085, -0.0707419452943), (-0.0510324369609, -0.026030360121, -0.0732259322709), (-0.0486025020969, -0.0181453169456, -0.0754586164408), (-0.0919847673958, 0.0378778033557, 0.0573168520376), (-0.0825927349948, 0.0129027571159, 0.0673886856083), (-0.186502655283, -0.043764023379, -0.0107519838634), (-0.0952816871997, 0.0394901607982, 0.0573168520376), (-0.0840910751679, 0.0123859398793, 0.0684403265553), (-0.09729841987, 0.0396601675194, 0.0580263710164), (-0.0853278454043, 0.0130862775271, 0.0689487078252), (-0.0443715256725, -0.0170766301226, -0.0659498020741), (-0.0458847320847, -0.0232437782923, -0.063649944504), (-0.0664669395767, -0.0534517668982, -0.0489930420527), (-0.0594464500164, -0.0488000273442, -0.0441061205033), (-0.0682490969964, -0.0555945575231, -0.0441061205033), (-0.102716708463, 0.0409092315, 0.0587254328916), (-0.0992971898771, 0.0397538051469, 0.0587254328916), (-0.0621060264477, -0.0500842988072, -0.0489930420527), (-0.0880644174603, 0.0131334484742, 0.0704037473682), (-0.0865879155588, 0.0137406571143, 0.0694454214733), (-0.104678821923, 0.040804829362, 0.0594139341509), (-0.0430870790832, -0.0173666534175, -0.0618328648743), (-0.185347600441, -0.0430039056531, -0.00100695794732), (-0.18852020043, -0.0393014443981, -0.00100695794732), (-0.0427889377977, -0.0174339726184, -0.0607988679519), (-0.0893250940373, 0.013697068954, 0.0708653210654), (-0.108136194228, 0.0416229713041, 0.0594139341509), (-0.0907896729667, 0.0130430999211, 0.0717532254378), (-0.0421943379706, -0.0197739198033, -0.0559151147009), (-0.0920428728931, 0.0135148570402, 0.0721795429052), (-0.0934907438641, 0.0128149364399, 0.0729969064268), (-0.11692055286, 0.0414613223011, 0.0607588614261), (-0.113556520995, 0.0411831950067, 0.0607588614261), (-0.0411243118701, -0.0200458615842, -0.0510169953837), (-0.045355693962, -0.0281729277001, -0.0538916125588), (-0.0569798717425, -0.0473173744575, -0.0392480161366), (-0.0520125056837, -0.0411802756578, -0.0441061205033), (-0.183554221279, -0.0418237198809, 0.0087836145201), (-0.186639753424, -0.0382228678177, 0.0087836145201), (-0.0532329350968, -0.0434742029115, -0.0392480161366), (-0.121857053766, 0.0408686163811, 0.0614151011971), (-0.120245443971, 0.0415427749794, 0.0607588614261), (-0.0979936135923, 0.0143290724166, 0.0742438623001), (-0.039547075252, -0.0181659732054, -0.0461231151763), (-0.0416187805982, -0.024581651491, -0.0441061205033), (-0.099325931763, 0.0134615568147, 0.0749369245828), (-0.13069952029, 0.0383425228413, 0.062884528678), (-0.127823586451, 0.038837760309, 0.062884528678), (-0.0389490467058, -0.018301005842, -0.0419803137369), (-0.0526766138514, -0.04383644173, -0.0296809256356), (-0.0584183673469, -0.0496285578332, -0.025), (-0.0564547709869, -0.0477116356209, -0.0296809256356), (-0.0508582089552, -0.0418794374367, -0.025), (-0.0391314743304, -0.0205523312763, -0.0371398803603), (-0.0387852452338, -0.0206403236693, -0.0323508347834), (-0.0426727235707, -0.0291855586008, -0.0344347159793), (-0.0359201304146, -0.00593141860181, -0.0377506264376), (-0.0526766138514, -0.04383644173, -0.0203190743644), (-0.0564547709869, -0.0477116356209, -0.0203190743644), (-0.0355366604929, -0.0059584705066, -0.0329542607405), (-0.037893668625, -0.0185393063139, -0.027627299573), (-0.0402880184332, -0.0249990005959, -0.025), (-0.165261445667, -0.0489749576349, 0.0278948256535), (-0.0569798717425, -0.0473173744575, -0.0107519838634), (-0.0520125056837, -0.0411802756578, -0.00589387949672), (-0.0594464500164, -0.0488000273442, -0.00589387949672), (-0.0378881085452, -0.0185405617594, -0.0226739723513), (-0.0532329350968, -0.0434742029115, -0.0107519838634), (-0.0387689454371, -0.0206444661811, -0.0179551021371), (-0.0711309054572, -0.0565665415998, -0.00100695794732), (-0.076066232371, -0.059400349604, -0.00100695794732), (-0.0782095218423, -0.0613128548683, -0.00589387949672), (-0.0682490969964, -0.0555945575231, -0.00589387949672), (-0.0391038808043, -0.0205593440329, -0.0131698596906), (-0.0426727235707, -0.0291855586008, -0.0155652840207), (-0.0354836273442, -0.00596221173273, -0.017964336495), (-0.0724720536436, -0.0550141470775, 0.0087836145201), (-0.0710656752951, -0.0525687856977, 0.013649944504), (-0.0804839972048, -0.057975860798, 0.013649944504), (-0.0772719369852, -0.0577701849387, 0.0087836145201), (-0.0389093555987, -0.0183099679473, -0.00833228073074), (-0.0416187805982, -0.024581651491, -0.00589387949672), (-0.0991878137562, -0.0631241901305, 0.0184708064562), (-0.101451672157, -0.0650749457937, 0.013649944504), (-0.0907213036285, -0.0621813636539, 0.013649944504), (-0.0358317524781, -0.00593765322777, -0.0131792097999), (-0.145660688159, -0.0539476294335, 0.0368923727999), (-0.140594494816, -0.0576835460979, 0.0324570241054), (-0.14848736797, -0.0552216520143, 0.0324570241054), (-0.155572309227, -0.052189875041, 0.0324570241054), (-0.149805160517, -0.0498710892437, 0.0411813032719), (-0.1500520382, -0.0440908153701, 0.0492462120246), (-0.0396654756481, -0.0181392388334, -0.00315279897688), (-0.041270396792, -0.0200087348321, 0.00174284669203), (-0.100249370864, -0.0599044451241, 0.0278948256535), (-0.143594079799, -0.0496029048774, 0.0453051092862), (-0.144066570011, -0.0466521075493, 0.0492462120246), (-0.137398548432, -0.0487319538301, 0.0492462120246), (-0.077633242314, -0.0529390288821, 0.0232259322709), (-0.0789214325641, -0.0555399957393, 0.0184708064562), (-0.0691294496861, -0.0472614977516, 0.0232259322709), (-0.0870589867818, -0.0575486858187, 0.0232259322709), (-0.0423697364942, -0.0197293431459, 0.00664003330422), (-0.045355693962, -0.0281729277001, 0.00389161255876), (-0.0382161277139, -0.0057694473576, 0.00234458026993), (-0.0766374948954, -0.0501926006983, 0.0278948256535), (-0.042995856838, -0.0173872510635, 0.0115200239117), (-0.0458847320847, -0.0232437782923, 0.013649944504), (-0.0442691720166, -0.0170997412, 0.0156394656517), (-0.0466025692633, -0.0186535898712, 0.0204357621903), (-0.0484752268532, -0.0181776633122, 0.0251579053056), (-0.0510324369609, -0.026030360121, 0.0232259322709), (-0.121857053766, -0.0408686163811, 0.0614151011971), (-0.127823586451, -0.038837760309, 0.062884528678), (-0.13069952029, -0.0383425228413, 0.062884528678), (-0.11692055286, -0.0414613223011, 0.0607588614261), (-0.120245443971, -0.0415427749794, 0.0607588614261), (-0.108136194228, -0.0416229713041, 0.0594139341509), (-0.113556520995, -0.0411831950067, 0.0607588614261), (-0.104678821923, -0.040804829362, 0.0594139341509), (-0.102716708463, -0.0409092315, 0.0587254328916), (-0.0992971898771, -0.0397538051469, 0.0587254328916), (-0.09729841987, -0.0396601675194, 0.0580263710164), (-0.0899826523341, -0.0375079265406, 0.0565969835419), (-0.0919847673958, -0.0378778033557, 0.0573168520376), (-0.0952816871997, -0.0394901607982, 0.0573168520376), (-0.0580683214298, -0.0157396263124, 0.0431563935819), (-0.05542348913, -0.0164117972113, 0.038943411946), (-0.0868770925326, -0.0355830193804, 0.0565969835419), (-0.0788919135394, -0.0308651660044, 0.0551266484055), (-0.0807201642871, -0.0316555686229, 0.0558668771388), (-0.0839576149289, -0.0334853287508, 0.0565969835419), (-0.074739021164, -0.0274147415455, 0.0543764168281), (-0.0764477833884, -0.0283582617413, 0.0551266484055), (-0.0695407556926, -0.0225312426217, 0.0528464422479), (-0.0710636816828, -0.0236564845737, 0.0536163057385), (-0.0670651581433, -0.00634554630743, 0.0566302634862), (-0.068512528175, -0.00617204331323, 0.0580587003052), (-0.0694776134058, -0.00734416203343, 0.0587572794957), (-0.0709517883404, -0.0071298693146, 0.0601226428657), (-0.0719650075259, -0.00823677256004, 0.0607892328126), (-0.0730213493058, -0.0093141454863, 0.0614449724307), (-0.0745177121246, -0.00901747155487, 0.0627235586195), (-0.0756138675999, -0.0100222247283, 0.0633462448715), (-0.0771254860259, -0.0096809068718, 0.0645580352887), (-0.0782553831947, -0.010609185545, 0.0651470051322), (-0.0797775353576, -0.010222338187, 0.0662907910434), (-0.0825927349948, -0.0129027571159, 0.0673886856083), (-0.0840910751679, -0.0123859398793, 0.0684403265553), (-0.0853278454043, -0.0130862775271, 0.0689487078252), (-0.0880644174603, -0.0131334484742, 0.0704037473682), (-0.0865879155588, -0.0137406571143, 0.0694454214733), (-0.0893250940373, -0.013697068954, 0.0708653210654), (-0.0907896729667, -0.0130430999211, 0.0717532254378), (-0.0920428728931, -0.0135148570402, 0.0721795429052), (-0.0934907438641, -0.0128149364399, 0.0729969064268), (-0.0979936135923, -0.0143290724166, 0.0742438623001), (-0.099325931763, -0.0134615568147, 0.0749369245828), (-0.0556168714943, 0.00771790580686, -0.0926236923743), (-0.0558600024366, 0.0221235850807, -0.085880132498), (-0.0524809088335, 0.0232891240215, -0.0789902182827), (-0.0446431362382, 0.00903337861816, -0.0717557361948), (-0.0479184972902, 0.0248628206817, -0.0672123790905), (-0.0688392008405, 0.0458627575593, -0.0755724408824), (-0.0691294496861, 0.0472614977516, -0.0732259322709), (-0.0617770719231, 0.040720240886, -0.0732259322709), (-0.0459171923897, 0.0243828497752, -0.0622261086463), (-0.0500870719778, 0.0312177711989, -0.063649944504), (-0.0920093305819, 0.0564766223333, -0.0801905318942), (-0.0674837102974, 0.0470778780259, -0.0708578650468), (-0.0457238634671, 0.0256198080523, -0.0597918744034), (-0.0385849252933, 0.00975960461115, -0.051604311254), (-0.0911653507287, 0.0581795159195, -0.0755724408824), (-0.043114690611, 0.026519780922, -0.0475573520124), (-0.0460630001825, 0.0330146141599, -0.0441061205033), (-0.0897185336404, 0.0610987509353, -0.0660673174324), (-0.101451672157, 0.0650749457937, -0.063649944504), (-0.0907213036285, 0.0621813636539, -0.063649944504), (-0.0642827608445, 0.0499473478375, -0.0563396099323), (-0.0649422778096, 0.0511516073141, -0.0538916125588), (-0.0569847233932, 0.0440719374253, -0.0538916125588), (-0.0370361698096, 0.0131363604982, -0.037445151951), (-0.0891172377671, 0.0623119823675, -0.0612212119894), (-0.0368301673108, 0.0131689786052, -0.0350415593222), (-0.0421516930933, 0.0268519442885, -0.040612557348), (-0.0635031985857, 0.0506461812306, -0.0514419869506), (-0.0366694009075, 0.013194434101, -0.0326524177949), (-0.149900342847, 0.0557699398247, -0.0801905318942), (-0.0885973034861, 0.0633610509549, -0.0563396099323), (-0.150801903528, 0.0574515253889, -0.0755724408824), (-0.0473622170921, 0.0365018992045, -0.0368348154383), (-0.047933458617, 0.0376258176953, -0.0344347159793), (-0.0668645679539, 0.05502273998, -0.0416724379701), (-0.0413242191409, 0.0271373619855, -0.0286523082764), (-0.0470613193971, 0.0366531061507, -0.0320495151359), (-0.0877977815258, 0.0649742420911, -0.0465470258506), (-0.0890360705878, 0.0657604194701, -0.0441061205033), (-0.100384061273, 0.0688205513828, -0.0441061205033), (-0.0407768633435, 0.0260746845608, -0.0263104083732), (-0.0448076923077, 0.0335751387313, -0.025), (-0.0665247341731, 0.0553746442562, -0.0368348154383), (-0.152347430229, 0.0603342325063, -0.0660673174324), (-0.151645595599, 0.0613437531266, -0.063649944504), (-0.142877685829, 0.0640785829873, -0.063649944504), (-0.0366352367983, 0.0131998435915, -0.0179597193474), (-0.0413203548792, 0.0271386948718, -0.0214989108054), (-0.0367845210006, 0.0131762061691, -0.0155745797757), (-0.0369787941892, 0.0131454452624, -0.01317453477), (-0.169462720958, 0.0503986275164, -0.0684708064562), (-0.0661950437798, 0.0557160448638, -0.027330574095), (-0.0673704663212, 0.0565384460502, -0.025), (-0.0775, 0.0623538290725, -0.025), (-0.172655036774, 0.0490067197382, -0.0660673174324), (-0.174074530141, 0.0488217775141, -0.063649944504), (-0.0470613193971, 0.0366531061507, -0.0179504848641), (-0.047933458617, 0.0376258176953, -0.0155652840207), (-0.182601283834, 0.037193113853, -0.0708578650468), (-0.0661950437798, 0.0557160448638, -0.022669425905), (-0.0421342001432, 0.0268579780706, -0.00954340952583), (-0.0460630001825, 0.0330146141599, -0.00589387949672), (-0.0473622170921, 0.0365018992045, -0.0131651845617), (-0.175468466505, 0.0485747685443, -0.0612212119894), (-0.0663032160653, 0.0556040304263, -0.0179504848641), (-0.0422917449544, 0.0255760920812, -0.00452429267282), (-0.176402319411, 0.0493925609155, -0.0563396099323), (-0.0392660691796, 0.0127832817899, 0.00204371254641), (-0.0431749605278, 0.0264989922304, -0.00208025344734), (-0.0398109784485, 0.0126970017257, 0.00449315436365), (-0.0668645679539, 0.05502273998, -0.00832756202988), (-0.0782095218423, 0.0613128548683, -0.00589387949672), (-0.17783833918, 0.0506501101554, -0.0465470258506), (-0.177186970111, 0.0516318777838, -0.0441061205033), (-0.169593679473, 0.0569878817033, -0.0441061205033), (-0.0556630127851, 0.0434200085411, 0.00144198695059), (-0.0569847233932, 0.0440719374253, 0.00389161255876), (-0.0504339009662, 0.0363203410319, 0.00389161255876), (-0.193046815671, 0.0320426891481, -0.0514419869506), (-0.191916642998, 0.0328717429945, -0.0538916125588), (-0.0458195164602, 0.0255868147999, 0.0101530452211), (-0.0500870719778, 0.0312177711989, 0.013649944504), (-0.178346278376, 0.0510949219639, -0.0416724379701), (-0.0771114998836, 0.0603812395249, -0.00345297414941), (-0.0890360705878, 0.0657604194701, -0.00589387949672), (-0.0565507566187, 0.0428208843591, 0.00633960993233), (-0.044341906977, 0.00906948837421, 0.0209923136557), (-0.178719438725, 0.0514217054272, -0.0368348154383), (-0.0478676972896, 0.0248803429483, 0.0170577227494), (-0.0775911710175, 0.0597059270857, 0.00144198695059), (-0.157002811129, -0.052624539907, -0.0801905318942), (-0.179081460953, 0.05173873503, -0.027330574095), (-0.178157894737, 0.05250848764, -0.025), (-0.170435684647, 0.0579554261918, -0.025), (-0.15811852675, -0.0542112847898, -0.0755724408824), (-0.0788688166724, 0.0579071738509, 0.0112212119894), (-0.0907213036285, 0.0621813636539, 0.013649944504), (-0.174388480209, -0.0476290044429, -0.0660673174324), (-0.166894509541, -0.0538862772563, -0.063649944504), (-0.174074530141, -0.0488217775141, -0.063649944504), (-0.167694158521, -0.0516072643854, -0.0684708064562), (-0.0524146114136, 0.0233119917587, 0.0288424481281), (-0.195309067729, 0.0330350477993, -0.0320495151359), (-0.194501571897, 0.0340532653081, -0.0344347159793), (-0.182207011323, -0.0423149077365, -0.0612212119894), (-0.176834484654, -0.0482666963574, -0.0587836145201), (-0.186125903608, -0.0406706926197, -0.0538916125588), (-0.191916642998, -0.0328717429945, -0.0538916125588), (-0.179081460953, 0.05173873503, -0.022669425905), (-0.0674837102974, 0.0470778780259, 0.0208578650468), (-0.0691294496861, 0.0472614977516, 0.0232259322709), (-0.0617770719231, 0.040720240886, 0.0232259322709), (-0.0538051341263, 0.00793508721257, 0.0398439269447), (-0.178962680507, 0.0516347167833, -0.0179504848641), (-0.160031174806, -0.0569314085019, -0.0660673174324), (-0.151645595599, -0.0613437531266, -0.063649944504), (-0.159516002795, -0.057975860798, -0.063649944504), (-0.0897185336404, 0.0610987509353, 0.0160673174324), (-0.101451672157, 0.0650749457937, 0.013649944504), (-0.168261213153, -0.0538137711904, -0.0612212119894), (-0.0557846176126, 0.0221495873044, 0.0357385960678), (-0.0688392008405, 0.0458627575593, 0.0255724408824), (-0.187346195268, -0.040012193916, -0.0514419869506), (-0.111743227038, -0.0608510078597, -0.0801905318942), (-0.169073726586, -0.0547197660694, -0.0563396099323), (-0.11149426729, -0.0626857987292, -0.0755724408824), (-0.178346278376, 0.0510949219639, -0.00832756202988), (-0.177186970111, 0.0516318777838, -0.00589387949672), (-0.169593679473, 0.0569878817033, -0.00589387949672), (-0.194998391354, 0.0328987666155, -0.0131651845617), (-0.194501571897, 0.0340532653081, -0.0155652840207), (-0.0903647842277, -0.0569059266015, -0.0778948256535), (-0.17783833918, 0.0506501101554, -0.00345297414941), (-0.0920093305819, 0.0564766223333, 0.0301905318942), (-0.0911653507287, 0.0581795159195, 0.0255724408824), (-0.170323158209, -0.0561129475314, -0.0465470258506), (-0.169593679473, -0.0569878817033, -0.0441061205033), (-0.161790478158, -0.0613128548683, -0.0441061205033), (-0.178346278376, -0.0510949219639, -0.0416724379701), (-0.195309067729, -0.0330350477993, -0.0320495151359), (-0.194501571897, -0.0340532653081, -0.0344347159793), (-0.074215933558, -0.0474102625322, -0.0801905318942), (-0.111067480776, -0.0658311425114, -0.0660673174324), (-0.112332715876, -0.06662897435, -0.063649944504), (-0.123039692523, -0.0668952239977, -0.063649944504), (-0.177191466902, 0.0500836320622, 0.00144198695059), (-0.0666778531573, 0.0167227103692, 0.0530486801189), (-0.178719438725, -0.0514217054272, -0.0368348154383), (-0.0556168714943, -0.00771790580686, -0.0926236923743), (-0.0862435353246, -0.0589732977273, -0.0684708064562), (-0.0558600024366, -0.0221235850807, -0.085880132498), (-0.0821141085326, -0.0579751657785, -0.0660673174324), (-0.0804839972048, -0.057975860798, -0.063649944504), (-0.175468466505, 0.0485747685443, 0.0112212119894), (-0.166894509541, 0.0538862772563, 0.013649944504), (-0.0674837102974, -0.0470778780259, -0.0708578650468), (-0.167321554061, 0.0527660022668, 0.0160673174324), (-0.159516002795, 0.057975860798, 0.013649944504), (-0.179081460953, -0.05173873503, -0.027330574095), (-0.178157894737, -0.05250848764, -0.025), (-0.170435684647, -0.0579554261918, -0.025), (-0.0524809088335, -0.0232891240215, -0.0789902182827), (-0.0557244433614, -0.0335581579182, -0.0732259322709), (-0.192038890634, 0.0316005531245, 0.00633960993233), (-0.191916642998, 0.0328717429945, 0.00389161255876), (-0.0788688166724, -0.0579071738509, -0.0612212119894), (-0.166254446222, 0.051576121339, 0.0208578650468), (-0.179081460953, -0.05173873503, -0.022669425905), (-0.0768427630948, 0.0155806810218, 0.0625589056446), (-0.194998391354, -0.0328987666155, -0.0131651845617), (-0.194501571897, -0.0340532653081, -0.0155652840207), (-0.0803088904161, 0.0277593655399, 0.0585596475198), (-0.0806171070858, 0.00472101100036, 0.0677945572666), (-0.0781763425968, -0.0588820842094, -0.0563396099323), (-0.0795463397867, 0.0166364919551, 0.0641019614255), (-0.178962680507, -0.0516347167833, -0.0179504848641), (-0.0824969494192, 0.00593817319043, 0.0688285069842), (-0.10000359487, 0.0447860118968, 0.053415938632), (-0.0841037007461, 0.005683762749, 0.0698158176184), (-0.182601283834, 0.037193113853, 0.0208578650468), (-0.181096990081, 0.0375776627311, 0.0232259322709), (-0.0479184972902, -0.0248628206817, -0.0672123790905), (-0.163741672228, 0.0487742472054, 0.0301905318942), (-0.171853400365, 0.0440365096251, 0.0278948256535), (-0.0885937670884, 0.032521745297, 0.06026724693), (-0.0841197361814, 0.0194534417111, 0.0658606944458), (-0.0859284121873, 0.00629575156125, 0.0707562924392), (-0.0446431362382, -0.00903337861816, -0.0717557361948), (-0.0565507566187, -0.0428208843591, -0.0563396099323), (-0.0504339009662, -0.0363203410319, -0.0538916125588), (-0.0569847233932, -0.0440719374253, -0.0538916125588), (-0.0918679839916, 0.033824017386, 0.0609315054969), (-0.0855825996968, 0.0200979639474, 0.0664241441374), (-0.0771114998836, -0.0603812395249, -0.0465470258506), (-0.0782095218423, -0.0613128548683, -0.0441061205033), (-0.0890360705878, -0.0657604194701, -0.0441061205033), (-0.0872523578389, 0.00649265781188, 0.0714308328206), (-0.0459171923897, -0.0243828497752, -0.0622261086463), (-0.0500870719778, -0.0312177711989, -0.063649944504), (-0.0937410992006, 0.0341198283666, 0.061584894711), (-0.0888694238724, 0.00617205285464, 0.0722890768345), (-0.178346278376, -0.0510949219639, -0.00832756202988), (-0.177186970111, -0.0516318777838, -0.00589387949672), (-0.169593679473, -0.0569878817033, -0.00589387949672), (-0.0877106052348, 0.0202805150725, 0.0675165401377), (-0.114618256271, 0.046767546246, 0.0545562643532), (-0.176381481563, 0.0383522233205, 0.0301905318942), (-0.0457238634671, -0.0256198080523, -0.0597918744034), (-0.0956062878268, 0.0343430657084, 0.0622273289074), (-0.0556630127851, -0.0434200085411, -0.0514419869506), (-0.0901970589398, 0.00631621247572, 0.0729018964441), (-0.0891930746731, 0.0207911035118, 0.0680453979689), (-0.0980157611688, 0.0351221838433, 0.0625444122733), (-0.0918195209847, 0.00597236000194, 0.0736778750319), (-0.0905652319647, 0.0205862343996, 0.0688169019756), (-0.0998625435055, 0.0351805862593, 0.0631702626913), (-0.17783833918, -0.0506501101554, -0.00345297414941), (-0.192038890634, -0.0316005531245, 0.00633960993233), (-0.191916642998, -0.0328717429945, 0.00389161255876), (-0.0934468169277, 0.00562748306795, 0.0744069631202), (-0.0668645679539, -0.05502273998, -0.0416724379701), (-0.0920455605806, 0.0209890191329, 0.0693166691245), (-0.103947534765, 0.0359527572231, 0.0637849627112), (-0.0935294016117, 0.021332620887, 0.0698047492494), (-0.128345860274, 0.0458453230514, 0.055304121104), (-0.177191466902, -0.0500836320622, 0.00144198695059), (-0.105727312566, 0.0357878187209, 0.0643884417553), (-0.0948572314365, 0.0209929230676, 0.0705149081489), (-0.0665247341731, -0.0553746442562, -0.0368348154383), (-0.096836742743, 0.00622280370509, 0.0756176778803), (-0.100660497247, 0.0125925779144, 0.0755834289435), (-0.107468170716, 0.0355570453353, 0.064980633601), (-0.0963197393122, 0.0212280119292, 0.0709736814885), (-0.0976397026864, 0.006007088702, 0.0759222810134), (-0.101996369523, 0.0117227481187, 0.0761836456979), (-0.043114690611, -0.026519780922, -0.0475573520124), (-0.0460630001825, -0.0330146141599, -0.0441061205033), (-0.135508651268, 0.0434385018106, 0.0565170846954), (-0.133464239985, 0.0377122680009, 0.062884528678), (-0.0992461980673, 0.00557550408946, 0.0764969430775), (-0.103332625732, 0.0108526683324, 0.0767379020992), (-0.110643954351, 0.0355650057285, 0.0655614763938), (-0.137049334159, 0.0430222280578, 0.0565170846954), (-0.136108231614, 0.0369609741524, 0.062884528678), (-0.100049459246, 0.00535970815958, 0.0767670915202), (-0.0385849252933, -0.00975960461115, -0.051604311254), (-0.100852549059, 0.00514395826702, 0.0770258501929), (-0.104668362274, 0.00998292691786, 0.0772465801125), (-0.0995610504078, 0.0211649169974, 0.0721331735035), (-0.140022039339, 0.0420932420861, 0.0565170846954), (-0.138624431544, 0.036102734334, 0.062884528678), (-0.114400664253, 0.0357878928136, 0.0658476237621), (-0.141452366729, 0.0415845764222, 0.0565170846954), (-0.14284448148, 0.0410491278291, 0.0565170846954), (-0.141008060245, 0.0351514579741, 0.062884528678), (-0.10245768291, 0.00471273942914, 0.0775094136906), (-0.1060026963, 0.00911409872752, 0.0777101140769), (-0.106870664695, 0.00854893633536, 0.0779879909026), (-0.175468466505, -0.0485747685443, 0.0112212119894), (-0.166894509541, -0.0538862772563, 0.013649944504), (-0.174074530141, -0.0488217775141, 0.013649944504), (-0.101887624169, 0.0217770853975, 0.0725490273087), (-0.0473622170921, -0.0365018992045, -0.0368348154383), (-0.047933458617, -0.0376258176953, -0.0344347159793), (-0.0421516930933, -0.0268519442885, -0.040612557348), (-0.145512383312, 0.0399056903567, 0.0565170846954), (-0.143256414519, 0.0341206234294, 0.062884528678), (-0.11738164724, 0.0352532005664, 0.066495661033), (-0.0661950437798, -0.0557160448638, -0.027330574095), (-0.0673704663212, -0.0565384460502, -0.025), (-0.0775, -0.0623538290725, -0.025), (-0.146787670372, 0.0393015016382, 0.0565170846954), (-0.103281206353, 0.0217237718395, 0.0729531258376), (-0.148043031071, 0.0386680779817, 0.0565170846954), (-0.145434507722, 0.0329867054302, 0.062884528678), (-0.118823589504, 0.0346295560204, 0.0670461468387), (-0.104778403764, 0.0214299601475, 0.0734619344431), (-0.150546022285, 0.0372826920728, 0.0565170846954), (-0.147598898558, 0.0317137744738, 0.062884528678), (-0.120200651964, 0.033961475494, 0.0675850949218), (-0.174388480209, -0.0476290044429, 0.0160673174324), (-0.167694158521, -0.0516072643854, 0.0184708064562), (-0.0470613193971, -0.0366531061507, -0.0320495151359), (-0.105210166553, 0.0208220962136, 0.0738389982102), (-0.151789517537, 0.0365291965434, 0.0565170846954), (-0.0661950437798, -0.0557160448638, -0.022669425905), (-0.153024736481, 0.0357342777326, 0.0565170846954), (-0.149734455276, 0.0302970743791, 0.062884528678), (-0.105642537345, 0.0202133762942, 0.074204345941), (-0.106075437445, 0.0196039111804, 0.0745579979471), (-0.155460876062, 0.0340180701223, 0.0565170846954), (-0.106508788728, 0.01899381086, 0.07489997836), (-0.124069544848, 0.0328890543411, 0.0682698207171), (-0.156656812088, 0.0330960013795, 0.0565170846954), (-0.1101538197, 0.00264517406059, 0.0792217947955), (-0.10694251368, 0.0183831844653, 0.0752303150711), (-0.0370361698096, -0.0131363604982, -0.037445151951), (-0.125327777143, 0.0327598239176, 0.0682698207171), (-0.107376535429, 0.0177721402207, 0.0755490396698), (-0.111182602405, 0.00236879182461, 0.0793763819974), (-0.126566642742, 0.0325980544133, 0.0682698207171), (-0.158991277234, 0.0311228989351, 0.0565170846954), (-0.0663032160653, -0.0556040304263, -0.0179504848641), (-0.107659363523, 0.0173739563056, 0.0757504157687), (-0.127784670739, 0.0324051058308, 0.0682698207171), (-0.0368301673108, -0.0131689786052, -0.0350415593222), (-0.108407339911, 0.0177397538888, 0.0757504157687), (-0.160031174806, -0.0569314085019, 0.0160673174324), (-0.159516002795, -0.057975860798, 0.013649944504), (-0.151645595599, -0.0613437531266, 0.013649944504), (-0.128980526731, 0.0321823821966, 0.0682698207171), (-0.161230792185, 0.028978065724, 0.0565170846954), (-0.0413242191409, -0.0271373619855, -0.0286523082764), (-0.109170157824, 0.018082348893, 0.0757504157687), (-0.130153012453, 0.0319313212567, 0.0682698207171), (-0.109946301481, 0.0184011187713, 0.0757504157687), (-0.131301064329, 0.0316533846072, 0.0682698207171), (-0.163352484206, 0.0266639163058, 0.0565170846954), (-0.0366694009075, -0.013194434101, -0.0326524177949), (-0.132423751026, 0.0313500483352, 0.0682698207171), (-0.0407768633435, -0.0260746845608, -0.0263104083732), (-0.0448076923077, -0.0335751387313, -0.025), (-0.133520270131, 0.0310227942343, 0.0682698207171), (-0.134589944068, 0.0306731016397, 0.0682698207171), (-0.135632215351, 0.0303024399173, 0.0682698207171), (-0.0877977815258, -0.0649742420911, -0.00345297414941), (-0.100384061273, -0.0688205513828, -0.00589387949672), (-0.0890360705878, -0.0657604194701, -0.00589387949672), (-0.0470613193971, -0.0366531061507, -0.0179504848641), (-0.047933458617, -0.0376258176953, -0.0155652840207), (-0.0413203548792, -0.0271386948718, -0.0214989108054), (-0.0668645679539, -0.05502273998, -0.00832756202988), (-0.0881579357537, -0.0642475608528, 0.00144198695059), (-0.0473622170921, -0.0365018992045, -0.0131651845617), (-0.157002811129, -0.052624539907, 0.0301905318942), (-0.15811852675, -0.0542112847898, 0.0255724408824), (-0.0366352367983, -0.0131998435915, -0.0179597193474), (-0.111067480776, -0.0658311425114, 0.0160673174324), (-0.123039692523, -0.0668952239977, 0.013649944504), (-0.112332715876, -0.06662897435, 0.013649944504), (-0.0367845210006, -0.0131762061691, -0.0155745797757), (-0.0635031985857, -0.0506461812306, 0.00144198695059), (-0.0569847233932, -0.0440719374253, 0.00389161255876), (-0.0649422778096, -0.0511516073141, 0.00389161255876), (-0.0421342001432, -0.0268579780706, -0.00954340952583), (-0.0460630001825, -0.0330146141599, -0.00589387949672), (-0.0891172377671, -0.0623119823675, 0.0112212119894), (-0.0369787941892, -0.0131454452624, -0.01317453477), (-0.0642827608445, -0.0499473478375, 0.00633960993233), (-0.0422917449544, -0.0255760920812, -0.00452429267282), (-0.0431749605278, -0.0264989922304, -0.00208025344734), (-0.0887719502102, -0.0599645071898, 0.0184708064562), (-0.0704688992228, -0.0512903871116, 0.0160673174324), (-0.111743227038, -0.0608510078597, 0.0301905318942), (-0.11149426729, -0.0626857987292, 0.0255724408824), (-0.163352484206, -0.0266639163058, 0.0565170846954), (-0.161230792185, -0.028978065724, 0.0565170846954), (-0.0392660691796, -0.0127832817899, 0.00204371254641), (-0.158991277234, -0.0311228989351, 0.0565170846954), (-0.0879653349762, -0.0559652752802, 0.0278948256535), (-0.156656812088, -0.0330960013795, 0.0565170846954), (-0.0458195164602, -0.0255868147999, 0.0101530452211), (-0.0398109784485, -0.0126970017257, 0.00449315436365), (-0.155460876062, -0.0340180701223, 0.0565170846954), (-0.153024736481, -0.0357342777326, 0.0565170846954), (-0.147598898558, -0.0317137744738, 0.062884528678), (-0.149734455276, -0.0302970743791, 0.062884528678), (-0.0849801812409, -0.0535893368074, 0.0301905318942), (-0.151789517537, -0.0365291965434, 0.0565170846954), (-0.150546022285, -0.0372826920728, 0.0565170846954), (-0.145434507722, -0.0329867054302, 0.062884528678), (-0.0688392008405, -0.0458627575593, 0.0255724408824), (-0.148043031071, -0.0386680779817, 0.0565170846954), (-0.143256414519, -0.0341206234294, 0.062884528678), (-0.146787670372, -0.0393015016382, 0.0565170846954), (-0.0478676972896, -0.0248803429483, 0.0170577227494), (-0.0500870719778, -0.0312177711989, 0.013649944504), (-0.0557244433614, -0.0335581579182, 0.0232259322709), (-0.145512383312, -0.0399056903567, 0.0565170846954), (-0.141008060245, -0.0351514579741, 0.062884528678), (-0.14284448148, -0.0410491278291, 0.0565170846954), (-0.138624431544, -0.036102734334, 0.062884528678), (-0.141452366729, -0.0415845764222, 0.0565170846954), (-0.140022039339, -0.0420932420861, 0.0565170846954), (-0.136108231614, -0.0369609741524, 0.062884528678), (-0.137049334159, -0.0430222280578, 0.0565170846954), (-0.133464239985, -0.0377122680009, 0.062884528678), (-0.135508651268, -0.0434385018106, 0.0565170846954), (-0.128345860274, -0.0458453230514, 0.055304121104), (-0.044341906977, -0.00906948837421, 0.0209923136557), (-0.0524146114136, -0.0233119917587, 0.0288424481281), (-0.114618256271, -0.046767546246, 0.0545562643532), (-0.0557846176126, -0.0221495873044, 0.0357385960678), (-0.10000359487, -0.0447860118968, 0.053415938632), (-0.135632215351, -0.0303024399173, 0.0682698207171), (-0.134589944068, -0.0306731016397, 0.0682698207171), (-0.133520270131, -0.0310227942343, 0.0682698207171), (-0.132423751026, -0.0313500483352, 0.0682698207171), (-0.131301064329, -0.0316533846072, 0.0682698207171), (-0.130153012453, -0.0319313212567, 0.0682698207171), (-0.128980526731, -0.0321823821966, 0.0682698207171), (-0.127784670739, -0.0324051058308, 0.0682698207171), (-0.126566642742, -0.0325980544133, 0.0682698207171), (-0.125327777143, -0.0327598239176, 0.0682698207171), (-0.0538051341263, -0.00793508721257, 0.0398439269447), (-0.124069544848, -0.0328890543411, 0.0682698207171), (-0.11738164724, -0.0352532005664, 0.066495661033), (-0.118823589504, -0.0346295560204, 0.0670461468387), (-0.120200651964, -0.033961475494, 0.0675850949218), (-0.114400664253, -0.0357878928136, 0.0658476237621), (-0.110643954351, -0.0355650057285, 0.0655614763938), (-0.103947534765, -0.0359527572231, 0.0637849627112), (-0.105727312566, -0.0357878187209, 0.0643884417553), (-0.107468170716, -0.0355570453353, 0.064980633601), (-0.0980157611688, -0.0351221838433, 0.0625444122733), (-0.0998625435055, -0.0351805862593, 0.0631702626913), (-0.0918679839916, -0.033824017386, 0.0609315054969), (-0.0937410992006, -0.0341198283666, 0.061584894711), (-0.0956062878268, -0.0343430657084, 0.0622273289074), (-0.0885937670884, -0.032521745297, 0.06026724693), (-0.0803088904161, -0.0277593655399, 0.0585596475198), (-0.0666778531573, -0.0167227103692, 0.0530486801189), (-0.0768427630948, -0.0155806810218, 0.0625589056446), (-0.0841197361814, -0.0194534417111, 0.0658606944458), (-0.0795463397867, -0.0166364919551, 0.0641019614255), (-0.0855825996968, -0.0200979639474, 0.0664241441374), (-0.0877106052348, -0.0202805150725, 0.0675165401377), (-0.0891930746731, -0.0207911035118, 0.0680453979689), (-0.0905652319647, -0.0205862343996, 0.0688169019756), (-0.0920455605806, -0.0209890191329, 0.0693166691245), (-0.0935294016117, -0.021332620887, 0.0698047492494), (-0.0948572314365, -0.0209929230676, 0.0705149081489), (-0.0963197393122, -0.0212280119292, 0.0709736814885), (-0.103281206353, -0.0217237718395, 0.0729531258376), (-0.101887624169, -0.0217770853975, 0.0725490273087), (-0.104778403764, -0.0214299601475, 0.0734619344431), (-0.0995610504078, -0.0211649169974, 0.0721331735035), (-0.105210166553, -0.0208220962136, 0.0738389982102), (-0.105642537345, -0.0202133762942, 0.074204345941), (-0.106075437445, -0.0196039111804, 0.0745579979471), (-0.106508788728, -0.01899381086, 0.07489997836), (-0.109946301481, -0.0184011187713, 0.0757504157687), (-0.109170157824, -0.018082348893, 0.0757504157687), (-0.10694251368, -0.0183831844653, 0.0752303150711), (-0.100660497247, -0.0125925779144, 0.0755834289435), (-0.108407339911, -0.0177397538888, 0.0757504157687), (-0.107376535429, -0.0177721402207, 0.0755490396698), (-0.107659363523, -0.0173739563056, 0.0757504157687), (-0.103332625732, -0.0108526683324, 0.0767379020992), (-0.104668362274, -0.00998292691786, 0.0772465801125), (-0.101996369523, -0.0117227481187, 0.0761836456979), (-0.0806171070858, -0.00472101100036, 0.0677945572666), (-0.0824969494192, -0.00593817319043, 0.0688285069842), (-0.0841037007461, -0.005683762749, 0.0698158176184), (-0.0859284121873, -0.00629575156125, 0.0707562924392), (-0.0872523578389, -0.00649265781188, 0.0714308328206), (-0.0888694238724, -0.00617205285464, 0.0722890768345), (-0.0901970589398, -0.00631621247572, 0.0729018964441), (-0.0918195209847, -0.00597236000194, 0.0736778750319), (-0.0934468169277, -0.00562748306795, 0.0744069631202), (-0.096836742743, -0.00622280370509, 0.0756176778803), (-0.0976397026864, -0.006007088702, 0.0759222810134), (-0.0992461980673, -0.00557550408946, 0.0764969430775), (-0.100049459246, -0.00535970815958, 0.0767670915202), (-0.100852549059, -0.00514395826702, 0.0770258501929), (-0.10245768291, -0.00471273942914, 0.0775094136906), (-0.1060026963, -0.00911409872752, 0.0777101140769), (-0.106870664695, -0.00854893633536, 0.0779879909026), (-0.1101538197, -0.00264517406059, 0.0792217947955), (-0.111182602405, -0.00236879182461, 0.0793763819974), (-0.0537426844256, 0.015892738565, -0.0865536746316), (-0.0532814292382, 0.0209240512837, -0.0824570241054), (-0.0584430411585, 0.0286089719559, -0.0841785212593), (-0.0570643759834, 0.0281022404067, -0.0824570241054), (-0.0495504600447, 0.016898301883, -0.0783310162039), (-0.0568436217405, 0.0293523118826, -0.0807322811234), (-0.0512270061948, 0.0319626682039, -0.0654347597386), (-0.0557127715721, 0.0389390109838, -0.063649944504), (-0.0796076690688, 0.0535331071242, -0.0744020418763), (-0.0501863408635, 0.0324463237619, -0.0617238604437), (-0.102270912469, 0.0598749651047, -0.0790461726107), (-0.10728750699, 0.0607830929806, -0.0790461726107), (-0.101285517497, 0.0632028571615, -0.0696665493699), (-0.106580937818, 0.0641614594142, -0.0696665493699), (-0.112332715876, 0.06662897435, -0.063649944504), (-0.04696097977, 0.0339453299963, -0.0458303029855), (-0.13731508569, 0.0599618321477, -0.0790461726107), (-0.141623872107, 0.0589494526055, -0.0790461726107), (-0.0761478458235, 0.0581185094555, -0.055115961322), (-0.0469261570567, 0.0353248936123, -0.0399298629417), (-0.100504059864, 0.0658420086924, -0.0600033668163), (-0.106020600199, 0.066840639145, -0.0600033668163), (-0.138277470153, 0.063294552335, -0.0696665493699), (-0.133293401862, 0.0659909567609, -0.063649944504), (-0.142825741906, 0.0622259040362, -0.0696665493699), (-0.15969863262, 0.0539041519476, -0.0744020418763), (-0.0562283094949, 0.0470409781894, -0.0356330137541), (-0.0999264082044, 0.0677928633491, -0.0502172874256), (-0.0462342037151, 0.0356593933073, -0.0291661739385), (-0.105606399938, 0.0688210825538, -0.0502172874256), (-0.11189139976, 0.0704640272367, -0.0441061205033), (-0.0773080384924, 0.0613506093975, -0.0404589450873), (-0.0826400733597, 0.0637977921053, -0.0404589450873), (-0.0462321080814, 0.0356604063652, -0.0209095773064), (-0.0769050215057, 0.0619297661486, -0.030863040272), (-0.164289512897, 0.0565725395067, -0.0600033668163), (-0.0822873913904, 0.0644000505404, -0.030863040272), (-0.0885103626943, 0.0668769047565, -0.025), (-0.168013851464, 0.054348827122, -0.0600033668163), (-0.0560964804973, 0.0471382214167, -0.0167598558181), (-0.0469183109062, 0.0353286865486, -0.0101480311922), (-0.0768617122856, 0.0619920037914, -0.0214966281487), (-0.0388249171617, 0.006218060241, 0.00479387767364), (-0.165601781526, 0.0582487459945, -0.0502172874256), (-0.161790478158, 0.0613128548683, -0.0441061205033), (-0.082249491298, 0.0644647707483, -0.0214966281487), (-0.169436469752, 0.0559591464999, -0.0502172874256), (-0.0469870880377, 0.0339331960197, -0.00398876772399), (-0.184705034922, 0.0418749949134, -0.055115961322), (-0.192038890634, 0.0316005531245, -0.0563396099323), (-0.0485915129102, 0.0351978871174, -0.000319729981883), (-0.194327142283, 0.0253770636781, -0.0600033668163), (-0.0771718203976, 0.061546362013, -0.0119601062742), (-0.166464762276, 0.0593510614037, -0.0404589450873), (-0.0825208682951, 0.0640013529956, -0.0119601062742), (-0.170372019204, 0.0570181328939, -0.0404589450873), (-0.0503136011094, 0.0343490543173, 0.00824811714042), (-0.066398171028, 0.0525601141187, 0.0026668576066), (-0.0528750841959, 0.0370806078076, 0.0100033668163), (-0.0557127715721, 0.0389390109838, 0.013649944504), (-0.196960814446, 0.0262762623306, -0.0477695298832), (-0.200169488711, 0.0200205240386, -0.0441061205033), (-0.196096094556, 0.0292837515789, -0.0441061205033), (-0.166903394932, 0.0599113421937, -0.030863040272), (-0.1625, 0.0623538290725, -0.025), (-0.170847536811, 0.0575563905726, -0.030863040272), (-0.0885690255434, 0.0650491412736, -0.00223047011677), (-0.0512040348173, 0.0319733442917, 0.0153571044587), (-0.0941460882977, 0.0667878840224, -0.00223047011677), (-0.100384061273, 0.0688205513828, -0.00589387949672), (-0.187195638322, 0.0434868324598, -0.0356330137541), (-0.194998391354, 0.0328987666155, -0.0368348154383), (-0.166663970056, -0.0497397637021, -0.0744020418763), (-0.19797766945, 0.0266234409439, -0.0404589450873), (-0.149658613184, -0.0563861208834, -0.0790461726107), (-0.166950531502, 0.0599715513782, -0.0214966281487), (-0.0498317267848, 0.0168308361439, 0.0289387605663), (-0.0532814292382, 0.0209240512837, 0.0324570241054), (-0.14574191593, -0.057750192638, -0.0790461726107), (-0.170898637131, 0.057614233098, -0.0214966281487), (-0.0893902412808, 0.0633495637251, 0.0075622611249), (-0.0948215888041, 0.0650428773094, 0.0075622611249), (-0.0535449571078, 0.0159401662119, 0.0362013212347), (-0.0568111308542, 0.0293674122201, 0.0306591167019), (-0.0570643759834, 0.0281022404067, 0.0324570241054), (-0.13713550626, -0.0614063548955, -0.0755724408824), (-0.198792892649, 0.0269017776375, -0.0285033718513), (-0.201530612245, 0.0203604339829, -0.025), (-0.197388059701, 0.0297809332883, -0.025), (-0.151307059459, -0.0595201005604, -0.0696665493699), (-0.142877685829, -0.0640785829873, -0.063649944504), (-0.166613018321, 0.0595404340215, -0.0119601062742), (-0.161790478158, 0.0613128548683, -0.00589387949672), (-0.122195680172, -0.0617015400029, -0.0790461726107), (-0.170532742212, 0.05720006179, -0.0119601062742), (-0.0584083987917, 0.028625072207, 0.0341069173494), (-0.177947051863, -0.048458686416, -0.055115961322), (-0.192001585145, -0.0349355602141, -0.0477695298832), (-0.196096094556, -0.0292837515789, -0.0441061205033), (-0.0796076690688, 0.0535331071242, 0.0244020418763), (-0.187334545313, 0.0435767285483, -0.0167598558181), (-0.195309067729, 0.0330350477993, -0.0179504848641), (-0.160538452691, -0.0585556124739, -0.0600033668163), (-0.19797766945, -0.0266234409439, -0.0404589450873), (-0.200169488711, -0.0200205240386, -0.0441061205033), (-0.198792892649, 0.0269017776375, -0.0214966281487), (-0.156692193084, -0.0603481156338, -0.0600033668163), (-0.101285517497, 0.0632028571615, 0.0196665493699), (-0.12739333793, -0.0648588889752, -0.0696665493699), (-0.133293401862, -0.0659909567609, -0.063649944504), (-0.165858846167, 0.0585771036257, -0.00223047011677), (-0.106580937818, 0.0641614594142, 0.0196665493699), (-0.112332715876, 0.06662897435, 0.013649944504), (-0.122317717598, -0.0651309543585, -0.0696665493699), (-0.169715151152, 0.0562745972872, -0.00223047011677), (-0.0991840459332, -0.0610371901363, -0.0744020418763), (-0.161739579916, -0.0602905760867, -0.0502172874256), (-0.157779358211, -0.0621361899157, -0.0502172874256), (-0.153467063421, -0.0648745974748, -0.0441061205033), (-0.102270912469, 0.0598749651047, 0.0290461726107), (-0.187195638322, -0.0434868324598, -0.0356330137541), (-0.194998391354, -0.0328987666155, -0.0368348154383), (-0.198792892649, -0.0269017776375, -0.0285033718513), (-0.197388059701, -0.0297809332883, -0.025), (-0.201530612245, -0.0203604339829, -0.025), (-0.19797766945, 0.0266234409439, -0.00954105491273), (-0.200169488711, 0.0200205240386, -0.00589387949672), (-0.196096094556, 0.0292837515789, -0.00589387949672), (-0.164660664856, 0.0570466248487, 0.0075622611249), (-0.10728750699, 0.0607830929806, 0.0290461726107), (-0.168416213871, 0.0548042774609, 0.0075622611249), (-0.170372019204, -0.0570181328939, -0.0404589450873), (-0.0584430411585, -0.0286089719559, -0.0841785212593), (-0.0532814292382, -0.0209240512837, -0.0824570241054), (-0.0570643759834, -0.0281022404067, -0.0824570241054), (-0.166464762276, -0.0593510614037, -0.0404589450873), (-0.185155963129, 0.0421668209888, 0.0026668576066), (-0.193046815671, 0.0320426891481, 0.00144198695059), (-0.155625317366, 0.0585934116004, 0.0172709561598), (-0.151645595599, 0.0613437531266, 0.013649944504), (-0.198792892649, -0.0269017776375, -0.0214966281487), (-0.196960814446, 0.0262762623306, -0.00223047011677), (-0.0537426844256, -0.015892738565, -0.0865536746316), (-0.0568436217405, -0.0293523118826, -0.0807322811234), (-0.159359741712, 0.0568530279225, 0.0172709561598), (-0.0950308337105, -0.0645023392002, -0.0600033668163), (-0.0896446233405, -0.0628230978797, -0.0600033668163), (-0.170847536811, -0.0575563905726, -0.030863040272), (-0.166903394932, -0.0599113421937, -0.030863040272), (-0.1625, -0.0623538290725, -0.025), (-0.153866081293, 0.0556999737041, 0.026736808764), (-0.0495504600447, -0.016898301883, -0.0783310162039), (-0.157416093695, 0.0540455330009, 0.026736808764), (-0.187334545313, -0.0435767285483, -0.0167598558181), (-0.195309067729, -0.0330350477993, -0.0179504848641), (-0.19797766945, -0.0266234409439, -0.00954105491273), (-0.196096094556, -0.0292837515789, -0.00589387949672), (-0.200169488711, -0.0200205240386, -0.00589387949672), (-0.194327142283, 0.0253770636781, 0.0100033668163), (-0.0942910140225, -0.0664135003464, -0.0502172874256), (-0.100384061273, -0.0688205513828, -0.0441061205033), (-0.17407745313, 0.0452227034708, 0.0220444329811), (-0.0887452138436, -0.0646845042292, -0.0502172874256), (-0.170898637131, -0.057614233098, -0.0214966281487), (-0.0512270061948, -0.0319626682039, -0.0654347597386), (-0.166950531502, -0.0599715513782, -0.0214966281487), (-0.0667691359483, -0.0521963586478, -0.055115961322), (-0.196960814446, -0.0262762623306, -0.00223047011677), (-0.0501863408635, -0.0324463237619, -0.0617238604437), (-0.0502714629354, -0.0343698246032, -0.0580671632654), (-0.170532742212, -0.05720006179, -0.0119601062742), (-0.0826400733597, -0.0637977921053, -0.0404589450873), (-0.166613018321, -0.0595404340215, -0.0119601062742), (-0.161790478158, -0.0613128548683, -0.00589387949672), (-0.0773080384924, -0.0613506093975, -0.0404589450873), (-0.185155963129, -0.0421668209888, 0.0026668576066), (-0.193046815671, -0.0320426891481, 0.00144198695059), (-0.194327142283, -0.0253770636781, 0.0100033668163), (-0.0485609427781, -0.0352129554111, -0.0494988916646), (-0.0504966122574, -0.0383945042062, -0.0477695298832), (-0.169715151152, -0.0562745972872, -0.00223047011677), (-0.0822873913904, -0.0644000505404, -0.030863040272), (-0.0885103626943, -0.0668769047565, -0.025), (-0.165858846167, -0.0585771036257, -0.00223047011677), (-0.0769050215057, -0.0619297661486, -0.030863040272), (-0.0562283094949, -0.0470409781894, -0.0356330137541), (-0.0469261570567, -0.0353248936123, -0.0399298629417), (-0.168416213871, -0.0548042774609, 0.0075622611249), (-0.082249491298, -0.0644647707483, -0.0214966281487), (-0.164660664856, -0.0570466248487, 0.0075622611249), (-0.0768617122856, -0.0619920037914, -0.0214966281487), (-0.0462342037151, -0.0356593933073, -0.0291661739385), (-0.0825208682951, -0.0640013529956, -0.0119601062742), (-0.0771718203976, -0.061546362013, -0.0119601062742), (-0.105525260879, -0.0692090381613, -0.00223047011677), (-0.11189139976, -0.0704640272367, -0.00589387949672), (-0.0998132501109, -0.0681750227182, -0.00223047011677), (-0.166663970056, -0.0497397637021, 0.0244020418763), (-0.0560964804973, -0.0471382214167, -0.0167598558181), (-0.0462321080814, -0.0356604063652, -0.0209095773064), (-0.158558798854, 0.0271001197943, 0.0598194210614), (-0.151824567236, 0.0287331565721, 0.062884528678), (-0.17398945663, 0.0152541925845, 0.0529884068837), (-0.159566029784, 0.0260375866966, 0.0598194210614), (-0.165332980629, 0.0241855394697, 0.0565170846954), (-0.167148922882, 0.0215508846192, 0.0565170846954), (-0.151307059459, -0.0595201005604, 0.0196665493699), (-0.142877685829, -0.0640785829873, 0.013649944504), (-0.112797791387, 0.00849598326413, 0.078886161914), (-0.12059487921, 0.0130916458472, 0.0782470636837), (-0.113274366945, 0.0123098153813, 0.0781198684262), (-0.105903450985, -0.0674007725161, 0.0075622611249), (-0.100340681315, -0.0663937734086, 0.0075622611249), (-0.120117048649, 0.019811143374, 0.0759468906096), (-0.131580210875, 0.0248680579575, 0.0724943646534), (-0.128619894404, 0.0189159177813, 0.0757504157687), (-0.132007059898, 0.0247223842596, 0.0724943646534), (-0.141407613372, 0.0193280965074, 0.0726277716116), (-0.120899555702, 0.0197967326496, 0.0759468906096), (-0.145840134943, 0.0247887706134, 0.0682698207171), (-0.173262339727, 0.00489833710778, 0.0565170846954), (-0.139243227085, 0.0249570650361, 0.0705787057145), (-0.16805831474, 0.0120014816232, 0.0598194210614), (-0.166391859391, 0.00283968777566, 0.062884528678), (-0.0469183109062, -0.0353286865486, -0.0101480311922), (-0.146711606596, 0.0241168644626, 0.0682698207171), (-0.161662061924, 0.0175182713318, 0.062884528678), (-0.0758422409613, -0.0585235362874, 0.0026668576066), (-0.12739333793, -0.0648588889752, 0.0196665493699), (-0.133293401862, -0.0659909567609, 0.013649944504), (-0.154649092423, 0.0213109010326, 0.0657035689435), (-0.155543917388, 0.0136782216355, 0.0682698207171), (-0.149658613184, -0.0563861208834, 0.0290461726107), (-0.173540472315, 0.00163702968099, 0.0565170846954), (-0.166512829038, -2.38125682547e-34, 0.062884528678), (-0.173575340744, -1.94428903114e-34, 0.0565170846954), (-0.122317717598, -0.0651309543585, 0.0196665493699), (-0.14574191593, -0.057750192638, 0.0290461726107), (-0.13713550626, -0.0614063548955, 0.0255724408824), (-0.173540472315, -0.00163702968099, 0.0565170846954), (-0.166391859391, -0.00283968777566, 0.062884528678), (-0.173262339727, -0.00489833710778, 0.0565170846954), (-0.17398945663, -0.0152541925845, 0.0529884068837), (-0.0469870880377, -0.0339331960197, -0.00398876772399), (-0.148475828628, 0.0175140392798, 0.0705787057145), (-0.161475076443, 0.00901781372327, 0.0657035689435), (-0.122195680172, -0.0617015400029, 0.0290461726107), (-0.16805831474, -0.0120014816232, 0.0598194210614), (-0.167148922882, -0.0215508846192, 0.0565170846954), (-0.0991840459332, -0.0610371901363, 0.0244020418763), (-0.141949119475, 0.0142047565149, 0.074301204936), (-0.136002622495, 0.0144481417232, 0.0759468906096), (-0.148486135359, 0.0109622039893, 0.0726277716116), (-0.159014631988, 0.00119289404436, 0.0682698207171), (-0.154375425366, 0.00637898727951, 0.0705787057145), (-0.151288050313, -3.32323586286e-34, 0.0726277716116), (-0.15904004041, -2.8436090452e-34, 0.0682698207171), (-0.0502341952165, -0.0324240831596, 0.0119039680736), (-0.159014631988, -0.00119289404436, 0.0682698207171), (-0.161475076443, -0.00901781372327, 0.0657035689435), (-0.161662061924, -0.0175182713318, 0.062884528678), (-0.155543917388, -0.0136782216355, 0.0682698207171), (-0.159566029784, -0.0260375866966, 0.0598194210614), (-0.165332980629, -0.0241855394697, 0.0565170846954), (-0.158558798854, -0.0271001197943, 0.0598194210614), (-0.151824567236, -0.0287331565721, 0.062884528678), (-0.0512040348173, -0.0319733442917, 0.0153571044587), (-0.0388249171617, -0.006218060241, 0.00479387767364), (-0.154375425366, -0.00637898727951, 0.0705787057145), (-0.154649092423, -0.0213109010326, 0.0657035689435), (-0.0568111308542, -0.0293674122201, 0.0306591167019), (-0.0532814292382, -0.0209240512837, 0.0324570241054), (-0.0570643759834, -0.0281022404067, 0.0324570241054), (-0.148486135359, -0.0109622039893, 0.0726277716116), (-0.148475828628, -0.0175140392798, 0.0705787057145), (-0.146711606596, -0.0241168644626, 0.0682698207171), (-0.141407613372, -0.0193280965074, 0.0726277716116), (-0.145840134943, -0.0247887706134, 0.0682698207171), (-0.0584083987917, -0.028625072207, 0.0341069173494), (-0.0498317267848, -0.0168308361439, 0.0289387605663), (-0.135466859455, -4.30211577986e-34, 0.0782470636837), (-0.141949119475, -0.0142047565149, 0.074301204936), (-0.139243227085, -0.0249570650361, 0.0705787057145), (-0.0535449571078, -0.0159401662119, 0.0362013212347), (-0.136002622495, -0.0144481417232, 0.0759468906096), (-0.128619894404, -0.0189159177813, 0.0757504157687), (-0.132007059898, -0.0247223842596, 0.0724943646534), (-0.131580210875, -0.0248680579575, 0.0724943646534), (-0.120899555702, -0.0197967326496, 0.0759468906096), (-0.120117048649, -0.019811143374, 0.0759468906096), (-0.12059487921, -0.0130916458472, 0.0782470636837), (-0.113274366945, -0.0123098153813, 0.0781198684262), (-0.112797791387, -0.00849598326413, 0.078886161914), (-0.0618883223985, 0.0378383993251, -0.078169250355), (-0.0557244433614, 0.0335581579182, -0.0732259322709), (-0.0585650085116, 0.0400023168565, -0.0681566087409), (-0.0531327761486, 0.0383345506688, -0.0578147412275), (-0.0504339009662, 0.0363203410319, -0.0538916125588), (-0.0562483202269, 0.0415107877877, -0.0590357887466), (-0.0898164393159, 0.0601426178228, -0.0690692113085), (-0.122802891559, 0.0616838898245, -0.0790461726107), (-0.0516079579392, 0.0392087191709, -0.0498580664469), (-0.122884776818, 0.063485957862, -0.0744020418763), (-0.0543389228315, 0.0427540584022, -0.0486340074334), (-0.122958678214, 0.0651123231709, -0.0696665493699), (-0.123039692523, 0.0668952239977, -0.063649944504), (-0.0876716603933, 0.0644162229289, -0.0496050904346), (-0.114570397261, 0.0684312027153, -0.0569510789088), (-0.120064731017, 0.0685855602444, -0.0569510789088), (-0.152151884752, 0.0594062183671, -0.0690692113085), (-0.074293000126, 0.0599791959233, -0.038643589146), (-0.0740657316339, 0.0602774299237, -0.0338369506603), (-0.0659558019985, 0.0554549586027, -0.0302714252589), (-0.120066423202, 0.0703785098755, -0.0471581348312), (-0.134058547952, 0.0697892864169, -0.0441061205033), (-0.123214652166, 0.0707456017711, -0.0441061205033), (-0.0912064728186, 0.0672042178648, -0.0374369594162), (-0.0969365009944, 0.0687721528887, -0.0374369594162), (-0.154784046388, 0.0619342144762, -0.0569510789088), (-0.0967819518599, 0.0692329969568, -0.0279163664847), (-0.100051020408, 0.069988991816, -0.025), (-0.155693363786, 0.0635532859922, -0.0471581348312), (-0.153467063421, 0.0648745974748, -0.0441061205033), (-0.0739603128941, 0.0604157660924, -0.0197285747411), (-0.0741131251233, 0.060215237625, -0.0149665871247), (-0.0663463306003, 0.0550542357083, -0.011356410854), (-0.190838423278, 0.0320509807772, -0.0593937098706), (-0.0910571996844, 0.0675526220102, -0.0185442545733), (-0.177677398466, 0.0501239483694, -0.0496050904346), (-0.0968169338167, 0.0691286856171, -0.0185442545733), (-0.156258653732, 0.0645598045657, -0.0374369594162), (-0.196830069405, 0.0176313027122, -0.0618293230785), (-0.193092268611, 0.0330707374302, -0.048381177036), (-0.0489729952087, 0.0313960166626, 0.0100782096497), (-0.097046474594, 0.0684442268787, -0.00893461360587), (-0.156501623957, 0.064992421573, -0.0279163664847), (-0.15403526971, 0.0659760432095, -0.025), (-0.0578480117832, 0.0430829477087, 0.00939370987065), (-0.200395025455, 0.018449404528, -0.0459362366415), (-0.202714832416, 0.0101658619471, -0.0441061205033), (-0.194220796148, 0.0335813418838, -0.0398531448406), (-0.179254543719, 0.0514945501886, -0.0302714252589), (-0.0860716102554, 0.0628390654333, 0.00450385600729), (-0.156446628024, 0.0648944993847, -0.0185442545733), (-0.200923821912, 0.018570755068, -0.0422800687183), (-0.0781121358368, 0.0583748696644, 0.00817311893735), (-0.0585538565858, 0.0400095782373, 0.01811804896), (-0.0557244433614, 0.0335581579182, 0.0232259322709), (-0.103144181839, 0.0683113260222, 0.000829598016646), (-0.108821285177, 0.0691421167574, 0.000829598016646), (-0.11189139976, 0.0704640272367, -0.00589387949672), (-0.148340808657, -0.0583533660855, -0.0755724408824), (-0.194917783932, 0.0338966953461, -0.0290915663105), (-0.159705573342, -0.0560325180344, -0.0690692113085), (-0.156085761723, 0.0642519642811, -0.00893461360587), (-0.153467063421, 0.0648745974748, -0.00589387949672), (-0.0618743504831, 0.0378474968928, 0.028132161344), (-0.109150494129, 0.0671059073894, 0.0106125470204), (-0.196560249829, -0.0277892166778, -0.0459362366415), (-0.200923821912, -0.018570755068, -0.0422800687183), (-0.202714832416, -0.0101658619471, -0.0441061205033), (-0.0898164393159, 0.0601426178228, 0.0190692113085), (-0.124716720501, -0.0629718712761, -0.0755724408824), (-0.14000579168, -0.0629184061447, -0.0696665493699), (-0.202031122326, 0.0188248632437, -0.0267460182242), (-0.204119170984, 0.0103384587063, -0.025), (-0.194917783932, 0.0338966953461, -0.0209084336895), (-0.187252201725, -0.0410092538228, -0.048381177036), (-0.178826364655, 0.0511224455885, -0.011356410854), (-0.155393613018, 0.0630195692374, 0.000829598016646), (-0.202031122326, 0.0188248632437, -0.0232539817758), (-0.194220796148, -0.0335813418838, -0.0398531448406), (-0.120062373338, 0.0660874882946, 0.0166695904575), (-0.123039692523, 0.0668952239977, 0.013649944504), (-0.133293401862, 0.0659909567609, 0.013649944504), (-0.170223812007, -0.0555829762673, -0.0496050904346), (-0.146054146333, -0.064937846477, -0.0569510789088), (-0.11085904556, -0.064891185211, -0.0690692113085), (-0.194220796148, 0.0335813418838, -0.0101468551594), (-0.202031122326, -0.0188248632437, -0.0267460182242), (-0.204119170984, -0.0103384587063, -0.025), (-0.154351284409, 0.0611636665942, 0.0106125470204), (-0.115022308148, 0.062735610053, 0.0261553987241), (-0.120059343394, 0.0628771202613, 0.0261553987241), (-0.194917783932, -0.0338966953461, -0.0290915663105), (-0.202031122326, -0.0188248632437, -0.0232539817758), (-0.144679447242, 0.0615115204933, 0.0202627806322), (-0.142877685829, 0.0640785829873, 0.013649944504), (-0.200923821912, 0.018570755068, -0.00771993128168), (-0.202714832416, 0.0101658619471, -0.00589387949672), (-0.193092268611, 0.0330707374302, -0.00161882296401), (-0.146735248476, -0.0666354383239, -0.0471581348312), (-0.144194487354, -0.0677668395913, -0.0441061205033), (-0.134058547952, -0.0697892864169, -0.0441061205033), (-0.176290569538, 0.0489187389906, 0.00817311893735), (-0.200395025455, 0.018449404528, -0.00406376335855), (-0.109013810634, -0.0679513163992, -0.0569510789088), (-0.179254543719, -0.0514945501886, -0.0302714252589), (-0.194917783932, -0.0338966953461, -0.0209084336895), (-0.103434481229, -0.0671348339606, -0.0569510789088), (-0.156258653732, -0.0645598045657, -0.0374369594162), (-0.143359426514, 0.0582214758978, 0.0296192455162), (-0.190838423278, 0.0320509807772, 0.00939370987065), (-0.0585650085116, -0.0400023168565, -0.0681566087409), (-0.200923821912, -0.018570755068, -0.00771993128168), (-0.202714832416, -0.0101658619471, -0.00589387949672), (-0.108726611927, -0.069727685758, -0.0471581348312), (-0.11189139976, -0.0704640272367, -0.0441061205033), (-0.0859536025713, -0.0630576284904, -0.0532792676174), (-0.194220796148, -0.0335813418838, -0.0101468551594), (-0.200395025455, -0.018449404528, -0.00406376335855), (-0.156501623957, -0.064992421573, -0.0279163664847), (-0.15403526971, -0.0659760432095, -0.025), (-0.164792825239, 0.0495724725523, 0.0273166310414), (-0.196830069405, 0.0176313027122, 0.0118293230785), (-0.077080145892, -0.0598130494266, -0.0496050904346), (-0.178826364655, -0.0511224455885, -0.011356410854), (-0.193092268611, -0.0330707374302, -0.00161882296401), (-0.156446628024, -0.0648944993847, -0.0185442545733), (-0.0969365009944, -0.0687721528887, -0.0374369594162), (-0.0912064728186, -0.0672042178648, -0.0374369594162), (-0.0558705402068, -0.0444537052173, -0.048381177036), (-0.196830069405, -0.0176313027122, 0.0118293230785), (-0.074293000126, -0.0599791959233, -0.038643589146), (-0.190838423278, -0.0320509807772, 0.00939370987065), (-0.156085761723, -0.0642519642811, -0.00893461360587), (-0.153467063421, -0.0648745974748, -0.00589387949672), (-0.0967819518599, -0.0692329969568, -0.0279163664847), (-0.100051020408, -0.069988991816, -0.025), (-0.0464196968158, -0.0325246493443, -0.0476634370643), (-0.0740657316339, -0.0602774299237, -0.0338369506603), (-0.176290569538, -0.0489187389906, 0.00817311893735), (-0.0659558019985, -0.0554549586027, -0.0302714252589), (-0.155393613018, -0.0630195692374, 0.000829598016646), (-0.144194487354, -0.0677668395913, -0.00589387949672), (-0.0968169338167, -0.0691286856171, -0.0185442545733), (-0.0910571996844, -0.0675526220102, -0.0185442545733), (-0.0739603128941, -0.0604157660924, -0.0197285747411), (-0.154351284409, -0.0611636665942, 0.0106125470204), (-0.097046474594, -0.0684442268787, -0.00893461360587), (-0.0741131251233, -0.060215237625, -0.0149665871247), (-0.17286257608, 0.0212795394311, 0.0511431257935), (-0.120065865384, -0.0697874752923, 0.000829598016646), (-0.123214652166, -0.0707456017711, -0.00589387949672), (-0.114475247185, -0.069630412753, 0.000829598016646), (-0.159705573342, -0.0560325180344, 0.0190692113085), (-0.0663463306003, -0.0550542357083, -0.011356410854), (-0.120063925673, -0.0677322603578, 0.0106125470204), (-0.14000579168, -0.0629184061447, 0.0196665493699), (-0.148340808657, -0.0583533660855, 0.0255724408824), (-0.0884489818008, -0.0628673617847, 0.00817311893735), (-0.0543523905404, -0.0427452891398, -0.00127534201646), (-0.11085904556, -0.064891185211, 0.0190692113085), (-0.17286257608, -0.0212795394311, 0.0511431257935), (-0.124716720501, -0.0629718712761, 0.0255724408824), (-0.0516228032584, -0.0392002084446, -5.12336858248e-05), (-0.0504339009662, -0.0363203410319, 0.00389161255876), (-0.127777234833, 0.0150758664685, 0.0772219836095), (-0.0562682280518, -0.0414978251568, 0.00912617829813), (-0.0531527683877, -0.0383230892464, 0.0079052435966), (-0.150563230614, 0.0056715649983, 0.0726277716116), (-0.130582588048, 0.00955460468852, 0.0782470636837), (-0.140344251753, 0.00600139805012, 0.076571786901), (-0.0618743504831, -0.0378474968928, 0.028132161344), (-0.13768357115, 0.00680509699767, 0.0772219836095), (-0.142846630928, 0.00423960915431, 0.0759468906096), (-0.150563230614, -0.0056715649983, 0.0726277716116), (-0.143388448262, -3.81199564519e-34, 0.0759468906096), (-0.142846630928, -0.00423960915431, 0.0759468906096), (-0.140344251753, -0.00600139805012, 0.076571786901), (-0.13768357115, -0.00680509699767, 0.0772219836095), (-0.130582588048, -0.00955460468852, 0.0782470636837), (-0.127777234833, -0.0150758664685, 0.0772219836095), (-0.0565111263105, 0.0306913885778, -0.0785801707349), (-0.0525514259611, 0.0326055618024, -0.0676847953707), (-0.0489679159505, 0.0320385297315, -0.0588038346076), (-0.0469108634443, 0.0329663490227, -0.0487073567179), (-0.101500916959, 0.0668399622982, -0.0566453779202), (-0.132040841263, 0.0670357473968, -0.0603080189133), (-0.138625623077, 0.0667462987953, -0.0569510789088), (-0.0825208682951, 0.0640013529956, -0.0380398937258), (-0.0824226327863, 0.0641691051603, -0.0356330137541), (-0.138892672534, 0.0677032902872, -0.0520544187269), (-0.110223781979, 0.0707008161988, -0.0407620875254), (-0.139112530291, 0.0684911668313, -0.0471581348312), (-0.144194487354, 0.0677668395913, -0.0441061205033), (-0.145480561996, 0.0672161792827, -0.0456309724076), (-0.110128760496, 0.0713880038638, -0.0311592581729), (-0.145692663393, 0.0677756899208, -0.0407620875254), (-0.0822873913904, 0.0644000505404, -0.019136959728), (-0.110112681716, 0.0715042842906, -0.0264542112466), (-0.111753731343, 0.0716603707251, -0.025), (-0.123269230769, 0.0719467258529, -0.025), (-0.0823449527591, 0.0643017556944, -0.0167598558181), (-0.110116354444, 0.0714777234228, -0.0217902809694), (-0.145942387262, 0.0684344463624, -0.0311592581729), (-0.145984643547, 0.0685459158839, -0.0264542112466), (-0.144605263158, 0.0689173900275, -0.025), (-0.134297235023, 0.0709741741055, -0.025), (-0.110184770407, 0.0709829447253, -0.0122616704016), (-0.145974991333, 0.068520453927, -0.0217902809694), (-0.110251379475, 0.0705012333428, -0.00741590851867), (-0.123214652166, 0.0707456017711, -0.00589387949672), (-0.0525212681834, 0.032620140484, 0.0175882633028), (-0.145795188847, 0.0680461458583, -0.0122616704016), (-0.121634349319, 0.0703193289316, -0.00253620128481), (-0.134058547952, 0.0697892864169, -0.00589387949672), (-0.198613136644, -0.0214005960485, -0.0499111725361), (-0.14562013502, 0.0675843644667, -0.00741590851867), (-0.144194487354, 0.0677668395913, -0.00589387949672), (-0.0564725652806, 0.0307100295062, 0.0284876298824), (-0.133857892427, 0.0687931945085, 0.000829598016646), (-0.145385445361, 0.0669652673597, -0.00253620128481), (-0.20311352786, -0.0119939832179, -0.0383416481359), (-0.202695020501, -0.0153455696397, -0.0344347159793), (-0.204435995146, -0.00516840381882, -0.0344347159793), (-0.121564969008, 0.0673341795101, 0.0121331588023), (-0.121592181172, 0.0685050070048, 0.00725670821023), (-0.203674842169, -0.0120749856079, -0.0305670949118), (-0.103027153351, 0.0613254412449, 0.0258641107789), (-0.144307799304, 0.0641225023311, 0.0121331588023), (-0.144730470821, 0.0652374841918, 0.00725670821023), (-0.13301439256, 0.0646059019063, 0.0184708064562), (-0.121575657681, -0.0677940691351, -0.0603080189133), (-0.128440240836, -0.06821193766, -0.0569510789088), (-0.132700005213, 0.0630452237559, 0.0232259322709), (-0.20311352786, 0.0119939832179, -0.0116583518641), (-0.202695020501, 0.0153455696397, -0.0155652840207), (-0.204435995146, 0.00516840381882, -0.0155652840207), (-0.203674842169, -0.0120749856079, -0.0194329050882), (-0.202695020501, -0.0153455696397, -0.0155652840207), (-0.204435995146, -0.00516840381882, -0.0155652840207), (-0.128561254867, -0.06918994311, -0.0520544187269), (-0.132350573739, 0.0613105799447, 0.0278948256535), (-0.128660883878, -0.0699951201262, -0.0471581348312), (-0.123214652166, -0.0707456017711, -0.0441061205033), (-0.145692663393, -0.0677756899208, -0.0407620875254), (-0.201400319087, 0.0117467527393, -8.88274638544e-05), (-0.201506378516, 0.00498907932873, 0.00389161255876), (-0.19982580925, 0.0148131351498, 0.00389161255876), (-0.121640473057, -0.070582808176, -0.0456309724076), (-0.0525514259611, -0.0326055618024, -0.0676847953707), (-0.145942387262, -0.0684344463624, -0.0311592581729), (-0.199581660457, 0.0114843049566, 0.0078677329415), (-0.110223781979, -0.0707008161988, -0.0407620875254), (-0.145984643547, -0.0685459158839, -0.0264542112466), (-0.144605263158, -0.0689173900275, -0.025), (-0.134297235023, -0.0709741741055, -0.025), (-0.199581660457, -0.0114843049566, 0.0078677329415), (-0.145974991333, -0.068520453927, -0.0217902809694), (-0.110128760496, -0.0713880038638, -0.0311592581729), (-0.0825208682951, -0.0640013529956, -0.0380398937258), (-0.0824226327863, -0.0641691051603, -0.0356330137541), (-0.110112681716, -0.0715042842906, -0.0264542112466), (-0.111753731343, -0.0716603707251, -0.025), (-0.123269230769, -0.0719467258529, -0.025), (-0.145795188847, -0.0680461458583, -0.0122616704016), (-0.110116354444, -0.0714777234228, -0.0217902809694), (-0.14562013502, -0.0675843644667, -0.00741590851867), (-0.134058547952, -0.0697892864169, -0.00589387949672), (-0.110184770407, -0.0709829447253, -0.0122616704016), (-0.0822873913904, -0.0644000505404, -0.019136959728), (-0.132489350296, -0.0695327604834, -0.00253620128481), (-0.138952024386, -0.0679159820438, 0.000829598016646), (-0.0823449527591, -0.0643017556944, -0.0167598558181), (-0.110251379475, -0.0705012333428, -0.00741590851867), (-0.138696856968, -0.0670015707144, 0.00572789165014), (-0.138393894387, -0.0659158818826, 0.0106125470204), (-0.101209445784, -0.0678930913816, 0.0011357849039), (-0.131959160697, -0.066581001943, 0.0121331588023), (-0.0469485865188, -0.0329493342911, -0.0010660001032), (-0.0490230370351, -0.0320136677479, 0.00902984963487), (-0.0564725652806, -0.0307100295062, 0.0284876298824), (-0.134081767564, 0.00541902952483, 0.0782470636837), (-0.134081767564, -0.00541902952483, 0.0782470636837), (-0.0435782538294, 0.0265123664792, -0.0498619378026), (-0.0959958619867, 0.0689462280859, -0.0310111153536), (-0.128760022349, 0.0707963327088, -0.0407620875254), (-0.134838986674, 0.0698793508886, -0.042432063228), (-0.128812260526, 0.0712185087266, -0.0359331444738), (-0.128845166759, 0.0714844487615, -0.0311592581729), (-0.13504140952, 0.0708325950252, -0.0280630050369), (-0.197377349235, 0.0186165560793, -0.0589361773678), (-0.0961382653488, 0.0685372079962, -0.0121109123526), (-0.198437519518, 0.017921183816, -0.0558808425521), (-0.19982580925, 0.0148131351498, -0.0538916125588), (-0.196566394961, 0.0241904287755, -0.0538916125588), (-0.199581660457, 0.0114843049566, -0.0578677329415), (-0.128856283255, 0.0715742895313, -0.0217902809694), (-0.135046066226, 0.0708545242589, -0.0233999248112), (-0.157062822344, 0.0646637619559, -0.0310111153536), (-0.199327894818, 0.0181246142599, -0.0519013087168), (-0.201400319087, 0.0117467527393, -0.0499111725361), (-0.128835041194, 0.0714026164529, -0.0170578910633), (-0.201145312803, 0.00333480329476, -0.0558808425521), (-0.201506378516, 0.00498907932873, -0.0538916125588), (-0.201506378516, -0.00498907932873, -0.0538916125588), (-0.199630274509, 0.0191585972597, -0.048840057256), (-0.202066425335, 0.00337265796561, -0.0519013087168), (-0.128794978836, 0.0710788423898, -0.0122616704016), (-0.122443770976, 0.0711381580526, -0.00908628235334), (-0.202815674288, 0.00594338771461, -0.0470053294458), (-0.203580956315, -8.77982812215e-36, -0.0441061205033), (-0.200649538675, -0.0132964844087, -0.0519013087168), (-0.196566394961, -0.0241904287755, -0.0538916125588), (-0.19982580925, -0.0148131351498, -0.0538916125588), (-0.200993207363, 0.0194865112573, -0.0393992337002), (-0.203680271289, 0.00600543678009, -0.0412170932849), (-0.201583305054, 0.0186399240463, -0.0363837435074), (-0.20311352786, 0.0119939832179, -0.0383416481359), (-0.202695020501, 0.0153455696397, -0.0344347159793), (-0.19931845177, 0.0250599151114, -0.0344347159793), (-0.156842948982, 0.0642801473849, -0.0121109123526), (-0.195556371699, -0.0273428972031, -0.0519013087168), (-0.121621674352, 0.0697739772141, 0.000829598016646), (-0.108247017869, 0.0677569029916, 0.0074094945101), (-0.203680271289, -0.00600543678009, -0.0412170932849), (-0.20185767329, 0.018702610929, -0.0324955254489), (-0.203674842169, 0.0120749856079, -0.0305670949118), (-0.195695680634, -0.0283822717826, -0.048840057256), (-0.204311041699, -4.26268445977e-36, -0.0383416481359), (-0.204399696074, 0.00346854765633, -0.0363837435074), (-0.204435995146, 0.00516840381882, -0.0344347159793), (-0.201689458128, 0.0196540252848, -0.0295334779359), (-0.204683535956, 0.00348021253434, -0.0324955254489), (-0.145188572091, 0.0664459275975, 0.000829598016646), (-0.200993207363, -0.0194865112573, -0.0393992337002), (-0.133605860748, 0.0675420616661, 0.00725670821023), (-0.20488044352, -7.39713197228e-37, -0.0305670949118), (-0.201583305054, -0.0186399240463, -0.0363837435074), (-0.19931845177, -0.0250599151114, -0.0344347159793), (-0.204667085473, 0.00607625693998, -0.0277698037452), (-0.205, -2.91937180068e-50, -0.025), (-0.201689458128, 0.0196540252848, -0.0204665220641), (-0.20185767329, -0.018702610929, -0.0324955254489), (-0.204667085473, -0.00607625693998, -0.0277698037452), (-0.204667085473, 0.00607625693998, -0.0222301962548), (-0.20185767329, 0.018702610929, -0.0175044745511), (-0.203674842169, 0.0120749856079, -0.0194329050882), (-0.19931845177, 0.0250599151114, -0.0155652840207), (-0.155311024703, 0.0616073885212, 0.0074094945101), (-0.201689458128, -0.0196540252848, -0.0295334779359), (-0.204667085473, -0.00607625693998, -0.0222301962548), (-0.201583305054, 0.0186399240463, -0.0136162564926), (-0.20488044352, -7.39713197228e-37, -0.0194329050882), (-0.204683535956, 0.00348021253434, -0.0175044745511), (-0.200993207363, 0.0194865112573, -0.0106007662998), (-0.201689458128, -0.0196540252848, -0.0204665220641), (-0.204399696074, -0.00346854765633, -0.0136162564926), (-0.20311352786, -0.0119939832179, -0.0116583518641), (-0.204311041699, -4.26268445977e-36, -0.0116583518641), (-0.20185767329, -0.018702610929, -0.0175044745511), (-0.19931845177, -0.0250599151114, -0.0155652840207), (-0.118861596526, -0.069092460176, -0.0545038560073), (-0.203680271289, 0.00600543678009, -0.00878290671509), (-0.203580956315, -8.77982812215e-36, -0.00589387949672), (-0.199630274509, 0.0191585972597, -0.00115994274403), (-0.201583305054, -0.0186399240463, -0.0136162564926), (-0.203680271289, -0.00600543678009, -0.00878290671509), (-0.118846834171, -0.0699884232327, -0.0496050904346), (-0.202815674288, 0.00594338771461, -0.00299467055418), (-0.199327894818, 0.0181246142599, 0.0019013087168), (-0.196566394961, 0.0241904287755, 0.00389161255876), (-0.118840519449, -0.0703716789826, -0.0471581348312), (-0.200993207363, -0.0194865112573, -0.0106007662998), (-0.202815674288, -0.00594338771461, -0.00299467055418), (-0.157062822344, -0.0646637619559, -0.0310111153536), (-0.198437519518, 0.017921183816, 0.00588084255207), (-0.128760022349, -0.0707963327088, -0.0407620875254), (-0.122438020989, -0.0709707759719, -0.042432063228), (-0.202573148724, -1.50152791741e-35, -8.88274638544e-05), (-0.201400319087, -0.0117467527393, -8.88274638544e-05), (-0.197377349235, 0.0186165560793, 0.00893617736777), (-0.202066425335, -0.00337265796561, 0.0019013087168), (-0.19982580925, -0.0148131351498, 0.00389161255876), (-0.201506378516, -0.00498907932873, 0.00389161255876), (-0.128812260526, -0.0712185087266, -0.0359331444738), (-0.199630274509, -0.0191585972597, -0.00115994274403), (-0.201145312803, -0.00333480329476, 0.00588084255207), (-0.20072828655, -2.64297077569e-35, 0.0078677329415), (-0.199327894818, -0.0181246142599, 0.0019013087168), (-0.196566394961, -0.0241904287755, 0.00389161255876), (-0.128845166759, -0.0714844487615, -0.0311592581729), (-0.198437519518, -0.017921183816, 0.00588084255207), (-0.122471278728, -0.0719389085491, -0.0280630050369), (-0.197377349235, -0.0186165560793, 0.00893617736777), (-0.156842948982, -0.0642801473849, -0.0121109123526), (-0.128856283255, -0.0715742895313, -0.0217902809694), (-0.122472043818, -0.0719611802891, -0.0233999248112), (-0.0959958619867, -0.0689462280859, -0.0310111153536), (-0.128835041194, -0.0714026164529, -0.0170578910633), (-0.128794978836, -0.0710788423898, -0.0122616704016), (-0.134873983903, -0.0700441588815, -0.00908628235334), (-0.0961382653488, -0.0685372079962, -0.0121109123526), (-0.0452865467821, -0.0259197224861, 0.00783559454152), (-0.195638688632, 0.0249779052954, -0.0561102427865), (-0.196597059793, 0.0252943849242, -0.0516716457605), (-0.200110939236, -0.00325396723595, -0.0597747992672), (-0.201934599548, 0.0122639930722, -0.0464706590238), (-0.201949268497, -0.00501618902598, -0.0519013087168), (-0.202542031185, -0.00378719419432, -0.049452063045), (-0.202631544213, 0.0123683119387, -0.0417483607812), (-0.198709093866, 0.0259918347085, -0.0366092211128), (-0.203318218818, -0.00210943329088, -0.0455546706335), (-0.199004453419, 0.0260893702828, -0.0322724479517), (-0.191785566808, -0.0339420895938, -0.0516716457605), (-0.202631544213, -0.0123683119387, -0.0417483607812), (-0.203683882761, 0.0125258262578, -0.0272574365099), (-0.198709093866, -0.0259918347085, -0.0366092211128), (-0.203683882761, 0.0125258262578, -0.0227425634901), (-0.199004453419, 0.0260893702828, -0.0177275520483), (-0.199004453419, -0.0260893702828, -0.0322724479517), (-0.203683882761, -0.0125258262578, -0.0272574365099), (-0.198709093866, 0.0259918347085, -0.0133907788872), (-0.203683882761, -0.0125258262578, -0.0227425634901), (-0.202631544213, 0.0123683119387, -0.0082516392188), (-0.199004453419, -0.0260893702828, -0.0177275520483), (-0.201934599548, 0.0122639930722, -0.0035293409762), (-0.196597059793, 0.0252943849242, 0.00167164576054), (-0.106656873225, -0.068587597408, -0.0523606395217), (-0.198709093866, -0.0259918347085, -0.0133907788872), (-0.202631544213, -0.0123683119387, -0.0082516392188), (-0.195638688632, 0.0249779052954, 0.00611024278646), (-0.106574006635, -0.0690135560612, -0.0499111725361), (-0.201934599548, -0.0122639930722, -0.0035293409762), (-0.196597059793, -0.0252943849242, 0.00167164576054), (-0.195638688632, -0.0249779052954, 0.00611024278646), (-0.199541724503, 0.00324987373343, -0.0617153462225), (-0.200321961642, 0.00412757335484, -0.0588217576003), (-0.198514317416, -0.011272816887, -0.0617153462225), (-0.201234403566, -0.0127554045533, -0.049681607647), (-0.0961606118177, -0.0664252467401, -0.052819964226), (-0.198639704809, 0.0105341595597, -0.061772337239), (-0.197966199361, -0.0177840587102, -0.0578104633705), (-0.199501099849, -0.0105867002106, -0.0587931504371), (-0.200104373621, -0.0115059966631, -0.0558521652941), (-0.195445161846, -0.0255420027916, -0.0558521652941)]
            int[] faceVertexCounts = [3, 3, 3, 3, 3, 3, 3, 3, 3, 3, 3, 3, 3, 3, 3, 3, 3, 3, 3, 3, 3, 3, 3, 3, 3, 3, 3, 3, 3, 3, 3, 3, 3, 3, 3, 3, 3, 3, 3, 3, 3, 3, 3, 3, 3, 3, 3, 3, 3, 3, 3, 3, 3, 3, 3, 3, 3, 3, 3, 3, 3, 3, 3, 3, 3, 3, 3, 3, 3, 3, 3, 3, 3, 3, 3, 3, 3, 3, 3, 3, 3, 3, 3, 3, 3, 3, 3, 3, 3, 3, 3, 3, 3, 3, 3, 3, 3, 3, 3, 3, 3, 3, 3, 3, 3, 3, 3, 3, 3, 3, 3, 3, 3, 3, 3, 3, 3, 3, 3, 3, 3, 3, 3, 3, 3, 3, 3, 3, 3, 3, 3, 3, 3, 3, 3, 3, 3, 3, 3, 3, 3, 3, 3, 3, 3, 3, 3, 3, 3, 3, 3, 3, 3, 3, 3, 3, 3, 3, 3, 3, 3, 3, 3, 3, 3, 3, 3, 3, 3, 3, 3, 3, 3, 3, 3, 3, 3, 3, 3, 3, 3, 3, 3, 3, 3, 3, 3, 3, 3, 3, 3, 3, 3, 3, 3, 3, 3, 3, 3, 3, 3, 3, 3, 3, 3, 3, 3, 3, 3, 3, 3, 3, 3, 3, 3, 3, 3, 3, 3, 3, 3, 3, 3, 3, 3, 3, 3, 3, 3, 3, 3, 3, 3, 3, 3, 3, 3, 3, 3, 3, 3, 3, 3, 3, 3, 3, 3, 3, 3, 3, 3, 3, 3, 3, 3, 3, 3, 3, 3, 3, 3, 3, 3, 3, 3, 3, 3, 3, 3, 3, 3, 3, 3, 3, 3, 3, 3, 3, 3, 3, 3, 3, 3, 3, 3, 3, 3, 3, 3, 3, 3, 3, 3, 3, 3, 3, 3, 3, 3, 3, 3, 3, 3, 3, 3, 3, 3, 3, 3, 3, 3, 3, 3, 3, 3, 3, 3, 3, 3, 3, 3, 3, 3, 3, 3, 3, 3, 3, 3, 3, 3, 3, 3, 3, 3, 3, 3, 3, 3, 3, 3, 3, 3, 3, 3, 3, 3, 3, 3, 3, 3, 3, 3, 3, 3, 3, 3, 3, 3, 3, 3, 3, 3, 3, 3, 3, 3, 3, 3, 3, 3, 3, 3, 3, 3, 3, 3, 3, 3, 3, 3, 3, 3, 3, 3, 3, 3, 3, 3, 3, 3, 3, 3, 3, 3, 3, 3, 3, 3, 3, 3, 3, 3, 3, 3, 3, 3, 3, 3, 3, 3, 3, 3, 3, 3, 3, 3, 3, 3, 3, 3, 3, 3, 3, 3, 3, 3, 3, 3, 3, 3, 3, 3, 3, 3, 3, 3, 3, 3, 3, 3, 3, 3, 3, 3, 3, 3, 3, 3, 3, 3, 3, 3, 3, 3, 3, 3, 3, 3, 3, 3, 3, 3, 3, 3, 3, 3, 3, 3, 3, 3, 3, 3, 3, 3, 3, 3, 3, 3, 3, 3, 3, 3, 3, 3, 3, 3, 3, 3, 3, 3, 3, 3, 3, 3, 3, 3, 3, 3, 3, 3, 3, 3, 3, 3, 3, 3, 3, 3, 3, 3, 3, 3, 3, 3, 3, 3, 3, 3, 3, 3, 3, 3, 3, 3, 3, 3, 3, 3, 3, 3, 3, 3, 3, 3, 3, 3, 3, 3, 3, 3, 3, 3, 3, 3, 3, 3, 3, 3, 3, 3, 3, 3, 3, 3, 3, 3, 3, 3, 3, 3, 3, 3, 3, 3, 3, 3, 3, 3, 3, 3, 3, 3, 3, 3, 3, 3, 3, 3, 3, 3, 3, 3, 3, 3, 3, 3, 3, 3, 3, 3, 3, 3, 3, 3, 3, 3, 3, 3, 3, 3, 3, 3, 3, 3, 3, 3, 3, 3, 3, 3, 3, 3, 3, 3, 3, 3, 3, 3, 3, 3, 3, 3, 3, 3, 3, 3, 3, 3, 3, 3, 3, 3, 3, 3, 3, 3, 3, 3, 3, 3, 3, 3, 3, 3, 3, 3, 3, 3, 3, 3, 3, 3, 3, 3, 3, 3, 3, 3, 3, 3, 3, 3, 3, 3, 3, 3, 3, 3, 3, 3, 3, 3, 3, 3, 3, 3, 3, 3, 3, 3, 3, 3, 3, 3, 3, 3, 3, 3, 3, 3, 3, 3, 3, 3, 3, 3, 3, 3, 3, 3, 3, 3, 3, 3, 3, 3, 3, 3, 3, 3, 3, 3, 3, 3, 3, 3, 3, 3, 3, 3, 3, 3, 3, 3, 3, 3, 3, 3, 3, 3, 3, 3, 3, 3, 3, 3, 3, 3, 3, 3, 3, 3, 3, 3, 3, 3, 3, 3, 3, 3, 3, 3, 3, 3, 3, 3, 3, 3, 3, 3, 3, 3, 3, 3, 3, 3, 3, 3, 3, 3, 3, 3, 3, 3, 3, 3, 3, 3, 3, 3, 3, 3, 3, 3, 3, 3, 3, 3, 3, 3, 3, 3, 3, 3, 3, 3, 3, 3, 3, 3, 3, 3, 3, 3, 3, 3, 3, 3, 3, 3, 3, 3, 3, 3, 3, 3, 3, 3, 3, 3, 3, 3, 3, 3, 3, 3, 3, 3, 3, 3, 3, 3, 3, 3, 3, 3, 3, 3, 3, 3, 3, 3, 3, 3, 3, 3, 3, 3, 3, 3, 3, 3, 3, 3, 3, 3, 3, 3, 3, 3, 3, 3, 3, 3, 3, 3, 3, 3, 3, 3, 3, 3, 3, 3, 3, 3, 3, 3, 3, 3, 3, 3, 3, 3, 3, 3, 3, 3, 3, 3, 3, 3, 3, 3, 3, 3, 3, 3, 3, 3, 3, 3, 3, 3, 3, 3, 3, 3, 3, 3, 3, 3, 3, 3, 3, 3, 3, 3, 3, 3, 3, 3, 3, 3, 3, 3, 3, 3, 3, 3, 3, 3, 3, 3, 3, 3, 3, 3, 3, 3, 3, 3, 3, 3, 3, 3, 3, 3, 3, 3, 3, 3, 3, 3, 3, 3, 3, 3, 3, 3, 3, 3, 3, 3, 3, 3, 3, 3, 3, 3, 3, 3, 3, 3, 3, 3, 3, 3, 3, 3, 3, 3, 3, 3, 3, 3, 3, 3, 3, 3, 3, 3, 3, 3, 3, 3, 3, 3, 3, 3, 3, 3, 3, 3, 3, 3, 3, 3, 3, 3, 3, 3, 3, 3, 3, 3, 3, 3, 3, 3, 3, 3, 3, 3, 3, 3, 3, 3, 3, 3, 3, 3, 3, 3, 3, 3, 3, 3, 3, 3, 3, 3, 3, 3, 3, 3, 3, 3, 3, 3, 3, 3, 3, 3, 3, 3, 3, 3, 3, 3, 3, 3, 3, 3, 3, 3, 3, 3, 3, 3, 3, 3, 3, 3, 3, 3, 3, 3, 3, 3, 3, 3, 3, 3, 3, 3, 3, 3, 3, 3, 3, 3, 3, 3, 3, 3, 3, 3, 3, 3, 3, 3, 3, 3, 3, 3, 3, 3, 3, 3, 3, 3, 3, 3, 3, 3, 3, 3, 3, 3, 3, 3, 3, 3, 3, 3, 3, 3, 3, 3, 3, 3, 3, 3, 3, 3, 3, 3, 3, 3, 3, 3, 3, 3, 3, 3, 3, 3, 3, 3, 3, 3, 3, 3, 3, 3, 3, 3, 3, 3, 3, 3, 3, 3, 3, 3, 3, 3, 3, 3, 3, 3, 3, 3, 3, 3, 3, 3, 3, 3, 3, 3, 3, 3, 3, 3, 3, 3, 3, 3, 3, 3, 3, 3, 3, 3, 3, 3, 3, 3, 3, 3, 3, 3, 3, 3, 3, 3, 3, 3, 3, 3, 3, 3, 3, 3, 3, 3, 3, 3, 3, 3, 3, 3, 3, 3, 3, 3, 3, 3, 3, 3, 3, 3, 3, 3, 3, 3, 3, 3, 3, 3, 3, 3, 3, 3, 3, 3, 3, 3, 3, 3, 3, 3, 3, 3, 3, 3, 3, 3, 3, 3, 3, 3, 3, 3, 3, 3, 3, 3, 3, 3, 3, 3, 3, 3, 3, 3, 3, 3, 3, 3, 3, 3, 3, 3, 3, 3, 3, 3, 3, 3, 3, 3, 3, 3, 3, 3, 3, 3, 3, 3, 3, 3, 3, 3, 3, 3, 3, 3, 3, 3, 3, 3, 3, 3, 3, 3, 3, 3, 3, 3, 3, 3, 3, 3, 3, 3, 3, 3, 3, 3, 3, 3, 3, 3, 3, 3, 3, 3, 3, 3, 3, 3, 3, 3, 3, 3, 3, 3, 3, 3, 3, 3, 3, 3, 3, 3, 3, 3, 3, 3, 3, 3, 3, 3, 3, 3, 3, 3, 3, 3, 3, 3, 3, 3, 3, 3, 3, 3, 3, 3, 3, 3, 3, 3, 3, 3, 3, 3, 3, 3, 3, 3, 3, 3, 3, 3, 3, 3, 3, 3, 3, 3, 3, 3, 3, 3, 3, 3, 3, 3, 3, 3, 3, 3, 3, 3, 3, 3, 3, 3, 3, 3, 3, 3, 3, 3, 3, 3, 3, 3, 3, 3, 3, 3, 3, 3, 3, 3, 3, 3, 3, 3, 3, 3, 3, 3, 3, 3, 3, 3, 3, 3, 3, 3, 3, 3, 3, 3, 3, 3, 3, 3, 3, 3, 3, 3, 3, 3, 3, 3, 3, 3, 3, 3, 3, 3, 3, 3, 3, 3, 3, 3, 3, 3, 3, 3, 3, 3, 3, 3, 3, 3, 3, 3, 3, 3, 3, 3, 3, 3, 3, 3, 3, 3, 3, 3, 3, 3, 3, 3, 3, 3, 3, 3, 3, 3, 3, 3, 3, 3, 3, 3, 3, 3, 3, 3, 3, 3, 3, 3, 3, 3, 3, 3, 3, 3, 3, 3, 3, 3, 3, 3, 3, 3, 3, 3, 3, 3, 3, 3, 3, 3, 3, 3, 3, 3, 3, 3, 3, 3, 3, 3, 3, 3, 3, 3, 3, 3, 3, 3, 3, 3, 3, 3, 3, 3, 3, 3, 3, 3, 3, 3, 3, 3, 3, 3, 3, 3, 3, 3, 3, 3, 3, 3, 3, 3, 3, 3, 3, 3, 3, 3, 3, 3, 3, 3, 3, 3, 3, 3, 3, 3, 3, 3, 3, 3, 3, 3, 3, 3, 3, 3, 3, 3, 3, 3, 3, 3, 3, 3, 3, 3, 3, 3, 3, 3, 3, 3, 3, 3, 3, 3, 3, 3, 3, 3, 3, 3, 3, 3, 3, 3, 3, 3, 3, 3, 3, 3, 3, 3, 3, 3, 3, 3, 3, 3, 3, 3, 3, 3, 3, 3, 3, 3, 3, 3, 3, 3, 3, 3, 3, 3, 3, 3, 3, 3, 3, 3, 3, 3, 3, 3, 3, 3, 3, 3, 3, 3, 3, 3, 3, 3, 3, 3, 3, 3, 3, 3, 3, 3, 3, 3, 3, 3, 3, 3, 3, 3, 3, 3, 3, 3, 3, 3, 3, 3, 3, 3, 3, 3, 3, 3, 3, 3, 3, 3, 3, 3, 3, 3, 3, 3, 3, 3, 3, 3, 3, 3, 3, 3, 3, 3, 3, 3, 3, 3, 3, 3, 3, 3, 3, 3, 3, 3, 3, 3, 3, 3, 3, 3, 3, 3, 3, 3, 3, 3, 3, 3, 3, 3, 3, 3, 3, 3, 3, 3, 3, 3, 3, 3, 3, 3, 3, 3, 3, 3, 3, 3, 3, 3, 3, 3, 3, 3, 3, 3, 3, 3, 3, 3, 3, 3, 3, 3, 3, 3, 3, 3, 3, 3, 3, 3, 3, 3, 3, 3, 3, 3, 3, 3, 3, 3, 3, 3, 3, 3, 3, 3, 3, 3, 3, 3, 3, 3, 3, 3, 3, 3, 3, 3, 3, 3, 3, 3, 3, 3, 3, 3, 3, 3, 3, 3, 3, 3, 3, 3, 3, 3, 3, 3, 3, 3, 3, 3, 3, 3, 3, 3, 3, 3, 3, 3, 3, 3, 3, 3, 3, 3, 3, 3, 3, 3, 3, 3, 3, 3, 3, 3, 3, 3, 3, 3, 3, 3, 3, 3, 3, 3, 3, 3, 3, 3, 3, 3, 3, 3, 3, 3, 3, 3, 3, 3, 3, 3, 3, 3, 3, 3, 3, 3, 3, 3, 3, 3, 3, 3, 3, 3, 3, 3, 3, 3, 3, 3, 3, 3, 3, 3, 3, 3, 3, 3, 3, 3, 3, 3, 3, 3, 3, 3, 3, 3, 3, 3, 3, 3, 3, 3, 3, 3, 3, 3, 3, 3, 3, 3, 3, 3, 3, 3, 3, 3, 3, 3, 3, 3, 3, 3, 3, 3, 3, 3, 3, 3, 3, 3, 3, 3, 3, 3, 3, 3, 3, 3, 3, 3, 3, 3, 3, 3, 3, 3, 3, 3, 3, 3, 3, 3, 3, 3, 3, 3, 3, 3, 3, 3, 3, 3, 3, 3, 3, 3, 3, 3, 3, 3, 3, 3, 3, 3, 3, 3, 3, 3, 3, 3, 3, 3, 3, 3, 3, 3, 3, 3, 3, 3, 3, 3, 3, 3, 3, 3, 3, 3, 3, 3, 3, 3, 3, 3, 3, 3, 3, 3, 3, 3, 3, 3, 3, 3, 3, 3, 3, 3, 3, 3, 3, 3, 3, 3, 3, 3, 3, 3, 3, 3, 3, 3, 3, 3, 3, 3, 3, 3, 3, 3, 3, 3, 3, 3, 3, 3, 3, 3, 3, 3, 3, 3, 3, 3, 3, 3, 3, 3, 3, 3, 3, 3, 3, 3, 3, 3, 3, 3, 3, 3, 3, 3, 3, 3, 3, 3, 3, 3, 3, 3, 3, 3, 3, 3, 3, 3, 3, 3, 3, 3, 3, 3, 3, 3, 3, 3, 3, 3, 3, 3, 3, 3, 3, 3, 3, 3, 3, 3, 3, 3, 3, 3, 3, 3, 3, 3, 3, 3, 3, 3, 3, 3, 3, 3, 3, 3, 3, 3, 3, 3, 3, 3, 3, 3, 3, 3, 3, 3, 3, 3, 3, 3, 3, 3, 3, 3, 3, 3, 3, 3, 3, 3, 3, 3, 3, 3, 3, 3, 3, 3, 3, 3, 3, 3, 3, 3, 3, 3, 3, 3, 3, 3, 3, 3, 3, 3, 3, 3, 3, 3, 3, 3, 3, 3, 3, 3, 3, 3, 3, 3, 3, 3, 3, 3, 3, 3, 3, 3, 3, 3, 3, 3, 3, 3, 3, 3, 3, 3, 3, 3, 3, 3, 3, 3, 3, 3, 3, 3, 3, 3, 3, 3, 3, 3, 3, 3, 3, 3, 3, 3, 3, 3, 3, 3, 3, 3, 3, 3, 3, 3, 3, 3, 3, 3, 3, 3, 3, 3, 3, 3, 3, 3, 3, 3, 3, 3, 3, 3, 3, 3, 3, 3, 3, 3, 3, 3, 3, 3, 3, 3, 3, 3, 3, 3, 3, 3, 3, 3, 3, 3, 3, 3, 3, 3, 3, 3, 3, 3, 3, 3, 3, 3, 3, 3, 3, 3, 3, 3, 3, 3, 3, 3, 3, 3, 3, 3, 3, 3, 3, 3, 3, 3, 3, 3, 3, 3, 3, 3, 3, 3, 3, 3, 3, 3, 3, 3, 3, 3, 3, 3, 3, 3, 3, 3, 3, 3, 3, 3, 3, 3, 3, 3, 3, 3, 3, 3, 3, 3, 3, 3, 3, 3, 3, 3, 3, 3, 3, 3, 3, 3, 3, 3, 3, 3, 3, 3, 3, 3, 3, 3, 3, 3, 3, 3, 3, 3, 3, 3, 3, 3, 3, 3, 3, 3, 3, 3, 3, 3, 3, 3, 3, 3, 3, 3, 3, 3, 3, 3, 3, 3, 3, 3, 3, 3, 3, 3, 3, 3, 3, 3, 3, 3, 3, 3, 3, 3, 3, 3, 3, 3, 3, 3, 3, 3, 3, 3, 3, 3, 3, 3, 3, 3, 3, 3, 3, 3, 3, 3, 3, 3, 3, 3, 3, 3, 3, 3, 3, 3, 3, 3, 3, 3, 3, 3, 3, 3, 3, 3, 3, 3, 3, 3, 3, 3, 3, 3, 3, 3, 3, 3, 3, 3, 3, 3, 3, 3, 3, 3, 3, 3, 3, 3, 3, 3, 3, 3, 3, 3, 3, 3, 3, 3, 3, 3, 3, 3, 3, 3, 3, 3, 3, 3, 3, 3, 3, 3, 3, 3, 3, 3, 3, 3, 3, 3, 3, 3, 3, 3, 3, 3, 3, 3, 3, 3, 3, 3, 3, 3, 3, 3, 3, 3, 3, 3, 3, 3, 3, 3, 3, 3, 3, 3, 3, 3, 3, 3, 3, 3, 3, 3, 3, 3, 3, 3, 3, 3, 3, 3, 3, 3, 3, 3, 3, 3, 3, 3, 3, 3, 3, 3, 3, 3, 3, 3, 3, 3, 3, 3, 3, 3, 3, 3, 3, 3, 3, 3, 3, 3, 3, 3, 3, 3, 3, 3, 3, 3, 3, 3, 3, 3, 3, 3, 3, 3, 3, 3, 3, 3, 3, 3, 3, 3, 3, 3, 3, 3, 3, 3, 3, 3, 3, 3, 3, 3, 3, 3, 3, 3, 3, 3, 3, 3, 3, 3, 3, 3, 3, 3, 3, 3, 3, 3, 3, 3, 3, 3, 3, 3, 3, 3, 3, 3, 3, 3, 3, 3, 3, 3, 3, 3, 3, 3, 3, 3, 3, 3, 3, 3, 3, 3, 3, 3, 3, 3, 3, 3, 3, 3, 3, 3, 3, 3, 3, 3, 3, 3, 3, 3, 3, 3, 3, 3, 3, 3, 3, 3, 3, 3, 3, 3, 3, 3, 3, 3, 3, 3, 3, 3, 3, 3, 3, 3, 3, 3, 3, 3, 3, 3, 3, 3, 3, 3, 3, 3, 3, 3, 3, 3, 3, 3, 3, 3, 3, 3, 3, 3, 3, 3, 3, 3, 3, 3, 3, 3, 3, 3, 3, 3, 3, 3, 3, 3, 3, 3, 3, 3, 3, 3, 3, 3, 3, 3, 3, 3, 3, 3, 3, 3, 3, 3, 3, 3, 3, 3, 3, 3, 3, 3, 3, 3, 3, 3, 3, 3, 3, 3, 3, 3, 3, 3, 3, 3, 3, 3, 3, 3, 3, 3, 3, 3, 3, 3, 3, 3, 3, 3, 3, 3, 3, 3, 3, 3, 3, 3, 3, 3, 3, 3, 3, 3, 3, 3, 3, 3, 3, 3, 3, 3, 3, 3, 3, 3, 3, 3, 3, 3, 3, 3, 3, 3, 3, 3, 3, 3, 3, 3, 3, 3, 3, 3, 3, 3, 3, 3, 3, 3, 3, 3, 3, 3, 3, 3, 3, 3, 3, 3, 3, 3, 3, 3, 3, 3, 3, 3, 3, 3, 3, 3, 3, 3, 3, 3, 3, 3, 3, 3, 3, 3, 3, 3, 3, 3, 3, 3, 3, 3, 3, 3, 3, 3, 3, 3, 3, 3, 3, 3, 3, 3, 3, 3, 3, 3, 3, 3, 3, 3, 3, 3, 3, 3, 3, 3, 3, 3, 3, 3, 3, 3, 3, 3, 3, 3, 3, 3, 3, 3, 3, 3, 3, 3, 3, 3, 3, 3, 3, 3, 3, 3, 3, 3, 3, 3, 3, 3, 3, 3, 3, 3, 3, 3, 3, 3, 3, 3, 3, 3, 3, 3, 3, 3, 3, 3, 3, 3, 3, 3, 3, 3, 3, 3, 3, 3, 3, 3, 3, 3, 3, 3, 3, 3, 3, 3, 3, 3, 3, 3, 3, 3, 3, 3, 3, 3, 3, 3, 3, 3, 3, 3, 3, 3, 3, 3, 3, 3, 3, 3, 3, 3, 3, 3, 3, 3, 3, 3, 3, 3, 3, 3, 3, 3, 3, 3, 3, 3, 3, 3, 3, 3, 3, 3, 3, 3, 3, 3, 3, 3, 3, 3, 3, 3, 3, 3, 3, 3, 3, 3, 3, 3, 3, 3, 3, 3, 3, 3, 3, 3, 3, 3, 3, 3, 3, 3, 3, 3, 3, 3, 3, 3, 3, 3, 3, 3, 3, 3, 3, 3, 3, 3, 3, 3, 3, 3, 3, 3, 3, 3, 3, 3, 3, 3, 3, 3, 3, 3, 3, 3, 3, 3, 3, 3, 3, 3, 3, 3, 3, 3, 3, 3, 3, 3, 3, 3, 3, 3, 3, 3, 3, 3, 3, 3, 3, 3, 3, 3, 3, 3, 3, 3, 3, 3, 3, 3, 3, 3, 3, 3, 3, 3, 3, 3, 3, 3, 3, 3, 3, 3, 3, 3, 3, 3, 3, 3, 3, 3, 3, 3, 3, 3, 3, 3, 3, 3, 3, 3, 3, 3, 3, 3, 3, 3, 3, 3, 3, 3, 3, 3, 3, 3, 3, 3, 3, 3, 3, 3, 3, 3, 3, 3, 3, 3, 3, 3, 3, 3, 3, 3, 3, 3, 3, 3, 3, 3, 3, 3, 3, 3, 3, 3, 3, 3, 3, 3, 3, 3, 3, 3, 3, 3, 3, 3, 3, 3, 3, 3, 3, 3, 3, 3, 3, 3, 3, 3, 3, 3, 3, 3, 3, 3, 3, 3, 3, 3, 3, 3, 3, 3, 3, 3, 3, 3, 3, 3, 3, 3, 3, 3, 3, 3, 3, 3, 3, 3, 3, 3, 3, 3, 3, 3, 3, 3, 3, 3, 3, 3, 3, 3, 3, 3, 3, 3, 3, 3, 3, 3, 3, 3, 3, 3, 3, 3, 3, 3, 3, 3, 3, 3, 3, 3, 3, 3, 3, 3, 3, 3, 3, 3, 3, 3, 3, 3, 3, 3, 3, 3, 3, 3, 3, 3, 3, 3, 3, 3, 3, 3, 3, 3, 3, 3, 3, 3, 3, 3, 3, 3, 3, 3, 3, 3, 3, 3, 3, 3, 3, 3, 3, 3, 3, 3, 3, 3, 3, 3, 3, 3, 3, 3, 3, 3, 3, 3, 3, 3, 3, 3, 3, 3, 3, 3, 3, 3, 3, 3, 3, 3, 3, 3, 3, 3, 3, 3, 3, 3, 3, 3, 3, 3, 3, 3, 3, 3, 3, 3, 3, 3, 3, 3, 3, 3, 3, 3, 3, 3, 3, 3, 3, 3, 3, 3, 3, 3, 3, 3, 3, 3, 3, 3, 3, 3, 3, 3, 3, 3, 3, 3, 3, 3, 3, 3, 3, 3, 3, 3, 3, 3, 3, 3, 3, 3, 3, 3, 3, 3, 3, 3, 3, 3, 3, 3, 3, 3, 3, 3, 3, 3, 3, 3, 3, 3, 3, 3, 3, 3, 3, 3, 3, 3, 3, 3, 3, 3, 3, 3, 3, 3, 3, 3, 3, 3, 3, 3, 3, 3, 3, 3, 3, 3, 3, 3, 3, 3, 3, 3, 3, 3, 3, 3, 3, 3, 3, 3, 3, 3, 3, 3, 3, 3, 3, 3, 3, 3, 3, 3, 3, 3, 3, 3, 3, 3, 3, 3, 3, 3, 3, 3, 3, 3, 3, 3, 3, 3, 3, 3, 3, 3, 3, 3, 3, 3, 3, 3, 3, 3, 3, 3, 3, 3, 3, 3, 3, 3, 3, 3, 3, 3, 3, 3, 3, 3, 3, 3, 3, 3, 3, 3, 3, 3, 3, 3, 3, 3, 3, 3, 3, 3, 3, 3, 3, 3, 3, 3, 3, 3, 3, 3, 3, 3, 3, 3, 3, 3, 3, 3, 3, 3, 3, 3, 3, 3, 3, 3, 3, 3, 3, 3, 3, 3, 3, 3, 3, 3, 3, 3, 3, 3, 3, 3, 3, 3, 3, 3, 3, 3, 3, 3, 3, 3, 3, 3, 3, 3, 3, 3, 3, 3, 3, 3, 3, 3, 3, 3, 3, 3, 3, 3, 3, 3, 3, 3, 3, 3, 3, 3, 3, 3, 3, 3, 3, 3, 3, 3, 3, 3, 3, 3, 3, 3, 3, 3, 3, 3, 3, 3, 3, 3, 3, 3, 3, 3, 3, 3, 3, 3, 3, 3, 3, 3, 3, 3, 3, 3, 3, 3, 3, 3, 3, 3, 3, 3, 3, 3, 3, 3, 3, 3, 3, 3, 3, 3, 3, 3, 3, 3, 3, 3, 3, 3, 3, 3, 3, 3, 3, 3, 3, 3, 3, 3, 3, 3, 3, 3, 3, 3, 3, 3, 3, 3, 3, 3, 3, 3, 3, 3, 3, 3, 3, 3, 3, 3, 3, 3, 3, 3, 3, 3, 3, 3, 3, 3, 3, 3, 3, 3, 3, 3, 3, 3, 3, 3, 3, 3, 3, 3, 3, 3, 3, 3, 3, 3, 3, 3, 3, 3, 3, 3, 3, 3, 3, 3, 3, 3, 3, 3, 3, 3, 3, 3, 3, 3, 3, 3, 3, 3, 3, 3, 3, 3, 3, 3, 3, 3, 3, 3, 3, 3, 3, 3, 3, 3, 3, 3, 3, 3, 3, 3, 3, 3, 3, 3, 3, 3, 3, 3, 3, 3, 3, 3, 3, 3, 3, 3, 3, 3, 3, 3, 3, 3, 3, 3, 3, 3, 3, 3, 3, 3, 3, 3, 3, 3, 3, 3, 3, 3, 3, 3, 3, 3, 3, 3, 3, 3, 3, 3, 3, 3, 3, 3, 3, 3, 3, 3, 3, 3, 3, 3, 3, 3, 3, 3, 3, 3, 3, 3, 3, 3, 3, 3, 3, 3, 3, 3, 3, 3, 3, 3, 3, 3, 3, 3, 3, 3, 3, 3, 3, 3, 3, 3, 3, 3, 3, 3, 3, 3, 3, 3, 3, 3, 3, 3, 3, 3, 3, 3, 3, 3, 3, 3, 3, 3, 3, 3, 3, 3, 3, 3, 3, 3, 3, 3, 3, 3, 3, 3, 3, 3, 3, 3, 3, 3, 3, 3, 3, 3, 3, 3, 3, 3, 3, 3, 3, 3, 3, 3, 3, 3, 3, 3, 3, 3, 3, 3, 3, 3, 3, 3, 3, 3, 3, 3, 3, 3, 3, 3, 3, 3, 3, 3, 3, 3, 3, 3, 3, 3, 3, 3, 3, 3, 3, 3, 3, 3, 3, 3, 3, 3, 3, 3, 3, 3, 3, 3, 3, 3, 3, 3, 3, 3, 3, 3, 3, 3, 3, 3, 3, 3, 3, 3, 3, 3, 3, 3, 3, 3, 3, 3, 3, 3, 3, 3, 3, 3, 3, 3, 3, 3, 3, 3, 3, 3, 3, 3, 3, 3, 3, 3, 3, 3, 3, 3, 3, 3, 3, 3, 3, 3, 3, 3, 3, 3, 3, 3, 3, 3, 3, 3, 3, 3, 3, 3, 3, 3, 3, 3, 3, 3, 3, 3, 3, 3, 3, 3, 3, 3, 3, 3, 3, 3, 3, 3, 3, 3, 3, 3, 3, 3, 3, 3, 3, 3, 3, 3, 3, 3, 3, 3, 3, 3, 3, 3, 3, 3, 3, 3, 3, 3, 3, 3, 3, 3, 3, 3, 3, 3, 3, 3, 3, 3, 3, 3, 3, 3, 3, 3, 3, 3, 3, 3, 3, 3, 3, 3, 3, 3, 3, 3, 3, 3, 3, 3, 3, 3, 3, 3, 3, 3, 3, 3, 3, 3, 3, 3, 3, 3, 3, 3, 3, 3, 3, 3, 3, 3, 3, 3, 3, 3, 3, 3, 3, 3, 3, 3, 3, 3, 3, 3, 3, 3, 3, 3, 3, 3, 3, 3, 3, 3, 3, 3, 3, 3, 3, 3, 3, 3, 3, 3, 3, 3, 3, 3, 3, 3, 3, 3, 3, 3, 3, 3, 3, 3, 3, 3, 3, 3, 3, 3, 3, 3, 3, 3, 3, 3, 3, 3, 3, 3, 3, 3, 3, 3, 3, 3, 3, 3, 3, 3, 3, 3, 3, 3, 3, 3, 3, 3, 3, 3, 3, 3, 3, 3, 3, 3, 3, 3, 3, 3, 3, 3, 3, 3, 3, 3, 3, 3, 3, 3, 3, 3, 3, 3, 3, 3, 3, 3, 3, 3, 3, 3, 3, 3, 3, 3, 3, 3, 3, 3, 3, 3, 3, 3, 3, 3, 3, 3, 3, 3, 3, 3, 3, 3, 3, 3, 3, 3, 3, 3, 3, 3, 3, 3, 3, 3, 3, 3, 3, 3, 3, 3, 3, 3, 3, 3, 3, 3, 3, 3, 3, 3, 3, 3, 3, 3, 3, 3, 3, 3, 3, 3, 3, 3, 3, 3, 3, 3, 3, 3, 3, 3, 3, 3, 3, 3, 3, 3, 3, 3, 3, 3, 3, 3, 3, 3, 3, 3, 3, 3, 3, 3, 3, 3, 3, 3, 3, 3, 3, 3, 3, 3, 3, 3, 3, 3, 3, 3, 3, 3, 3, 3, 3, 3, 3, 3, 3, 3, 3, 3, 3, 3, 3, 3, 3, 3, 3, 3, 3, 3, 3, 3, 3, 3, 3, 3, 3, 3, 3, 3, 3, 3, 3, 3, 3, 3, 3, 3, 3, 3, 3, 3, 3, 3, 3, 3, 3, 3, 3, 3, 3, 3, 3, 3, 3, 3, 3, 3, 3, 3, 3, 3, 3, 3, 3, 3, 3, 3, 3, 3, 3, 3, 3, 3, 3, 3, 3, 3, 3, 3, 3, 3, 3, 3, 3, 3, 3, 3, 3, 3, 3, 3, 3, 3, 3, 3, 3, 3, 3, 3, 3, 3, 3, 3, 3, 3, 3, 3, 3, 3, 3, 3, 3, 3, 3, 3, 3, 3, 3, 3, 3, 3, 3, 3, 3, 3, 3, 3, 3, 3, 3, 3, 3, 3, 3, 3, 3, 3, 3, 3, 3, 3, 3, 3, 3, 3, 3, 3, 3, 3, 3, 3, 3, 3, 3, 3, 3, 3, 3, 3, 3, 3, 3, 3, 3, 3, 3, 3, 3, 3, 3, 3, 3, 3, 3, 3, 3, 3, 3, 3, 3, 3, 3, 3, 3, 3, 3, 3, 3, 3, 3, 3, 3, 3, 3, 3, 3, 3, 3, 3, 3, 3, 3, 3, 3, 3, 3, 3, 3, 3, 3, 3, 3, 3, 3, 3, 3, 3, 3, 3, 3, 3, 3, 3, 3, 3, 3, 3, 3, 3, 3, 3, 3, 3, 3, 3, 3, 3, 3, 3, 3, 3, 3, 3, 3, 3, 3, 3, 3, 3, 3, 3, 3, 3, 3, 3, 3, 3, 3, 3, 3, 3, 3, 3, 3, 3, 3, 3, 3, 3, 3, 3, 3, 3, 3, 3, 3, 3, 3, 3, 3, 3, 3, 3, 3, 3, 3, 3, 3, 3, 3, 3, 3, 3, 3, 3, 3, 3, 3, 3, 3, 3, 3, 3, 3, 3, 3, 3, 3, 3, 3, 3, 3, 3, 3, 3, 3, 3, 3, 3, 3, 3, 3, 3, 3, 3, 3, 3, 3, 3, 3, 3, 3, 3, 3, 3, 3, 3, 3, 3, 3, 3, 3, 3, 3, 3, 3, 3, 3, 3, 3, 3, 3, 3, 3, 3, 3, 3, 3, 3, 3, 3, 3, 3, 3, 3, 3, 3, 3, 3, 3, 3, 3, 3, 3, 3, 3, 3, 3]
            int[] faceVertexIndices = [154, 4, 3, 154, 5, 4, 154, 6, 5, 155, 3, 2, 155, 154, 3, 156, 155, 2, 157, 7, 6, 157, 8, 7, 157, 6, 154, 158, 156, 2, 159, 154, 155, 159, 157, 154, 160, 158, 2, 161, 159, 155, 161, 155, 156, 162, 160, 2, 163, 9, 8, 163, 10, 9, 163, 8, 157, 164, 161, 156, 164, 156, 158, 165, 162, 2, 166, 157, 159, 166, 163, 157, 167, 160, 162, 167, 164, 158, 167, 158, 160, 168, 165, 2, 169, 159, 161, 169, 166, 159, 170, 167, 162, 171, 168, 2, 172, 11, 10, 172, 12, 11, 172, 13, 12, 172, 10, 163, 173, 169, 161, 173, 161, 164, 174, 170, 162, 174, 162, 165, 174, 165, 168, 175, 171, 2, 176, 163, 166, 176, 172, 163, 177, 164, 167, 177, 173, 164, 178, 174, 168, 178, 168, 171, 179, 175, 2, 180, 176, 166, 180, 166, 169, 180, 169, 173, 181, 167, 170, 181, 177, 167, 182, 178, 171, 183, 14, 13, 183, 15, 14, 183, 13, 172, 183, 172, 176, 184, 179, 2, 185, 180, 173, 186, 181, 170, 186, 170, 174, 187, 182, 171, 187, 175, 179, 187, 171, 175, 188, 183, 176, 189, 184, 2, 190, 185, 173, 190, 173, 177, 191, 186, 174, 191, 178, 182, 191, 174, 178, 192, 187, 179, 193, 176, 180, 193, 188, 176, 194, 189, 2, 195, 177, 181, 195, 181, 186, 195, 190, 177, 196, 191, 182, 197, 15, 183, 197, 16, 15, 197, 17, 16, 198, 192, 179, 198, 179, 184, 199, 180, 185, 199, 193, 180, 200, 194, 2, 201, 195, 186, 202, 196, 182, 202, 182, 187, 203, 183, 188, 203, 188, 193, 203, 197, 183, 204, 184, 189, 204, 198, 184, 205, 185, 190, 205, 190, 195, 205, 199, 185, 206, 200, 2, 207, 201, 186, 207, 186, 191, 207, 191, 196, 208, 192, 198, 208, 187, 192, 208, 202, 187, 209, 203, 193, 210, 204, 189, 210, 189, 194, 210, 194, 200, 211, 205, 195, 212, 206, 2, 213, 207, 196, 214, 18, 17, 214, 19, 18, 214, 20, 19, 214, 17, 197, 215, 208, 198, 216, 193, 199, 216, 209, 193, 217, 200, 206, 217, 210, 200, 218, 195, 201, 218, 211, 195, 219, 212, 2, 220, 202, 208, 220, 196, 202, 220, 213, 196, 221, 203, 209, 221, 214, 197, 221, 197, 203, 222, 215, 198, 222, 198, 204, 223, 205, 211, 223, 216, 199, 223, 199, 205, 224, 217, 206, 225, 201, 207, 225, 218, 201, 226, 219, 2, 227, 220, 208, 228, 221, 209, 229, 204, 210, 229, 222, 204, 230, 223, 211, 231, 212, 219, 231, 224, 206, 231, 206, 212, 232, 213, 220, 232, 207, 213, 232, 225, 207, 233, 226, 2, 234, 21, 20, 234, 20, 214, 235, 208, 215, 235, 215, 222, 235, 227, 208, 236, 228, 209, 236, 209, 216, 237, 210, 217, 237, 229, 210, 238, 230, 211, 238, 211, 218, 239, 231, 219, 240, 232, 220, 241, 233, 2, 242, 214, 221, 242, 234, 214, 243, 235, 222, 244, 236, 216, 244, 223, 230, 244, 216, 223, 245, 217, 224, 245, 237, 217, 246, 225, 232, 246, 238, 218, 246, 218, 225, 247, 219, 226, 247, 239, 219, 248, 240, 220, 248, 220, 227, 249, 241, 2, 250, 242, 221, 250, 221, 228, 251, 222, 229, 251, 243, 222, 252, 230, 238, 252, 244, 230, 253, 224, 231, 253, 231, 239, 253, 245, 224, 254, 246, 232, 255, 233, 241, 255, 226, 233, 255, 247, 226, 256, 227, 235, 256, 248, 227, 257, 249, 2, 258, 236, 244, 258, 228, 236, 258, 250, 228, 259, 229, 237, 259, 237, 245, 259, 251, 229, 260, 252, 238, 261, 253, 239, 262, 254, 232, 262, 232, 240, 263, 241, 249, 263, 255, 241, 264, 235, 243, 264, 256, 235, 264, 243, 251, 265, 257, 2, 265, 2, 78, 266, 258, 244, 267, 259, 245, 268, 238, 246, 268, 260, 238, 269, 261, 239, 269, 239, 247, 270, 262, 240, 270, 248, 256, 270, 240, 248, 271, 263, 249, 272, 264, 251, 273, 265, 78, 274, 266, 244, 274, 244, 252, 275, 267, 245, 275, 245, 253, 276, 246, 254, 276, 268, 246, 277, 269, 247, 277, 247, 255, 278, 26, 25, 279, 270, 256, 280, 249, 257, 280, 271, 249, 281, 272, 251, 281, 251, 259, 282, 273, 78, 283, 274, 252, 283, 252, 260, 284, 275, 253, 284, 253, 261, 285, 254, 262, 285, 276, 254, 286, 255, 263, 286, 277, 255, 287, 264, 272, 287, 256, 264, 287, 279, 256, 288, 280, 257, 288, 257, 265, 289, 267, 275, 289, 281, 259, 289, 259, 267, 290, 282, 78, 291, 260, 268, 291, 283, 260, 292, 261, 269, 292, 269, 277, 292, 284, 261, 293, 262, 270, 293, 285, 262, 294, 286, 263, 294, 263, 271, 295, 287, 272, 296, 273, 282, 296, 265, 273, 296, 288, 265, 297, 289, 275, 298, 290, 78, 299, 268, 276, 299, 291, 268, 300, 292, 277, 300, 277, 286, 301, 270, 279, 301, 293, 270, 302, 294, 271, 302, 271, 280, 302, 280, 288, 303, 295, 272, 303, 272, 281, 304, 282, 290, 304, 296, 282, 305, 297, 275, 305, 275, 284, 306, 298, 78, 307, 285, 293, 307, 299, 276, 307, 276, 285, 308, 300, 286, 309, 279, 287, 309, 301, 279, 310, 302, 288, 311, 281, 289, 311, 303, 281, 312, 304, 290, 313, 305, 284, 313, 284, 292, 314, 306, 78, 315, 307, 293, 316, 286, 294, 316, 308, 286, 317, 287, 295, 317, 309, 287, 318, 288, 296, 318, 310, 288, 319, 297, 305, 319, 289, 297, 319, 311, 289, 320, 298, 306, 320, 312, 290, 320, 290, 298, 321, 313, 292, 321, 292, 300, 322, 314, 78, 323, 31, 30, 324, 301, 309, 324, 293, 301, 324, 315, 293, 325, 316, 294, 325, 294, 302, 326, 295, 303, 326, 317, 295, 326, 303, 311, 327, 296, 304, 327, 318, 296, 328, 319, 305, 329, 320, 306, 330, 321, 300, 330, 300, 308, 331, 322, 78, 332, 324, 309, 333, 325, 302, 333, 310, 318, 333, 302, 310, 334, 326, 311, 335, 304, 312, 335, 327, 304, 336, 328, 305, 336, 305, 313, 337, 329, 306, 337, 306, 314, 338, 316, 325, 338, 308, 316, 338, 330, 308, 339, 331, 78, 340, 332, 309, 340, 309, 317, 341, 333, 318, 342, 334, 311, 342, 311, 319, 343, 335, 312, 343, 312, 320, 344, 313, 321, 344, 321, 330, 344, 336, 313, 345, 314, 322, 345, 337, 314, 346, 338, 325, 347, 339, 78, 348, 317, 326, 348, 340, 317, 349, 318, 327, 349, 341, 318, 350, 328, 336, 350, 319, 328, 350, 342, 319, 351, 329, 337, 351, 320, 329, 351, 343, 320, 352, 344, 330, 353, 345, 322, 353, 322, 331, 354, 346, 325, 354, 333, 341, 354, 325, 333, 355, 347, 78, 356, 326, 334, 356, 348, 326, 357, 327, 335, 357, 349, 327, 358, 350, 336, 358, 336, 344, 359, 351, 337, 360, 352, 330, 360, 330, 338, 361, 353, 331, 361, 331, 339, 362, 354, 341, 363, 355, 78, 364, 342, 350, 364, 356, 334, 364, 334, 342, 365, 335, 343, 365, 357, 335, 366, 358, 344, 367, 345, 353, 367, 337, 345, 367, 359, 337, 368, 360, 338, 368, 346, 354, 368, 338, 346, 369, 361, 339, 369, 339, 347, 370, 341, 349, 370, 362, 341, 371, 363, 78, 372, 350, 358, 372, 364, 350, 373, 343, 351, 373, 365, 343, 374, 366, 344, 374, 344, 352, 375, 367, 353, 376, 368, 354, 377, 369, 347, 377, 347, 355, 378, 349, 357, 378, 370, 349, 379, 371, 78, 380, 372, 358, 381, 373, 351, 381, 351, 359, 381, 359, 367, 382, 352, 360, 382, 374, 352, 383, 361, 369, 383, 353, 361, 383, 375, 353, 384, 354, 362, 384, 376, 354, 385, 355, 363, 385, 377, 355, 386, 357, 365, 386, 378, 357, 387, 379, 78, 388, 380, 358, 388, 366, 374, 388, 358, 366, 389, 381, 367, 390, 382, 360, 390, 368, 376, 390, 360, 368, 391, 383, 369, 391, 369, 377, 392, 384, 362, 392, 362, 370, 393, 363, 371, 393, 371, 379, 393, 385, 363, 394, 386, 365, 394, 365, 373, 395, 387, 78, 396, 388, 374, 397, 375, 383, 397, 367, 375, 397, 389, 367, 398, 390, 376, 398, 376, 384, 399, 391, 377, 400, 370, 378, 400, 392, 370, 401, 393, 379, 402, 394, 373, 402, 373, 381, 403, 395, 78, 404, 396, 374, 404, 374, 382, 405, 397, 383, 406, 398, 384, 407, 377, 385, 407, 399, 377, 408, 400, 378, 408, 378, 386, 409, 379, 387, 409, 401, 379, 410, 402, 381, 410, 381, 389, 410, 389, 397, 411, 403, 78, 412, 40, 39, 413, 382, 390, 413, 404, 382, 413, 390, 398, 414, 405, 383, 414, 383, 391, 415, 384, 392, 415, 392, 400, 415, 406, 384, 416, 407, 385, 416, 385, 393, 416, 393, 401, 417, 386, 394, 417, 408, 386, 417, 394, 402, 418, 409, 387, 418, 387, 395, 419, 397, 405, 419, 410, 397, 420, 411, 78, 421, 413, 398, 421, 398, 406, 422, 414, 391, 422, 399, 407, 422, 391, 399, 423, 415, 400, 424, 416, 401, 424, 401, 409, 425, 417, 402, 426, 418, 395, 426, 395, 403, 427, 419, 405, 428, 420, 78, 429, 421, 406, 430, 422, 407, 431, 423, 400, 431, 408, 417, 431, 400, 408, 432, 424, 409, 433, 410, 419, 433, 425, 402, 433, 402, 410, 434, 403, 411, 434, 426, 403, 435, 405, 414, 435, 414, 422, 435, 427, 405, 436, 428, 78, 437, 415, 423, 437, 429, 406, 437, 406, 415, 438, 407, 416, 438, 430, 407, 438, 416, 424, 439, 431, 417, 439, 417, 425, 440, 409, 418, 440, 432, 409, 441, 433, 419, 442, 434, 411, 442, 411, 420, 443, 435, 422, 443, 422, 430, 444, 436, 78, 444, 78, 79, 445, 437, 423, 446, 438, 424, 447, 439, 425, 448, 440, 418, 448, 418, 426, 448, 426, 434, 449, 419, 427, 449, 441, 419, 450, 442, 420, 450, 420, 428, 451, 443, 430, 452, 444, 79, 452, 79, 80, 452, 80, 81, 452, 81, 82, 453, 445, 423, 453, 423, 431, 454, 424, 432, 454, 432, 440, 454, 446, 424, 455, 425, 433, 455, 433, 441, 455, 447, 425, 456, 434, 442, 456, 448, 434, 457, 45, 44, 458, 427, 435, 458, 435, 443, 458, 449, 427, 459, 428, 436, 459, 450, 428, 460, 451, 430, 460, 430, 438, 461, 453, 431, 461, 431, 439, 462, 454, 440, 463, 455, 441, 464, 456, 442, 465, 458, 443, 466, 436, 444, 466, 459, 436, 467, 460, 438, 467, 438, 446, 467, 446, 454, 468, 447, 455, 468, 439, 447, 468, 461, 439, 469, 448, 456, 469, 462, 440, 469, 440, 448, 470, 449, 458, 470, 441, 449, 470, 463, 441, 471, 442, 450, 471, 464, 442, 472, 443, 451, 472, 465, 443, 473, 466, 444, 473, 452, 82, 473, 444, 452, 473, 82, 83, 473, 83, 84, 474, 467, 454, 475, 468, 455, 476, 469, 456, 477, 470, 458, 478, 459, 466, 478, 450, 459, 478, 471, 450, 479, 472, 451, 479, 460, 467, 479, 451, 460, 480, 454, 462, 480, 474, 454, 481, 475, 455, 481, 455, 463, 482, 456, 464, 482, 476, 456, 483, 465, 472, 483, 477, 458, 483, 458, 465, 484, 466, 473, 484, 478, 466, 485, 467, 474, 485, 479, 467, 486, 469, 476, 486, 462, 469, 486, 480, 462, 487, 463, 470, 487, 481, 463, 487, 470, 477, 488, 471, 478, 488, 482, 464, 488, 464, 471, 489, 472, 479, 489, 483, 472, 490, 484, 473, 490, 473, 84, 490, 84, 85, 490, 85, 86, 491, 485, 474, 492, 476, 482, 492, 486, 476, 493, 487, 477, 494, 488, 478, 495, 479, 485, 495, 489, 479, 496, 474, 480, 496, 491, 474, 497, 492, 482, 498, 477, 483, 498, 493, 477, 499, 478, 484, 499, 494, 478, 500, 495, 485, 501, 496, 480, 501, 486, 492, 501, 480, 486, 502, 482, 488, 502, 488, 494, 502, 497, 482, 503, 483, 489, 503, 498, 483, 504, 499, 484, 504, 490, 86, 504, 86, 87, 504, 87, 88, 504, 88, 89, 504, 484, 490, 505, 485, 491, 505, 500, 485, 505, 491, 496, 506, 501, 492, 507, 502, 494, 507, 494, 499, 508, 495, 500, 508, 503, 489, 508, 489, 495, 509, 505, 496, 509, 496, 501, 510, 506, 492, 510, 492, 497, 511, 507, 499, 512, 508, 500, 513, 509, 501, 514, 510, 497, 514, 502, 507, 514, 497, 502, 515, 504, 89, 515, 511, 499, 515, 89, 90, 515, 90, 91, 515, 499, 504, 516, 505, 509, 516, 512, 500, 516, 500, 505, 517, 501, 506, 517, 513, 501, 518, 54, 53, 519, 514, 507, 519, 507, 511, 520, 509, 513, 520, 516, 509, 521, 506, 510, 521, 510, 514, 521, 517, 506, 522, 519, 511, 522, 511, 515, 523, 520, 513, 524, 521, 514, 525, 515, 91, 525, 522, 515, 525, 91, 92, 525, 92, 93, 526, 523, 513, 526, 513, 517, 527, 514, 519, 527, 524, 514, 528, 517, 521, 528, 526, 517, 529, 519, 522, 529, 527, 519, 530, 528, 521, 530, 521, 524, 530, 524, 527, 531, 529, 522, 531, 522, 525, 531, 525, 93, 531, 93, 94, 531, 94, 95, 531, 95, 96, 532, 59, 58, 533, 530, 527, 534, 527, 529, 534, 533, 527, 535, 529, 531, 535, 531, 96, 535, 534, 529, 535, 96, 97, 536, 101, 102, 537, 106, 107, 538, 115, 116, 539, 120, 121, 540, 129, 130, 541, 134, 135, 542, 22, 21, 542, 21, 234, 542, 234, 242, 543, 22, 542, 544, 242, 250, 544, 543, 542, 544, 542, 242, 545, 24, 23, 545, 25, 24, 546, 278, 25, 546, 25, 545, 546, 545, 547, 546, 547, 548, 546, 548, 278, 549, 550, 258, 549, 258, 266, 551, 27, 26, 551, 26, 278, 551, 278, 548, 552, 27, 551, 552, 28, 27, 553, 266, 274, 553, 549, 266, 553, 554, 555, 556, 551, 548, 556, 552, 551, 557, 274, 283, 557, 558, 554, 557, 553, 274, 557, 554, 553, 559, 283, 291, 559, 557, 283, 559, 560, 558, 559, 558, 557, 561, 323, 30, 561, 30, 29, 561, 562, 323, 561, 29, 563, 561, 563, 564, 565, 291, 299, 565, 566, 560, 565, 559, 291, 565, 560, 559, 567, 566, 565, 567, 299, 307, 567, 568, 566, 567, 565, 299, 569, 32, 31, 569, 31, 323, 570, 571, 568, 570, 568, 567, 570, 567, 307, 570, 307, 315, 572, 569, 323, 572, 323, 562, 573, 569, 572, 573, 32, 569, 574, 315, 324, 574, 570, 315, 574, 571, 570, 574, 575, 571, 576, 575, 574, 576, 324, 332, 576, 574, 324, 576, 577, 575, 578, 332, 340, 578, 576, 332, 578, 577, 576, 578, 579, 577, 578, 580, 579, 581, 34, 33, 582, 583, 584, 582, 34, 581, 582, 581, 585, 582, 35, 34, 582, 584, 35, 586, 584, 583, 586, 36, 35, 586, 35, 584, 587, 36, 586, 588, 587, 586, 589, 590, 591, 589, 591, 592, 589, 592, 372, 589, 372, 380, 593, 39, 38, 594, 39, 593, 594, 593, 595, 594, 412, 39, 594, 596, 412, 597, 598, 590, 597, 380, 388, 597, 589, 380, 597, 590, 589, 599, 388, 396, 599, 598, 597, 599, 597, 388, 599, 600, 598, 601, 40, 412, 601, 41, 40, 601, 412, 596, 602, 396, 404, 602, 599, 396, 602, 600, 599, 602, 603, 600, 604, 41, 601, 605, 604, 601, 606, 602, 404, 606, 607, 603, 606, 404, 413, 606, 603, 602, 608, 609, 607, 608, 413, 421, 608, 606, 413, 608, 607, 606, 610, 609, 608, 610, 608, 421, 610, 421, 429, 610, 611, 609, 612, 43, 613, 612, 614, 457, 612, 457, 44, 612, 44, 43, 612, 613, 615, 616, 590, 598, 617, 610, 429, 617, 611, 610, 617, 618, 611, 617, 429, 437, 619, 616, 598, 619, 598, 600, 620, 621, 618, 620, 618, 617, 620, 617, 437, 620, 437, 445, 622, 45, 457, 622, 457, 614, 623, 624, 619, 623, 625, 624, 623, 619, 600, 623, 600, 603, 626, 45, 622, 626, 46, 45, 627, 621, 620, 627, 620, 445, 627, 445, 453, 627, 628, 621, 629, 626, 622, 630, 625, 623, 630, 623, 603, 630, 603, 607, 630, 631, 625, 632, 627, 453, 632, 453, 461, 632, 628, 627, 632, 633, 628, 634, 607, 609, 634, 631, 630, 634, 635, 631, 634, 630, 607, 636, 637, 633, 636, 633, 632, 636, 632, 461, 636, 461, 468, 638, 639, 635, 638, 634, 609, 638, 609, 611, 638, 635, 634, 640, 641, 49, 640, 49, 48, 640, 642, 641, 640, 48, 643, 640, 643, 644, 645, 637, 636, 645, 468, 475, 645, 636, 468, 645, 646, 637, 647, 648, 639, 647, 611, 618, 647, 639, 638, 647, 638, 611, 649, 645, 475, 649, 646, 645, 649, 650, 646, 649, 475, 481, 651, 49, 641, 651, 641, 642, 651, 50, 49, 652, 618, 621, 652, 653, 648, 652, 647, 618, 652, 648, 647, 654, 51, 50, 654, 50, 651, 655, 481, 487, 655, 649, 481, 655, 656, 650, 655, 650, 649, 657, 654, 651, 658, 659, 653, 658, 652, 621, 658, 653, 652, 658, 621, 628, 660, 656, 655, 660, 661, 656, 660, 487, 493, 660, 655, 487, 662, 658, 628, 662, 659, 658, 662, 628, 633, 662, 663, 659, 664, 660, 493, 664, 493, 498, 664, 661, 660, 664, 665, 661, 666, 662, 633, 667, 664, 498, 667, 668, 665, 667, 498, 503, 667, 665, 664, 669, 53, 52, 669, 518, 53, 669, 52, 670, 671, 672, 518, 671, 518, 669, 671, 669, 670, 673, 674, 668, 673, 668, 667, 673, 667, 503, 673, 503, 508, 675, 518, 672, 675, 54, 518, 675, 55, 54, 676, 674, 673, 676, 673, 508, 676, 508, 512, 676, 677, 674, 678, 55, 675, 679, 678, 675, 679, 675, 672, 680, 512, 516, 680, 676, 512, 680, 677, 676, 680, 681, 677, 682, 683, 681, 682, 516, 520, 682, 681, 680, 682, 680, 516, 684, 682, 520, 684, 520, 523, 684, 685, 683, 684, 683, 682, 686, 57, 56, 687, 688, 689, 690, 686, 687, 690, 687, 689, 690, 58, 57, 690, 689, 532, 690, 532, 58, 690, 57, 686, 691, 692, 685, 691, 523, 526, 691, 685, 684, 691, 684, 523, 693, 692, 691, 693, 526, 528, 693, 694, 692, 693, 691, 526, 695, 696, 697, 695, 698, 696, 699, 59, 532, 699, 532, 689, 700, 59, 699, 700, 60, 59, 701, 693, 528, 701, 528, 530, 702, 698, 695, 702, 703, 698, 702, 704, 705, 706, 700, 699, 707, 706, 699, 707, 699, 689, 708, 701, 530, 709, 710, 703, 709, 703, 702, 709, 702, 705, 709, 705, 711, 712, 535, 97, 712, 534, 535, 712, 97, 98, 713, 533, 534, 713, 534, 712, 714, 706, 707, 715, 712, 98, 715, 713, 712, 716, 714, 707, 717, 711, 718, 717, 709, 711, 717, 719, 710, 717, 710, 709, 720, 714, 716, 721, 720, 716, 722, 723, 719, 722, 718, 724, 722, 717, 718, 722, 719, 717, 725, 720, 721, 726, 725, 721, 727, 724, 728, 727, 723, 722, 727, 729, 723, 727, 722, 724, 730, 692, 694, 731, 100, 101, 731, 99, 100, 732, 725, 726, 733, 727, 728, 733, 729, 727, 733, 728, 734, 733, 735, 729, 736, 732, 726, 737, 738, 731, 737, 731, 101, 737, 101, 536, 737, 536, 739, 737, 739, 738, 740, 732, 736, 741, 734, 742, 741, 735, 733, 741, 743, 735, 741, 733, 734, 744, 740, 736, 745, 740, 744, 746, 102, 103, 746, 536, 102, 746, 739, 536, 747, 739, 746, 748, 741, 742, 748, 742, 749, 748, 750, 743, 748, 743, 741, 751, 745, 744, 752, 103, 104, 752, 746, 103, 752, 747, 746, 753, 745, 751, 754, 755, 750, 754, 750, 748, 754, 748, 749, 754, 749, 756, 754, 756, 757, 758, 753, 751, 759, 758, 751, 760, 758, 759, 760, 753, 758, 761, 762, 763, 764, 760, 759, 765, 757, 766, 765, 755, 754, 765, 767, 755, 765, 754, 757, 765, 768, 767, 769, 760, 764, 770, 761, 771, 770, 772, 762, 770, 762, 761, 770, 771, 773, 774, 105, 106, 774, 775, 776, 774, 776, 105, 774, 106, 537, 774, 537, 777, 778, 769, 764, 779, 766, 780, 779, 768, 765, 779, 781, 768, 779, 765, 766, 782, 769, 778, 783, 772, 770, 783, 770, 773, 783, 773, 784, 783, 785, 772, 786, 777, 537, 787, 780, 788, 787, 779, 780, 787, 781, 779, 787, 789, 781, 790, 782, 778, 791, 107, 108, 791, 786, 537, 791, 537, 107, 792, 791, 108, 792, 786, 791, 793, 794, 785, 793, 785, 783, 793, 784, 795, 793, 783, 784, 796, 782, 790, 797, 798, 789, 797, 789, 787, 797, 788, 799, 797, 787, 788, 800, 796, 790, 801, 795, 802, 801, 793, 795, 801, 794, 793, 801, 803, 794, 804, 796, 800, 805, 797, 799, 805, 799, 763, 805, 798, 797, 805, 806, 798, 807, 804, 800, 808, 801, 802, 808, 809, 803, 808, 802, 810, 808, 803, 801, 811, 804, 807, 812, 806, 805, 812, 805, 763, 812, 813, 806, 812, 763, 762, 814, 811, 807, 815, 810, 816, 815, 817, 809, 815, 809, 808, 815, 808, 810, 818, 814, 807, 819, 109, 110, 820, 813, 812, 820, 812, 762, 820, 762, 772, 820, 821, 813, 822, 811, 814, 822, 814, 818, 823, 110, 111, 823, 819, 110, 823, 824, 819, 823, 111, 825, 823, 825, 826, 827, 817, 815, 827, 815, 816, 827, 828, 817, 827, 816, 829, 830, 822, 818, 831, 820, 772, 831, 821, 820, 831, 772, 785, 831, 832, 821, 833, 822, 830, 834, 111, 112, 834, 825, 111, 834, 826, 825, 835, 828, 827, 835, 827, 829, 835, 836, 828, 835, 829, 837, 838, 833, 830, 839, 831, 785, 839, 840, 832, 839, 785, 794, 839, 832, 831, 841, 842, 834, 841, 834, 112, 843, 833, 838, 844, 836, 835, 845, 833, 843, 846, 847, 840, 846, 840, 839, 846, 839, 794, 846, 794, 803, 848, 843, 838, 848, 845, 843, 849, 848, 838, 850, 851, 847, 850, 803, 809, 850, 847, 846, 850, 846, 803, 852, 849, 838, 853, 114, 115, 854, 809, 817, 854, 851, 850, 854, 850, 809, 854, 855, 851, 856, 853, 115, 856, 857, 853, 856, 115, 538, 856, 538, 858, 859, 854, 817, 859, 855, 854, 859, 817, 828, 859, 860, 855, 861, 860, 859, 861, 862, 860, 861, 859, 828, 861, 828, 836, 863, 116, 117, 863, 538, 116, 863, 858, 538, 864, 865, 863, 864, 863, 117, 866, 862, 861, 866, 836, 867, 866, 868, 862, 866, 861, 836, 869, 866, 867, 869, 870, 868, 869, 868, 866, 869, 867, 871, 872, 119, 120, 872, 539, 873, 872, 120, 539, 872, 874, 119, 872, 875, 874, 876, 873, 539, 876, 539, 121, 877, 121, 122, 877, 876, 121, 877, 878, 876, 879, 880, 881, 879, 882, 883, 879, 881, 884, 879, 883, 880, 885, 884, 886, 885, 879, 884, 885, 882, 879, 885, 887, 882, 888, 889, 890, 891, 886, 892, 891, 885, 886, 891, 887, 885, 891, 893, 887, 894, 124, 125, 894, 895, 124, 894, 125, 896, 894, 896, 897, 894, 898, 895, 899, 900, 893, 899, 892, 901, 899, 891, 892, 899, 893, 891, 902, 125, 126, 902, 896, 125, 902, 897, 896, 903, 904, 900, 903, 899, 901, 903, 901, 905, 903, 900, 899, 906, 907, 902, 906, 902, 126, 906, 126, 127, 908, 909, 904, 908, 904, 903, 908, 903, 905, 908, 905, 910, 911, 912, 909, 911, 909, 908, 911, 908, 910, 911, 910, 913, 914, 912, 911, 914, 911, 913, 914, 913, 915, 914, 916, 912, 917, 540, 918, 919, 129, 540, 919, 920, 128, 919, 128, 129, 919, 917, 920, 919, 540, 917, 921, 922, 916, 921, 916, 914, 923, 922, 921, 924, 918, 540, 924, 540, 130, 924, 130, 131, 925, 918, 924, 926, 924, 131, 926, 925, 924, 927, 928, 929, 930, 132, 133, 931, 928, 927, 931, 541, 928, 931, 133, 134, 931, 134, 541, 931, 927, 930, 931, 930, 133, 932, 933, 934, 935, 928, 541, 935, 936, 928, 935, 541, 135, 937, 933, 932, 938, 936, 935, 939, 940, 941, 942, 943, 944, 945, 936, 938, 945, 946, 936, 947, 937, 932, 948, 949, 940, 948, 940, 939, 950, 951, 943, 950, 943, 942, 952, 946, 945, 952, 953, 946, 954, 949, 948, 954, 947, 932, 954, 932, 949, 955, 951, 950, 955, 956, 951, 957, 953, 952, 957, 958, 953, 959, 956, 955, 959, 960, 956, 961, 958, 957, 961, 962, 958, 963, 964, 960, 963, 960, 959, 965, 966, 962, 965, 962, 961, 967, 937, 947, 967, 947, 954, 968, 941, 964, 968, 964, 963, 969, 966, 965, 969, 944, 966, 970, 935, 135, 970, 938, 935, 970, 135, 136, 971, 939, 941, 971, 948, 939, 971, 941, 968, 972, 942, 944, 972, 944, 969, 972, 950, 942, 973, 258, 550, 973, 250, 258, 973, 544, 250, 974, 973, 550, 975, 976, 977, 978, 979, 562, 978, 562, 561, 978, 561, 564, 978, 564, 975, 980, 572, 562, 980, 562, 979, 981, 573, 572, 981, 572, 980, 982, 554, 558, 983, 982, 558, 983, 558, 560, 984, 573, 981, 985, 986, 987, 985, 988, 986, 989, 984, 990, 991, 988, 985, 992, 348, 356, 992, 372, 592, 992, 356, 364, 992, 364, 372, 993, 585, 989, 993, 583, 582, 993, 582, 585, 993, 994, 583, 995, 348, 992, 995, 340, 348, 995, 578, 340, 995, 580, 578, 995, 992, 592, 996, 36, 587, 996, 37, 36, 997, 588, 586, 997, 583, 994, 997, 586, 583, 998, 987, 986, 999, 986, 988, 999, 998, 986, 1000, 38, 37, 1000, 37, 996, 1000, 593, 38, 1001, 1002, 1003, 1001, 580, 995, 1001, 995, 592, 1001, 1003, 580, 1001, 592, 591, 1001, 591, 1002, 1004, 588, 997, 1005, 1004, 1006, 1007, 1008, 1009, 1007, 1009, 1010, 1011, 1008, 1007, 1012, 591, 1013, 1012, 1003, 1002, 1012, 1002, 591, 1014, 1015, 596, 1014, 594, 595, 1014, 596, 594, 1014, 595, 1005, 1016, 1017, 1018, 1016, 1018, 1010, 1019, 42, 41, 1019, 41, 604, 1020, 596, 1015, 1020, 601, 596, 1020, 605, 601, 1021, 1022, 1023, 1024, 613, 43, 1024, 43, 42, 1024, 42, 1019, 1025, 1026, 1027, 1025, 1027, 1028, 1029, 605, 1020, 1030, 1013, 591, 1030, 590, 616, 1030, 591, 590, 1031, 1029, 1032, 1033, 1034, 1035, 1036, 612, 615, 1036, 615, 1031, 1036, 1037, 614, 1036, 614, 612, 1038, 1027, 1026, 1038, 1039, 1027, 1040, 629, 622, 1040, 614, 1037, 1040, 622, 614, 1041, 46, 626, 1041, 47, 46, 1042, 1043, 1044, 1042, 1045, 1043, 1046, 629, 1040, 1047, 1035, 1034, 1047, 1048, 1035, 1049, 1046, 1050, 1051, 644, 1049, 1051, 1052, 642, 1051, 642, 640, 1051, 640, 644, 1053, 1054, 1055, 1053, 1055, 1056, 1057, 1043, 1045, 1058, 1045, 1059, 1058, 1057, 1045, 1060, 657, 651, 1060, 642, 1052, 1060, 651, 642, 1061, 657, 1060, 1062, 1055, 1054, 1062, 1063, 1055, 1064, 633, 637, 1064, 666, 633, 1064, 637, 646, 1065, 1066, 1067, 1065, 1068, 1066, 1069, 1061, 1070, 1071, 1072, 1073, 1071, 1073, 1074, 1075, 1066, 1068, 1076, 1068, 1077, 1076, 1075, 1068, 1078, 1079, 1073, 1078, 1073, 1072, 1080, 688, 687, 1080, 1081, 697, 1080, 697, 696, 1080, 696, 688, 1082, 718, 711, 1082, 711, 705, 1083, 718, 1082, 1084, 1085, 1086, 1084, 1087, 1085, 1088, 677, 681, 1089, 1090, 1091, 1092, 1090, 1089, 1093, 1094, 1095, 1093, 1095, 1085, 1096, 530, 533, 1096, 708, 530, 1096, 533, 713, 1097, 700, 706, 1097, 60, 700, 1097, 61, 60, 1097, 706, 714, 1097, 714, 720, 1098, 1099, 1100, 1101, 61, 1097, 1101, 62, 61, 1102, 1091, 1090, 1102, 1103, 1091, 1104, 1105, 1106, 1104, 1106, 1107, 1108, 708, 1096, 1109, 720, 725, 1109, 1101, 1097, 1109, 1097, 720, 1110, 688, 696, 1110, 696, 698, 1111, 1112, 1113, 1111, 1114, 1112, 1115, 1101, 1109, 1115, 62, 1101, 1115, 63, 62, 1116, 726, 721, 1116, 1110, 698, 1117, 1115, 1109, 1117, 63, 1115, 1117, 1109, 725, 1118, 1119, 1120, 1121, 725, 732, 1121, 1117, 725, 1122, 726, 1116, 1122, 698, 703, 1122, 1116, 698, 1123, 64, 63, 1123, 63, 1117, 1123, 1117, 1121, 1124, 726, 1122, 1124, 736, 726, 1125, 1126, 1127, 1125, 1128, 1126, 1129, 1123, 1121, 1130, 703, 710, 1130, 1122, 703, 1130, 1124, 1122, 1131, 1132, 1112, 1131, 1112, 1114, 1133, 1124, 1130, 1134, 64, 1123, 1134, 1123, 1129, 1135, 1136, 1126, 1137, 1134, 1129, 1138, 1135, 1126, 1138, 1126, 1128, 1139, 1134, 1137, 1140, 1141, 1133, 1140, 1133, 1130, 1140, 1130, 710, 1142, 1120, 1119, 1143, 1140, 710, 1143, 710, 719, 1144, 1119, 1145, 1144, 1142, 1119, 1146, 1147, 1148, 1149, 1150, 1151, 1152, 1140, 1143, 1153, 1139, 1137, 1154, 1147, 1146, 1155, 1152, 1143, 1156, 1139, 1153, 1157, 1152, 1155, 1158, 1156, 1153, 1159, 774, 777, 1159, 775, 774, 1159, 1149, 775, 1159, 777, 1160, 1161, 1162, 1163, 1164, 1165, 1157, 1166, 1162, 1161, 1167, 1158, 1168, 1169, 1165, 1164, 1170, 777, 786, 1170, 1160, 777, 1171, 1172, 1148, 1171, 1148, 1147, 1173, 786, 792, 1173, 1170, 786, 1174, 1167, 1168, 1175, 1169, 1164, 1176, 1167, 1174, 1177, 1173, 792, 1178, 1176, 1174, 1179, 1176, 1178, 1180, 1181, 1175, 1182, 1183, 1177, 1184, 1162, 1185, 1186, 829, 1187, 1186, 837, 829, 1188, 1184, 1185, 1189, 1180, 1190, 1191, 1179, 1178, 1192, 824, 823, 1192, 823, 826, 1192, 1182, 824, 1192, 826, 1193, 1194, 1179, 1191, 1195, 1196, 1189, 1197, 826, 834, 1197, 834, 842, 1197, 1193, 826, 1198, 1199, 1200, 1198, 1201, 1199, 1202, 1197, 842, 1203, 1204, 1202, 1205, 112, 113, 1205, 841, 112, 1206, 1207, 1199, 1206, 1199, 1201, 1208, 113, 114, 1208, 114, 853, 1208, 1205, 113, 1209, 857, 856, 1209, 856, 858, 1209, 1203, 857, 1209, 858, 1210, 1211, 867, 836, 1211, 836, 844, 1211, 871, 867, 1212, 1213, 1214, 1215, 858, 863, 1215, 863, 865, 1215, 1210, 858, 1216, 1213, 1212, 1217, 1215, 865, 1218, 1219, 1220, 1218, 1221, 1214, 1218, 1220, 1221, 1222, 1223, 1217, 1224, 864, 117, 1224, 117, 118, 1225, 1226, 1227, 1225, 1227, 1228, 1225, 889, 1226, 1229, 873, 1230, 1229, 872, 873, 1229, 875, 872, 1229, 1222, 875, 1231, 1232, 1233, 1234, 118, 119, 1234, 1224, 118, 1234, 119, 874, 1235, 881, 880, 1235, 1236, 881, 1235, 1237, 1236, 1235, 1238, 1237, 1239, 869, 871, 1239, 870, 869, 1239, 1235, 880, 1239, 1240, 870, 1239, 871, 1238, 1239, 1238, 1235, 1241, 873, 876, 1241, 1230, 873, 1241, 876, 878, 1242, 1241, 878, 1243, 901, 892, 1244, 1245, 1240, 1244, 1246, 1245, 1244, 1240, 1239, 1244, 880, 883, 1244, 883, 1246, 1244, 1239, 880, 1247, 1248, 1249, 1247, 1250, 1248, 1251, 1252, 1242, 1253, 122, 123, 1253, 877, 122, 1254, 913, 910, 1255, 897, 1256, 1255, 1251, 898, 1255, 894, 897, 1255, 898, 894, 1257, 902, 907, 1257, 897, 902, 1257, 1256, 897, 1258, 1257, 907, 1259, 1260, 1258, 1261, 1262, 1263, 1264, 1261, 1265, 1266, 1267, 1264, 1268, 1266, 1269, 1270, 1268, 1269, 1270, 1269, 1271, 1272, 904, 909, 1273, 1271, 1274, 1273, 1274, 1272, 1275, 922, 923, 1275, 923, 1276, 1275, 927, 929, 1275, 929, 922, 1277, 1273, 1272, 1277, 1272, 909, 1278, 909, 912, 1278, 1277, 909, 1279, 1277, 1278, 1279, 1280, 1277, 1281, 912, 916, 1281, 1278, 912, 1282, 1278, 1281, 1282, 1279, 1278, 1282, 1281, 958, 1282, 958, 962, 1283, 916, 922, 1283, 922, 929, 1284, 958, 1281, 1284, 1281, 916, 1284, 916, 1283, 1284, 953, 958, 1285, 945, 938, 1285, 938, 970, 1285, 952, 945, 1285, 136, 137, 1285, 970, 136, 1286, 1285, 137, 1286, 137, 138, 1287, 1285, 1286, 1287, 957, 952, 1287, 952, 1285, 1288, 138, 139, 1288, 1286, 138, 1288, 1287, 1286, 1289, 1288, 139, 1289, 957, 1287, 1289, 1287, 1288, 1290, 957, 1289, 1290, 961, 957, 1291, 139, 140, 1291, 1289, 139, 1291, 1290, 1289, 1292, 1290, 1291, 1293, 1291, 140, 1293, 1292, 1291, 1294, 1292, 1293, 1295, 1296, 1294, 1295, 1294, 1293, 1297, 1296, 1295, 1298, 1296, 1297, 1299, 1300, 1298, 1301, 1300, 1299, 1302, 1301, 1299, 1303, 1301, 1302, 1304, 1303, 1302, 1304, 1305, 1303, 1306, 1305, 1304, 1307, 23, 22, 1307, 22, 543, 1307, 545, 23, 1307, 973, 974, 1307, 547, 545, 1307, 543, 544, 1307, 544, 973, 1307, 974, 547, 1308, 974, 550, 1308, 550, 549, 1309, 977, 976, 1310, 29, 28, 1310, 556, 976, 1310, 28, 552, 1310, 552, 556, 1310, 563, 29, 1310, 564, 563, 1310, 976, 975, 1310, 975, 564, 1311, 978, 975, 1311, 979, 978, 1311, 975, 977, 1312, 1313, 1314, 1312, 554, 982, 1315, 979, 1316, 1315, 980, 979, 1315, 981, 980, 1317, 983, 560, 1317, 560, 566, 1317, 566, 568, 1318, 985, 987, 1318, 1314, 1313, 1318, 1313, 985, 1319, 990, 984, 1319, 984, 981, 1319, 981, 1315, 1320, 989, 585, 1320, 984, 989, 1320, 32, 573, 1320, 581, 33, 1320, 585, 581, 1320, 33, 32, 1320, 573, 984, 1321, 983, 1317, 1322, 994, 993, 1322, 1323, 994, 1322, 993, 989, 1324, 1325, 1326, 1324, 1326, 988, 1324, 988, 991, 1327, 987, 998, 1327, 1328, 1329, 1330, 588, 1004, 1330, 996, 587, 1330, 587, 588, 1331, 999, 988, 1331, 1326, 1325, 1331, 988, 1326, 1332, 1000, 996, 1332, 1330, 1004, 1332, 1004, 1005, 1332, 996, 1330, 1333, 1004, 997, 1333, 997, 994, 1333, 1006, 1004, 1333, 994, 1323, 1334, 1328, 1007, 1334, 1007, 1010, 1334, 1329, 1328, 1335, 1000, 1332, 1335, 593, 1000, 1335, 595, 593, 1335, 1332, 1005, 1335, 1005, 595, 1336, 1003, 1012, 1336, 580, 1003, 1336, 579, 580, 1337, 999, 1331, 1338, 1336, 1012, 1339, 1006, 1333, 1339, 1340, 1006, 1341, 1009, 1008, 1341, 1016, 1010, 1341, 1010, 1009, 1342, 1014, 1005, 1342, 1005, 1006, 1343, 1342, 1006, 1343, 1340, 1028, 1343, 1006, 1340, 1344, 1345, 1008, 1344, 1008, 1011, 1344, 1346, 1345, 1347, 1348, 1015, 1347, 1014, 1342, 1347, 1015, 1014, 1347, 1342, 1348, 1349, 1016, 1341, 1350, 1023, 1351, 1350, 1021, 1023, 1350, 1351, 1352, 1353, 1019, 604, 1353, 605, 1029, 1353, 604, 605, 1354, 1015, 1348, 1354, 1029, 1020, 1354, 1032, 1029, 1354, 1020, 1015, 1355, 1353, 1029, 1355, 1024, 1019, 1355, 1019, 1353, 1355, 1029, 1031, 1356, 1031, 615, 1356, 1355, 1031, 1356, 613, 1024, 1356, 1024, 1355, 1356, 615, 613, 1357, 1013, 1030, 1357, 1021, 1013, 1357, 1022, 1021, 1357, 1030, 1033, 1358, 1359, 1026, 1358, 1026, 1025, 1358, 1360, 1359, 1361, 1022, 1357, 1361, 1357, 1033, 1361, 1033, 1035, 1361, 1035, 1362, 1361, 1362, 1022, 1363, 1364, 1032, 1363, 1032, 1354, 1365, 616, 619, 1365, 619, 624, 1365, 624, 1034, 1365, 1033, 1030, 1365, 1034, 1033, 1365, 1030, 616, 1366, 1026, 1359, 1366, 1038, 1026, 1366, 1359, 1360, 1367, 1036, 1031, 1367, 1037, 1036, 1367, 1031, 1032, 1367, 1368, 1037, 1369, 1032, 1364, 1369, 1367, 1032, 1369, 1364, 1044, 1370, 1035, 1048, 1370, 1362, 1035, 1370, 1022, 1362, 1371, 1038, 1366, 1372, 1040, 1037, 1372, 1037, 1368, 1373, 1370, 1048, 1374, 629, 1046, 1374, 626, 629, 1374, 1041, 626, 1375, 1040, 1372, 1375, 1050, 1046, 1375, 1046, 1040, 1376, 1046, 1049, 1376, 1049, 644, 1376, 1374, 1046, 1376, 1041, 1374, 1377, 1378, 1059, 1377, 1045, 1042, 1377, 1059, 1045, 1379, 1055, 1380, 1379, 1380, 1381, 1379, 1056, 1055, 1382, 1383, 1384, 1382, 1043, 1057, 1385, 1053, 1386, 1387, 1049, 1050, 1387, 1052, 1051, 1387, 1388, 1052, 1387, 1051, 1049, 1389, 1380, 1055, 1389, 1381, 1380, 1389, 1055, 1063, 1390, 1059, 1378, 1390, 1058, 1059, 1390, 1378, 1391, 1392, 1384, 1383, 1392, 1383, 1067, 1393, 51, 654, 1393, 52, 51, 1393, 657, 1061, 1393, 654, 657, 1393, 1069, 670, 1393, 1061, 1069, 1393, 670, 52, 1394, 1389, 1063, 1395, 1061, 1060, 1395, 1060, 1052, 1395, 1052, 1388, 1395, 1070, 1061, 1396, 1058, 1390, 1397, 1064, 646, 1397, 650, 656, 1397, 646, 650, 1398, 1073, 1399, 1398, 1399, 1400, 1398, 1074, 1073, 1401, 1064, 1397, 1402, 1077, 1068, 1402, 1068, 1065, 1402, 1403, 1077, 1404, 1405, 1406, 1404, 662, 666, 1404, 663, 662, 1404, 1407, 1405, 1404, 1406, 663, 1404, 666, 1407, 1408, 1069, 1070, 1409, 1071, 1410, 1411, 659, 663, 1411, 663, 1406, 1411, 1406, 1412, 1411, 1412, 1413, 1411, 1413, 1414, 1415, 1399, 1073, 1415, 1400, 1399, 1415, 1073, 1079, 1416, 1066, 1075, 1416, 1075, 1417, 1416, 1417, 1418, 1419, 687, 686, 1419, 686, 56, 1419, 678, 679, 1419, 1080, 687, 1419, 56, 55, 1419, 55, 678, 1419, 679, 1081, 1419, 1081, 1080, 1420, 1415, 1079, 1421, 1422, 1423, 1421, 1405, 1407, 1421, 1423, 1405, 1424, 1403, 1425, 1424, 1076, 1077, 1424, 1077, 1403, 1426, 1406, 1405, 1426, 1412, 1406, 1426, 1405, 1423, 1427, 697, 1081, 1427, 695, 697, 1428, 1082, 705, 1428, 1418, 1417, 1429, 1413, 1086, 1430, 677, 1088, 1430, 668, 674, 1430, 674, 677, 1431, 1412, 1426, 1432, 1430, 1088, 1433, 1434, 1435, 1433, 1091, 1434, 1433, 1089, 1091, 1436, 1092, 1437, 1438, 681, 683, 1438, 1088, 681, 1438, 1106, 1105, 1438, 683, 1106, 1439, 1435, 1434, 1439, 1434, 1091, 1439, 1091, 1103, 1440, 718, 1083, 1440, 728, 724, 1440, 1083, 1441, 1440, 724, 718, 1442, 1443, 1087, 1442, 1087, 1084, 1442, 1444, 1443, 1445, 1087, 1443, 1445, 1085, 1087, 1445, 1093, 1085, 1446, 1447, 1113, 1448, 685, 692, 1448, 683, 685, 1448, 692, 730, 1448, 730, 1107, 1448, 1106, 683, 1448, 1107, 1106, 1449, 1098, 1100, 1449, 1450, 1451, 1449, 1100, 1450, 1452, 1439, 1103, 1453, 688, 1110, 1453, 707, 689, 1453, 1116, 721, 1453, 689, 688, 1453, 721, 716, 1453, 716, 707, 1453, 1110, 1116, 1454, 1093, 1445, 1455, 731, 738, 1455, 1096, 713, 1455, 99, 731, 1455, 1108, 1096, 1455, 715, 98, 1455, 738, 1108, 1455, 713, 715, 1455, 98, 99, 1456, 1098, 1105, 1456, 1099, 1098, 1456, 1104, 1118, 1456, 1105, 1104, 1457, 701, 708, 1457, 708, 1108, 1458, 1099, 1456, 1458, 1456, 1118, 1458, 1459, 1099, 1458, 1120, 1459, 1458, 1118, 1120, 1460, 1127, 1126, 1460, 1126, 1136, 1460, 1136, 1461, 1462, 1104, 1107, 1462, 1107, 730, 1462, 1118, 1104, 1462, 1119, 1118, 1463, 1136, 1135, 1463, 1464, 1461, 1463, 1461, 1136, 1465, 1466, 1114, 1465, 1114, 1111, 1465, 1467, 1466, 1468, 1151, 1150, 1468, 1150, 1469, 1470, 1125, 1471, 1472, 1120, 1142, 1472, 1099, 1459, 1472, 1459, 1120, 1473, 1463, 1135, 1474, 1114, 1466, 1474, 1131, 1114, 1474, 1466, 1467, 1475, 740, 745, 1475, 1137, 1129, 1475, 732, 740, 1475, 1121, 732, 1475, 1129, 1121, 1476, 1477, 1146, 1478, 1133, 1141, 1478, 744, 736, 1478, 751, 744, 1478, 1124, 1133, 1478, 736, 1124, 1479, 64, 1134, 1479, 65, 64, 1479, 66, 65, 1479, 1134, 1139, 1480, 1472, 1142, 1481, 745, 753, 1481, 1153, 1137, 1481, 1475, 745, 1481, 1137, 1475, 1482, 1131, 1474, 1483, 1139, 1156, 1483, 66, 1479, 1483, 1479, 1139, 1484, 1143, 719, 1484, 1157, 1155, 1484, 719, 723, 1484, 1164, 1157, 1484, 1155, 1143, 1484, 723, 729, 1485, 67, 66, 1485, 66, 1483, 1485, 1483, 1156, 1486, 1138, 1128, 1486, 771, 761, 1486, 761, 1487, 1486, 1128, 771, 1488, 1149, 1159, 1488, 1159, 1160, 1488, 1150, 1149, 1489, 780, 766, 1489, 788, 780, 1489, 1490, 788, 1491, 1478, 1141, 1491, 1141, 1140, 1491, 759, 751, 1491, 1140, 1152, 1491, 751, 1478, 1492, 753, 760, 1492, 1153, 1481, 1492, 1481, 753, 1493, 1485, 1156, 1493, 1156, 1158, 1493, 1158, 1167, 1493, 67, 1485, 1494, 104, 105, 1494, 1149, 1151, 1494, 1151, 747, 1494, 776, 775, 1494, 775, 1149, 1494, 105, 776, 1494, 752, 104, 1494, 747, 752, 1495, 1144, 1145, 1495, 1496, 1497, 1498, 759, 1491, 1498, 1152, 1157, 1498, 1157, 1165, 1498, 1491, 1152, 1499, 760, 769, 1499, 1153, 1492, 1499, 1492, 760, 1500, 1501, 1502, 1500, 1163, 1501, 1500, 1161, 1163, 1503, 67, 1493, 1503, 1493, 1167, 1503, 1167, 1176, 1504, 1170, 1173, 1504, 1505, 1160, 1504, 1160, 1170, 1506, 1498, 1165, 1506, 759, 1498, 1506, 764, 759, 1507, 1503, 1176, 1507, 68, 67, 1507, 67, 1503, 1508, 1147, 1154, 1508, 1509, 1147, 1508, 1510, 1509, 1511, 1153, 1499, 1511, 1158, 1153, 1511, 1168, 1158, 1511, 1499, 769, 1512, 1190, 1180, 1512, 735, 743, 1512, 1164, 1484, 1512, 1484, 729, 1512, 729, 735, 1512, 1180, 1175, 1512, 1175, 1164, 1513, 763, 799, 1513, 799, 788, 1513, 788, 1490, 1513, 1490, 1487, 1513, 1487, 761, 1513, 761, 763, 1514, 1177, 1183, 1514, 1504, 1173, 1514, 1173, 1177, 1515, 764, 1506, 1515, 778, 764, 1516, 1497, 1496, 1516, 1166, 1497, 1517, 1176, 1179, 1517, 68, 1507, 1517, 1507, 1176, 1518, 769, 782, 1518, 1168, 1511, 1518, 1511, 769, 1519, 1506, 1165, 1519, 1165, 1169, 1519, 1515, 1506, 1520, 68, 1517, 1520, 1517, 1179, 1520, 69, 68, 1521, 1168, 1518, 1521, 1174, 1168, 1522, 778, 1515, 1522, 790, 778, 1522, 1515, 1519, 1522, 1519, 1169, 1523, 1171, 1147, 1523, 1147, 1509, 1523, 1509, 1510, 1524, 1525, 1187, 1526, 1520, 1179, 1526, 69, 1520, 1526, 70, 69, 1527, 1162, 1184, 1527, 1501, 1163, 1527, 1163, 1162, 1528, 782, 796, 1528, 1174, 1521, 1528, 1521, 1518, 1528, 1518, 782, 1529, 1522, 1169, 1529, 790, 1522, 1529, 1169, 1175, 1529, 1175, 1181, 1530, 1528, 796, 1530, 796, 804, 1531, 1190, 1512, 1531, 743, 750, 1531, 750, 755, 1531, 1512, 743, 1532, 1171, 1523, 1533, 800, 790, 1533, 1529, 1181, 1533, 790, 1529, 1534, 1178, 1174, 1534, 1528, 1530, 1534, 1174, 1528, 1535, 1527, 1184, 1536, 1179, 1194, 1536, 1526, 1179, 1536, 1194, 1537, 1536, 70, 1526, 1538, 800, 1533, 1538, 1533, 1181, 1538, 807, 800, 1539, 1534, 1530, 1539, 804, 811, 1539, 1178, 1534, 1539, 1191, 1178, 1539, 1530, 804, 1540, 1536, 1537, 1540, 70, 1536, 1540, 1537, 1541, 1542, 1183, 1182, 1542, 1182, 1192, 1542, 1192, 1193, 1542, 1193, 1543, 1544, 1190, 1531, 1544, 1545, 1195, 1544, 1189, 1190, 1544, 1195, 1189, 1544, 1531, 755, 1546, 70, 1540, 1546, 1540, 1541, 1546, 1541, 1547, 1546, 71, 70, 1548, 807, 1538, 1548, 818, 807, 1548, 1538, 1181, 1549, 1544, 755, 1549, 1550, 1545, 1549, 1545, 1544, 1551, 71, 1546, 1551, 1546, 1547, 1552, 1177, 792, 1552, 108, 109, 1552, 1182, 1177, 1552, 819, 824, 1552, 824, 1182, 1552, 109, 819, 1552, 792, 108, 1553, 1551, 1547, 1553, 1547, 1554, 1553, 71, 1551, 1555, 1191, 1539, 1555, 1539, 811, 1556, 1550, 1549, 1556, 1549, 755, 1556, 755, 767, 1556, 1557, 1550, 1558, 1180, 1189, 1558, 1181, 1180, 1558, 818, 1548, 1558, 1548, 1181, 1559, 1556, 767, 1559, 1557, 1556, 1560, 1559, 767, 1560, 1557, 1559, 1560, 1561, 1557, 1562, 71, 1553, 1562, 1553, 1554, 1562, 72, 71, 1562, 73, 72, 1562, 1554, 1563, 1562, 1563, 1564, 1565, 1566, 1567, 1565, 837, 1186, 1565, 1567, 837, 1568, 1555, 811, 1568, 1191, 1555, 1569, 1204, 1570, 1571, 1202, 1204, 1571, 1204, 1569, 1571, 1543, 1193, 1571, 1193, 1197, 1571, 1197, 1202, 1572, 1561, 1560, 1572, 1573, 1561, 1572, 1560, 767, 1572, 767, 768, 1574, 818, 1558, 1574, 1558, 1189, 1574, 1189, 1196, 1575, 1576, 1577, 1575, 1200, 1199, 1575, 1199, 1576, 1578, 1573, 1572, 1578, 1572, 768, 1579, 1568, 811, 1579, 811, 822, 1579, 1191, 1568, 1580, 1581, 1573, 1580, 1573, 1578, 1580, 1578, 768, 1582, 1574, 1196, 1582, 818, 1574, 1583, 833, 845, 1583, 822, 833, 1583, 1579, 822, 1584, 1585, 1581, 1584, 1581, 1580, 1584, 768, 781, 1584, 1580, 768, 1586, 838, 830, 1586, 1582, 1196, 1586, 818, 1582, 1586, 830, 818, 1587, 1588, 844, 1587, 1566, 1588, 1587, 1567, 1566, 1587, 835, 837, 1587, 844, 835, 1587, 837, 1567, 1589, 1570, 1204, 1589, 1198, 1570, 1590, 1191, 1579, 1590, 1583, 845, 1590, 1579, 1583, 1591, 1584, 781, 1591, 1585, 1584, 1592, 1199, 1207, 1592, 1577, 1576, 1592, 1576, 1199, 1593, 1591, 781, 1593, 1594, 1585, 1593, 1585, 1591, 1595, 1191, 1590, 1595, 1590, 845, 1596, 1191, 1595, 1596, 1194, 1191, 1597, 1594, 1593, 1597, 1593, 781, 1597, 781, 789, 1598, 1194, 1596, 1599, 838, 1586, 1599, 852, 838, 1600, 1597, 789, 1601, 73, 1562, 1601, 1562, 1564, 1601, 74, 73, 1602, 1194, 1598, 1602, 1537, 1194, 1603, 841, 1205, 1603, 842, 841, 1603, 1202, 842, 1604, 852, 1599, 1604, 1599, 1586, 1604, 1586, 1196, 1605, 1537, 1602, 1606, 1601, 1564, 1606, 75, 74, 1606, 76, 75, 1606, 77, 76, 1606, 0, 77, 1606, 74, 1601, 1607, 1604, 1196, 1607, 852, 1604, 1608, 789, 798, 1608, 1600, 789, 1609, 1592, 1207, 1610, 1537, 1605, 1610, 1554, 1547, 1610, 1547, 1541, 1610, 1541, 1537, 1611, 852, 1607, 1611, 1196, 1195, 1611, 1607, 1196, 1612, 1603, 1205, 1612, 1205, 1208, 1612, 1202, 1603, 1612, 1203, 1202, 1613, 1605, 1602, 1613, 1610, 1605, 1614, 1588, 1566, 1614, 1615, 1616, 1614, 1566, 1615, 1617, 1611, 1195, 1618, 1608, 798, 1619, 1589, 1204, 1619, 1204, 1203, 1619, 1203, 1209, 1620, 1613, 1602, 1620, 1602, 1598, 1621, 1195, 1545, 1621, 1617, 1195, 1622, 1596, 1595, 1622, 1598, 1596, 1622, 1595, 845, 1622, 1620, 1598, 1623, 1621, 1545, 1624, 798, 806, 1624, 1618, 798, 1625, 853, 857, 1625, 857, 1203, 1625, 1612, 1208, 1625, 1203, 1612, 1625, 1208, 853, 1626, 1623, 1545, 1626, 1545, 1550, 1627, 1210, 1628, 1627, 1209, 1210, 1627, 1628, 1619, 1627, 1619, 1209, 1629, 1626, 1550, 1630, 1629, 1550, 1630, 1550, 1557, 1631, 1561, 1573, 1631, 1630, 1557, 1631, 1573, 1581, 1631, 1557, 1561, 1632, 1220, 1219, 1632, 1633, 1634, 1632, 1634, 1220, 1635, 1223, 1636, 1637, 1628, 1210, 1637, 1215, 1217, 1637, 1210, 1215, 1637, 1217, 1223, 1637, 1223, 1635, 1638, 1214, 1221, 1638, 1221, 1220, 1638, 1212, 1214, 1639, 1632, 1219, 1640, 1636, 1223, 1640, 1216, 1636, 1641, 871, 1211, 1641, 1238, 871, 1641, 1237, 1238, 1641, 1211, 1642, 1643, 864, 1224, 1643, 865, 864, 1643, 1217, 865, 1644, 1232, 1231, 1644, 1645, 1646, 1644, 1646, 1232, 1647, 1217, 1643, 1647, 1643, 1224, 1647, 1224, 1234, 1647, 1222, 1217, 1648, 1218, 1214, 1648, 1649, 1650, 1651, 1230, 1652, 1651, 1640, 1223, 1651, 1223, 1222, 1651, 1229, 1230, 1651, 1222, 1229, 1653, 1233, 1232, 1653, 1227, 1233, 1653, 1228, 1227, 1654, 1234, 874, 1654, 1222, 1647, 1654, 1647, 1234, 1654, 875, 1222, 1654, 874, 875, 1655, 1225, 1650, 1655, 1650, 1649, 1655, 889, 1225, 1656, 1652, 1230, 1656, 1230, 1241, 1657, 1242, 1252, 1657, 1656, 1241, 1657, 1241, 1242, 1658, 1233, 1227, 1658, 1231, 1233, 1658, 1227, 1248, 1658, 1250, 1231, 1658, 1248, 1250, 1659, 888, 1249, 1659, 1227, 1226, 1659, 1226, 889, 1659, 889, 888, 1659, 1248, 1227, 1659, 1249, 1248, 1660, 1243, 892, 1660, 886, 884, 1660, 1661, 1243, 1660, 892, 886, 1662, 860, 862, 1663, 1662, 862, 1664, 877, 1253, 1664, 878, 877, 1664, 1242, 878, 1665, 862, 868, 1665, 1663, 862, 1666, 901, 1243, 1666, 1247, 1254, 1666, 1250, 1247, 1667, 1665, 868, 1668, 1255, 1256, 1668, 1251, 1255, 1669, 1664, 1253, 1669, 1242, 1664, 1669, 1251, 1242, 1669, 898, 1251, 1670, 1667, 868, 1671, 1672, 1673, 1671, 1673, 1670, 1671, 1670, 868, 1671, 868, 870, 1674, 1254, 910, 1674, 905, 901, 1674, 901, 1666, 1674, 1666, 1254, 1674, 910, 905, 1675, 1672, 1671, 1675, 1671, 870, 1676, 1677, 1672, 1676, 1672, 1675, 1676, 1675, 870, 1678, 1249, 888, 1678, 1247, 1249, 1678, 913, 1254, 1678, 1254, 1247, 1679, 1677, 1676, 1679, 1680, 1677, 1679, 1676, 870, 1679, 870, 1240, 1681, 1679, 1240, 1681, 1680, 1679, 1682, 1258, 1260, 1682, 1257, 1258, 1682, 1683, 1256, 1682, 1260, 1684, 1682, 1256, 1257, 1685, 1686, 1680, 1685, 1681, 1240, 1685, 1680, 1681, 1687, 1240, 1245, 1687, 1688, 1686, 1687, 1685, 1240, 1687, 1686, 1685, 1689, 1687, 1245, 1689, 1688, 1687, 1690, 1689, 1245, 1690, 1688, 1689, 1690, 1691, 1688, 1692, 1245, 1246, 1692, 1693, 1691, 1692, 1690, 1245, 1692, 1691, 1690, 1694, 1263, 1693, 1694, 1693, 1692, 1694, 1261, 1263, 1694, 1265, 1261, 1694, 1692, 1246, 1695, 883, 882, 1695, 1265, 1694, 1695, 1246, 883, 1695, 1694, 1246, 1696, 1259, 1258, 1696, 906, 127, 1696, 128, 920, 1696, 127, 128, 1696, 1258, 907, 1696, 920, 1259, 1696, 907, 906, 1697, 1260, 1259, 1698, 1269, 1266, 1698, 1265, 1695, 1698, 1264, 1265, 1698, 1266, 1264, 1698, 1695, 882, 1698, 882, 887, 1698, 887, 893, 1699, 923, 921, 1699, 1276, 923, 1700, 893, 900, 1700, 900, 904, 1700, 1269, 1698, 1700, 1271, 1269, 1700, 1274, 1271, 1700, 904, 1272, 1700, 1272, 1274, 1700, 1698, 893, 1701, 1680, 1686, 1701, 1686, 1688, 1701, 1677, 1680, 1702, 1701, 1688, 1702, 1688, 1691, 1703, 1702, 1691, 1704, 1703, 1691, 1704, 1691, 1693, 1705, 1704, 1693, 1706, 1705, 1693, 1706, 1693, 1263, 1707, 1706, 1263, 1708, 1707, 1263, 1708, 1263, 1262, 1709, 934, 1708, 1709, 1708, 1262, 1710, 934, 1709, 1710, 1709, 1262, 1711, 1275, 1276, 1711, 927, 1275, 1711, 131, 132, 1711, 132, 930, 1711, 926, 131, 1711, 925, 926, 1711, 930, 927, 1711, 1276, 925, 1712, 934, 1710, 1712, 932, 934, 1713, 1262, 1261, 1714, 1713, 940, 1714, 1262, 1713, 1715, 1710, 1262, 1715, 1712, 1710, 1715, 932, 1712, 1715, 1714, 940, 1715, 1262, 1714, 1715, 940, 949, 1715, 949, 932, 1716, 1713, 1261, 1716, 940, 1713, 1716, 1261, 1264, 1716, 1264, 1267, 1717, 941, 940, 1717, 940, 1716, 1717, 1716, 1267, 1718, 1266, 1268, 1718, 1267, 1266, 1719, 960, 964, 1719, 1718, 960, 1719, 1267, 1718, 1720, 964, 941, 1720, 941, 1717, 1720, 1717, 1267, 1720, 1719, 964, 1720, 1267, 1719, 1721, 1268, 1270, 1722, 1718, 1268, 1722, 960, 1718, 1722, 1268, 1721, 1722, 956, 960, 1723, 1271, 1273, 1723, 1270, 1271, 1724, 1721, 1270, 1724, 943, 951, 1724, 1270, 1723, 1724, 1723, 943, 1725, 1722, 1721, 1725, 956, 1722, 1725, 1721, 1724, 1725, 1724, 951, 1725, 951, 956, 1726, 1273, 1277, 1726, 944, 943, 1726, 1277, 1280, 1726, 1723, 1273, 1726, 943, 1723, 1727, 962, 966, 1727, 1279, 1282, 1727, 1282, 962, 1727, 1280, 1279, 1727, 1726, 1280, 1727, 944, 1726, 1727, 966, 944, 1728, 1284, 1283, 1728, 1283, 929, 1728, 953, 1284, 1728, 929, 928, 1728, 928, 936, 1728, 936, 946, 1728, 946, 953, 1729, 961, 1290, 1729, 1290, 1292, 1729, 1292, 1294, 1729, 965, 961, 1729, 969, 965, 1730, 950, 972, 1731, 969, 1729, 1731, 1296, 1730, 1731, 1729, 1294, 1731, 1294, 1296, 1731, 972, 969, 1731, 1730, 972, 1732, 1730, 1296, 1732, 955, 950, 1732, 950, 1730, 1733, 1732, 1296, 1733, 1296, 1298, 1733, 955, 1732, 1733, 1298, 1300, 1734, 1733, 1300, 1734, 959, 955, 1734, 955, 1733, 1735, 1734, 1300, 1735, 1300, 1301, 1736, 963, 959, 1736, 959, 1734, 1736, 1734, 1735, 1736, 1735, 1301, 1737, 963, 1736, 1737, 968, 963, 1738, 1736, 1301, 1738, 1737, 1736, 1738, 1301, 1303, 1739, 968, 1737, 1739, 1737, 1738, 1739, 1738, 1303, 1739, 971, 968, 1739, 1303, 1305, 1740, 948, 971, 1740, 1741, 1305, 1740, 971, 1741, 1742, 948, 1740, 1742, 967, 954, 1742, 954, 948, 1743, 1739, 1305, 1743, 971, 1739, 1743, 1305, 1741, 1743, 1741, 971, 1744, 1742, 1740, 1744, 1740, 1305, 1744, 967, 1742, 1745, 967, 1744, 1745, 1744, 1305, 1746, 1745, 1305, 1746, 1305, 1306, 1747, 1746, 1306, 1748, 967, 1745, 1748, 1745, 1746, 1748, 1746, 1747, 1749, 1748, 1747, 1750, 1747, 1306, 1750, 1749, 1747, 1750, 1306, 1751, 1752, 1749, 1750, 1753, 1750, 1751, 1753, 1752, 1750, 1754, 1755, 1756, 1754, 1757, 1755, 1754, 1752, 1753, 1754, 1753, 1751, 1754, 1751, 1757, 1758, 140, 141, 1758, 141, 142, 1758, 1293, 140, 1758, 1295, 1293, 1759, 1758, 142, 1759, 1297, 1295, 1759, 1295, 1758, 1760, 142, 143, 1760, 1297, 1759, 1760, 1759, 142, 1761, 1299, 1298, 1761, 1298, 1297, 1761, 1760, 143, 1761, 1297, 1760, 1762, 1299, 1761, 1762, 1302, 1299, 1762, 1761, 143, 1763, 143, 144, 1763, 1762, 143, 1763, 1302, 1762, 1764, 1763, 144, 1764, 1304, 1302, 1764, 1302, 1763, 1765, 144, 145, 1765, 1304, 1764, 1765, 1764, 144, 1766, 145, 146, 1766, 1304, 1765, 1766, 1765, 145, 1767, 1766, 146, 1767, 1304, 1766, 1767, 1306, 1304, 1767, 1751, 1306, 1768, 1751, 1767, 1768, 1767, 146, 1768, 1757, 1751, 1769, 1757, 1768, 1769, 1768, 146, 1769, 1755, 1757, 1769, 146, 147, 1770, 1755, 1769, 1770, 1769, 147, 1771, 1756, 1755, 1771, 1755, 1770, 1771, 1770, 147, 1772, 1756, 1771, 1772, 1773, 1756, 1772, 1771, 147, 1772, 147, 148, 1772, 148, 149, 1772, 1774, 1773, 1775, 1772, 149, 1775, 1774, 1772, 1775, 149, 150, 1776, 1775, 150, 1776, 150, 151, 1776, 151, 152, 1776, 152, 153, 1776, 153, 1, 1776, 1774, 1775, 1777, 548, 547, 1777, 974, 1308, 1777, 1778, 548, 1777, 1308, 1778, 1777, 547, 974, 1779, 1308, 549, 1779, 1780, 1778, 1779, 555, 1780, 1779, 549, 553, 1779, 553, 555, 1779, 1778, 1308, 1781, 976, 556, 1781, 1778, 1309, 1781, 548, 1778, 1781, 556, 548, 1781, 1309, 976, 1782, 1778, 1780, 1782, 1780, 555, 1782, 1309, 1778, 1783, 1316, 979, 1783, 1784, 1316, 1783, 979, 1311, 1785, 982, 983, 1785, 991, 985, 1785, 1312, 982, 1785, 983, 1321, 1785, 1313, 1312, 1785, 985, 1313, 1786, 1315, 1316, 1786, 1319, 1315, 1786, 1316, 1784, 1787, 1317, 568, 1787, 1321, 1317, 1788, 568, 571, 1788, 1787, 568, 1788, 1321, 1787, 1789, 1325, 1324, 1790, 1791, 1325, 1790, 1321, 1788, 1790, 1325, 1789, 1790, 1789, 1321, 1792, 1018, 1323, 1792, 1323, 1322, 1793, 577, 579, 1794, 1336, 1338, 1794, 1338, 1793, 1794, 579, 1336, 1794, 1793, 579, 1795, 998, 999, 1795, 1327, 998, 1795, 1007, 1328, 1795, 1328, 1327, 1795, 1011, 1007, 1795, 999, 1337, 1796, 1323, 1018, 1796, 1018, 1017, 1796, 1333, 1323, 1796, 1339, 1333, 1796, 1017, 1339, 1797, 1337, 1331, 1797, 1331, 1325, 1798, 1325, 1791, 1798, 1797, 1325, 1799, 1352, 1800, 1799, 1793, 1338, 1801, 1350, 1352, 1801, 1799, 1338, 1801, 1352, 1799, 1802, 1012, 1013, 1802, 1338, 1012, 1802, 1013, 1021, 1803, 1017, 1016, 1803, 1016, 1349, 1803, 1025, 1028, 1803, 1028, 1340, 1803, 1339, 1017, 1803, 1340, 1339, 1804, 1346, 1344, 1805, 1028, 1027, 1805, 1348, 1342, 1805, 1027, 1348, 1805, 1342, 1343, 1805, 1343, 1028, 1806, 1807, 1346, 1806, 1346, 1804, 1808, 1341, 1008, 1809, 1008, 1345, 1809, 1808, 1008, 1810, 1354, 1348, 1810, 1039, 1363, 1810, 1363, 1354, 1810, 1348, 1027, 1810, 1027, 1039, 1811, 1360, 1358, 1812, 1023, 1022, 1813, 1360, 1811, 1813, 1814, 1360, 1815, 1812, 1022, 1815, 1373, 1812, 1815, 1022, 1370, 1815, 1370, 1373, 1816, 1039, 1038, 1816, 1364, 1363, 1816, 1042, 1044, 1816, 1044, 1364, 1816, 1363, 1039, 1816, 1038, 1371, 1817, 1044, 1043, 1817, 1368, 1367, 1817, 1367, 1369, 1817, 1369, 1044, 1817, 1043, 1368, 1818, 1366, 1360, 1819, 1376, 644, 1819, 47, 1041, 1819, 48, 47, 1819, 643, 48, 1819, 1041, 1376, 1819, 644, 643, 1820, 1812, 1373, 1820, 1381, 1821, 1822, 1818, 1360, 1822, 1360, 1814, 1823, 1381, 1820, 1823, 1820, 1373, 1823, 1379, 1381, 1824, 1372, 1368, 1824, 1368, 1043, 1824, 1375, 1372, 1825, 1048, 1047, 1825, 1386, 1053, 1825, 1373, 1048, 1825, 1826, 1386, 1825, 1047, 1826, 1825, 1053, 1056, 1827, 1375, 1824, 1827, 1050, 1375, 1827, 1824, 1043, 1827, 1382, 1384, 1827, 1043, 1382, 1827, 1384, 1050, 1828, 624, 625, 1829, 1378, 1377, 1830, 1821, 1381, 1831, 1391, 1378, 1831, 1378, 1829, 1832, 1394, 1830, 1832, 1381, 1389, 1832, 1389, 1394, 1832, 1830, 1381, 1833, 1387, 1050, 1833, 1384, 1392, 1833, 1050, 1384, 1834, 1058, 1396, 1834, 1057, 1058, 1834, 1067, 1383, 1834, 1065, 1067, 1834, 1382, 1057, 1834, 1383, 1382, 1835, 1836, 1388, 1835, 1833, 1392, 1837, 1838, 1839, 1840, 1400, 1841, 1840, 1830, 1394, 1842, 1398, 1400, 1842, 1400, 1840, 1842, 1840, 1394, 1843, 1396, 1390, 1843, 1390, 1391, 1844, 1388, 1836, 1844, 1395, 1388, 1845, 1391, 1846, 1845, 1843, 1391, 1847, 1062, 1848, 1847, 1848, 1410, 1847, 1394, 1063, 1847, 1063, 1062, 1847, 1071, 1074, 1847, 1410, 1071, 1849, 1064, 1401, 1849, 666, 1064, 1849, 1407, 666, 1850, 1839, 1838, 1851, 1401, 1397, 1851, 1397, 656, 1852, 1841, 1400, 1853, 672, 671, 1853, 671, 670, 1853, 1854, 672, 1853, 1408, 1854, 1853, 1069, 1408, 1853, 670, 1069, 1855, 656, 661, 1855, 1851, 656, 1855, 661, 665, 1856, 1852, 1400, 1856, 1420, 1852, 1856, 1415, 1420, 1856, 1400, 1415, 1857, 1403, 1402, 1858, 1425, 1403, 1858, 1403, 1857, 1859, 1427, 1081, 1859, 672, 1854, 1859, 1854, 1427, 1859, 679, 672, 1859, 1081, 679, 1860, 1861, 1854, 1860, 1854, 1408, 1860, 704, 1861, 1862, 1855, 665, 1863, 1864, 1865, 1866, 1867, 1422, 1866, 1422, 1421, 1868, 1852, 1420, 1868, 1435, 1869, 1870, 668, 1430, 1870, 1862, 665, 1870, 665, 668, 1870, 1430, 1432, 1871, 1868, 1420, 1871, 1435, 1868, 1871, 1433, 1435, 1872, 1854, 1861, 1872, 702, 695, 1872, 704, 702, 1872, 1427, 1854, 1872, 695, 1427, 1872, 1861, 704, 1873, 1084, 1086, 1873, 1086, 1413, 1873, 1412, 1431, 1873, 1413, 1412, 1874, 1095, 1875, 1876, 1082, 1428, 1876, 1083, 1082, 1876, 1441, 1083, 1876, 1428, 1417, 1876, 1417, 1075, 1876, 1075, 1076, 1877, 1092, 1089, 1877, 1878, 1437, 1877, 1420, 1079, 1877, 1078, 1878, 1877, 1437, 1092, 1877, 1079, 1078, 1879, 1426, 1423, 1879, 1431, 1426, 1880, 1881, 1875, 1882, 1865, 1864, 1883, 1423, 1422, 1883, 1879, 1423, 1883, 1431, 1879, 1884, 1424, 1425, 1885, 1451, 1886, 1887, 1869, 1435, 1888, 1884, 1425, 1888, 1425, 1889, 1890, 1449, 1451, 1890, 1451, 1885, 1891, 1435, 1439, 1891, 1439, 1452, 1891, 1452, 1887, 1891, 1887, 1435, 1892, 1105, 1098, 1892, 1432, 1088, 1892, 1438, 1105, 1892, 1088, 1438, 1893, 1444, 1442, 1894, 1895, 1444, 1894, 1431, 1883, 1894, 1444, 1893, 1894, 1893, 1431, 1896, 728, 1440, 1896, 1440, 1441, 1897, 1094, 1093, 1897, 1111, 1113, 1897, 1447, 1898, 1897, 1113, 1447, 1897, 1898, 1094, 1897, 1093, 1454, 1899, 1900, 1901, 1902, 1903, 1904, 1905, 1887, 1452, 1905, 1461, 1464, 1906, 728, 1896, 1906, 734, 728, 1907, 1460, 1461, 1907, 1461, 1905, 1907, 1905, 1452, 1908, 1445, 1443, 1908, 1454, 1445, 1909, 1910, 1911, 1909, 694, 693, 1909, 1457, 1910, 1909, 693, 701, 1909, 1911, 694, 1909, 701, 1457, 1912, 1454, 1908, 1912, 1908, 1443, 1912, 1443, 1444, 1913, 1471, 1125, 1913, 1914, 1471, 1913, 1452, 1103, 1913, 1102, 1914, 1913, 1103, 1102, 1913, 1125, 1127, 1915, 1916, 1464, 1917, 1901, 1900, 1918, 1904, 1903, 1919, 1457, 1108, 1919, 739, 1910, 1919, 1910, 1457, 1919, 1108, 738, 1919, 738, 739, 1920, 1910, 1468, 1920, 1911, 1910, 1920, 730, 694, 1920, 1468, 1469, 1920, 1469, 730, 1920, 694, 1911, 1921, 1915, 1464, 1921, 1464, 1463, 1921, 1463, 1473, 1921, 1473, 1915, 1922, 1100, 1099, 1923, 1472, 1480, 1923, 1099, 1472, 1923, 1922, 1099, 1924, 1467, 1465, 1925, 1926, 1467, 1925, 1467, 1924, 1925, 1924, 1454, 1925, 1454, 1912, 1927, 766, 757, 1927, 1915, 1473, 1928, 1468, 1910, 1928, 747, 1151, 1928, 1910, 739, 1928, 1151, 1468, 1928, 739, 747, 1929, 766, 1927, 1929, 1927, 1473, 1929, 1489, 766, 1930, 1132, 1131, 1930, 1477, 1931, 1930, 1931, 1132, 1930, 1146, 1477, 1930, 1154, 1146, 1930, 1131, 1482, 1932, 1933, 1934, 1935, 773, 771, 1936, 1502, 1937, 1938, 1138, 1486, 1938, 1135, 1138, 1938, 1473, 1135, 1938, 1487, 1490, 1938, 1486, 1487, 1939, 1500, 1502, 1939, 1502, 1936, 1940, 1474, 1467, 1940, 1482, 1474, 1941, 1488, 1160, 1941, 1160, 1505, 1941, 1505, 1145, 1942, 1467, 1926, 1942, 1940, 1467, 1942, 1482, 1940, 1943, 1144, 1495, 1943, 1495, 1497, 1943, 1142, 1144, 1943, 1480, 1142, 1943, 1166, 1161, 1943, 1497, 1166, 1944, 1934, 1933, 1945, 1505, 1504, 1945, 1504, 1514, 1945, 1145, 1505, 1946, 1945, 1514, 1946, 1495, 1145, 1946, 1514, 1183, 1946, 1145, 1945, 1946, 1183, 1496, 1946, 1496, 1495, 1947, 1510, 1508, 1948, 1502, 1501, 1949, 1947, 1482, 1949, 1482, 1942, 1949, 1950, 1510, 1949, 1510, 1947, 1951, 1948, 1501, 1951, 1501, 1527, 1952, 1171, 1532, 1952, 1186, 1187, 1952, 1953, 1172, 1952, 1187, 1525, 1952, 1525, 1953, 1952, 1172, 1171, 1954, 816, 810, 1955, 1183, 1542, 1955, 1496, 1183, 1955, 1516, 1496, 1956, 1543, 1185, 1956, 1516, 1955, 1957, 1523, 1510, 1957, 1532, 1523, 1958, 1577, 1959, 1960, 1510, 1950, 1960, 1957, 1510, 1960, 1532, 1957, 1961, 1577, 1958, 1961, 1575, 1577, 1962, 1188, 1569, 1962, 1198, 1200, 1962, 1184, 1188, 1962, 1535, 1184, 1962, 1569, 1570, 1962, 1570, 1198, 1963, 1569, 1188, 1963, 1185, 1543, 1963, 1188, 1185, 1963, 1571, 1569, 1963, 1543, 1571, 1964, 1566, 1565, 1965, 1959, 1577, 1966, 1964, 1532, 1966, 1532, 1960, 1966, 1566, 1964, 1966, 1615, 1566, 1967, 1577, 1592, 1967, 1965, 1577, 1968, 1589, 1619, 1968, 1198, 1589, 1968, 1201, 1198, 1968, 1619, 1628, 1968, 1628, 1201, 1969, 1220, 1634, 1970, 1638, 1220, 1970, 1220, 1969, 1971, 1972, 1633, 1973, 1971, 1633, 1973, 1632, 1639, 1973, 1633, 1632, 1974, 1211, 844, 1974, 844, 1588, 1974, 1642, 1211, 1975, 1207, 1206, 1975, 1609, 1207, 1975, 1206, 1635, 1975, 1635, 1636, 1975, 1636, 1216, 1975, 1216, 1212, 1976, 1206, 1201, 1976, 1628, 1637, 1976, 1635, 1206, 1976, 1637, 1635, 1976, 1201, 1628, 1977, 1594, 1597, 1977, 1978, 1594, 1977, 1600, 1608, 1977, 1597, 1600, 1977, 1608, 1618, 1979, 821, 832, 1980, 1618, 1624, 1980, 1978, 1977, 1980, 1624, 1981, 1980, 1981, 1982, 1980, 1977, 1618, 1983, 1616, 1984, 1983, 1614, 1616, 1985, 1986, 0, 1985, 1606, 1564, 1985, 0, 1606, 1985, 1564, 1563, 1987, 1620, 1622, 1987, 1985, 1563, 1987, 1610, 1613, 1987, 1563, 1554, 1987, 1554, 1610, 1987, 1613, 1620, 1987, 1986, 1985, 1988, 1232, 1646, 1989, 1232, 1988, 1989, 1653, 1232, 1990, 1622, 845, 1990, 1986, 1987, 1990, 848, 849, 1990, 1987, 1622, 1990, 845, 848, 1990, 849, 852, 1991, 1992, 852, 1991, 1629, 1630, 1991, 1611, 1617, 1991, 852, 1611, 1991, 1626, 1629, 1991, 1623, 1626, 1991, 1617, 1621, 1991, 1621, 1623, 1993, 1991, 1630, 1993, 1630, 1631, 1993, 1992, 1991, 1993, 1994, 1992, 1995, 1990, 852, 1995, 852, 1992, 1995, 1986, 1990, 1996, 1581, 1585, 1996, 1585, 1594, 1996, 1594, 1978, 1996, 1631, 1581, 1997, 1979, 832, 1998, 1631, 1996, 1998, 1993, 1631, 1998, 1994, 1993, 1998, 1996, 1994, 1999, 1997, 2000, 1999, 1982, 1979, 1999, 1979, 1997, 2001, 1652, 1213, 2001, 1213, 1216, 2001, 1640, 1651, 2001, 1216, 1640, 2001, 1651, 1652, 2002, 1994, 1996, 2002, 1996, 1978, 2003, 1982, 1999, 2003, 1980, 1982, 2004, 1219, 1218, 2004, 1650, 1225, 2004, 1639, 1219, 2004, 1218, 1648, 2004, 1648, 1650, 2004, 1225, 1228, 2005, 2006, 1645, 2007, 2002, 1978, 2007, 1980, 2003, 2007, 2003, 2008, 2007, 1978, 1980, 2009, 1641, 1642, 2009, 1237, 1641, 2010, 2000, 1997, 2010, 832, 840, 2010, 1997, 832, 2010, 2011, 2000, 2012, 2011, 2010, 2012, 2010, 840, 2013, 2005, 1645, 2013, 1645, 1644, 2014, 881, 1236, 2014, 1237, 2009, 2014, 1236, 1237, 2015, 881, 2014, 2016, 2012, 840, 2016, 2011, 2012, 2016, 2017, 2011, 2018, 840, 847, 2018, 2016, 840, 2018, 2017, 2016, 2019, 2018, 847, 2019, 847, 851, 2020, 1213, 1652, 2020, 1652, 1656, 2020, 1656, 1657, 2021, 1994, 2002, 2021, 2002, 2007, 2021, 2007, 2008, 2022, 1999, 2000, 2022, 2003, 1999, 2022, 2008, 2003, 2023, 881, 2015, 2023, 1660, 884, 2023, 1661, 1660, 2023, 884, 881, 2024, 2018, 2019, 2024, 2017, 2018, 2024, 2019, 2025, 2026, 1243, 1661, 2026, 1250, 1666, 2026, 1666, 1243, 2026, 1231, 1250, 2027, 1994, 2021, 2028, 1992, 1994, 2028, 1994, 2027, 2029, 2027, 2021, 2029, 2021, 2008, 2030, 2000, 2011, 2030, 2022, 2000, 2031, 2029, 2008, 2031, 2022, 2030, 2031, 2030, 2032, 2031, 2008, 2022, 2033, 2030, 2011, 2033, 2032, 2030, 2034, 1668, 1256, 2034, 1683, 890, 2034, 1256, 1683, 2035, 2032, 2033, 2035, 2033, 2011, 2035, 2011, 2017, 2036, 2035, 2017, 2036, 2017, 2024, 2037, 2038, 2036, 2037, 2036, 2024, 2037, 2024, 2025, 2039, 2040, 1662, 2039, 1662, 1663, 2039, 2025, 2040, 2039, 2037, 2025, 2041, 2042, 2039, 2041, 1663, 1665, 2041, 1673, 2042, 2041, 2039, 1663, 2041, 1670, 1673, 2041, 1667, 1670, 2041, 1665, 1667, 2043, 1684, 888, 2043, 888, 890, 2043, 890, 1683, 2043, 1683, 1682, 2043, 1682, 1684, 2044, 123, 124, 2044, 898, 1669, 2044, 1253, 123, 2044, 1669, 1253, 2044, 124, 895, 2044, 895, 898, 2045, 2032, 2035, 2045, 2036, 2038, 2045, 2035, 2036, 2046, 2038, 2037, 2046, 2039, 2042, 2046, 2037, 2039, 2047, 1697, 2048, 2047, 2048, 2049, 2047, 2049, 915, 2050, 2045, 2038, 2051, 2050, 2038, 2051, 2038, 2046, 2052, 2053, 2051, 2052, 2046, 2042, 2052, 2051, 2046, 2054, 1673, 1672, 2054, 2042, 1673, 2054, 2053, 2052, 2054, 1672, 1677, 2054, 2052, 2042, 2054, 1677, 1701, 2055, 914, 915, 2055, 921, 914, 2055, 1699, 921, 2055, 2049, 2048, 2055, 915, 2049, 2055, 2048, 1699, 2056, 918, 2048, 2056, 917, 918, 2056, 920, 917, 2056, 2048, 1697, 2056, 1259, 920, 2056, 1697, 1259, 2057, 1, 0, 2058, 2051, 2053, 2058, 2050, 2051, 2059, 2053, 2054, 2059, 2054, 1701, 2060, 2048, 918, 2060, 1276, 1699, 2060, 918, 925, 2060, 1699, 2048, 2060, 925, 1276, 2061, 2053, 2062, 2061, 2058, 2053, 2063, 2062, 2053, 2063, 2053, 2059, 2063, 2059, 1701, 2063, 1701, 1702, 2064, 1702, 1703, 2064, 1703, 1704, 2064, 1704, 1705, 2064, 1705, 1706, 2064, 1706, 1707, 2064, 1708, 934, 2064, 1707, 1708, 2064, 2063, 1702, 2064, 934, 2062, 2064, 2062, 2063, 2065, 2062, 934, 2066, 933, 937, 2066, 2067, 2065, 2066, 967, 1748, 2066, 937, 967, 2066, 934, 933, 2066, 2065, 934, 2068, 1756, 1773, 2068, 2067, 2066, 2068, 1748, 1749, 2068, 1754, 1756, 2068, 1749, 1752, 2068, 1752, 1754, 2068, 2066, 1748, 2069, 1, 2067, 2069, 1776, 1, 2069, 1774, 1776, 2069, 2068, 1773, 2069, 1773, 1774, 2069, 2067, 2068, 2070, 1312, 1314, 2070, 554, 1312, 2070, 1782, 555, 2070, 555, 554, 2070, 1314, 2071, 2072, 1314, 1318, 2072, 1784, 1783, 2072, 987, 1784, 2072, 1318, 987, 2072, 2071, 1314, 2073, 1329, 2074, 2075, 2073, 1786, 2075, 987, 1327, 2075, 1329, 2073, 2075, 1786, 1784, 2075, 1327, 1329, 2075, 1784, 987, 2076, 991, 1785, 2076, 1324, 991, 2076, 1785, 1321, 2076, 1789, 1324, 2076, 1321, 1789, 2077, 1788, 571, 2077, 577, 1793, 2077, 575, 577, 2077, 571, 575, 2078, 2074, 1329, 2079, 2077, 1793, 2079, 1790, 1788, 2079, 1788, 2077, 2079, 1793, 1799, 2080, 1018, 1792, 2080, 2078, 1329, 2080, 1334, 1010, 2080, 1010, 1018, 2080, 1329, 1334, 2080, 1792, 2078, 2081, 1800, 2082, 2081, 1791, 1790, 2081, 1790, 2079, 2081, 2079, 1799, 2081, 1799, 1800, 2081, 2082, 1791, 2083, 1011, 1795, 2083, 1795, 1337, 2083, 1344, 1011, 2083, 1804, 1344, 2083, 1337, 1804, 2084, 1798, 1791, 2085, 2084, 1791, 2085, 1791, 2082, 2085, 1806, 2084, 2086, 1021, 1350, 2086, 1350, 1801, 2086, 1801, 1338, 2086, 1338, 1802, 2086, 1802, 1021, 2087, 1349, 1341, 2087, 1341, 1808, 2088, 1813, 1811, 2088, 1349, 2087, 2089, 1811, 1358, 2089, 1358, 1025, 2089, 1803, 1349, 2089, 1349, 2088, 2089, 2088, 1811, 2089, 1025, 1803, 2090, 2091, 2092, 2090, 1806, 2085, 2090, 2092, 1807, 2090, 1807, 1806, 2093, 1809, 1345, 2094, 1345, 1346, 2094, 2093, 1345, 2095, 1812, 1820, 2095, 1351, 1023, 2095, 1023, 1812, 2095, 1352, 1351, 2096, 1814, 1813, 2096, 2097, 1814, 2098, 2095, 1820, 2098, 1821, 2099, 2098, 1820, 1821, 2100, 1366, 1818, 2100, 1371, 1366, 2101, 1831, 1829, 2101, 1371, 2100, 2102, 1042, 1816, 2102, 1816, 1371, 2102, 2101, 1829, 2102, 1371, 2101, 2102, 1377, 1042, 2102, 1829, 1377, 2103, 1047, 1034, 2103, 1034, 624, 2103, 1828, 1826, 2103, 1826, 1047, 2103, 624, 1828, 2104, 1822, 1814, 2105, 1373, 1825, 2105, 1825, 1056, 2105, 1823, 1373, 2105, 1379, 1823, 2105, 1056, 1379, 2106, 1814, 2097, 2106, 2104, 1814, 2107, 1830, 1840, 2107, 2099, 1821, 2107, 1821, 1830, 2108, 1828, 625, 2108, 625, 631, 2109, 1053, 1385, 2109, 1054, 1053, 2109, 1839, 1054, 2109, 1837, 1839, 2109, 1385, 1837, 2110, 1835, 1388, 2110, 1388, 1387, 2110, 1833, 1835, 2110, 1387, 1833, 2111, 1391, 1831, 2111, 1846, 1391, 2112, 1841, 2113, 2112, 1840, 1841, 2114, 1066, 1836, 2114, 1067, 1066, 2114, 1392, 1067, 2114, 1835, 1392, 2114, 1836, 1835, 2115, 2116, 1838, 2115, 1838, 1837, 2117, 1839, 1850, 2117, 1848, 1062, 2117, 1062, 1054, 2117, 1850, 1848, 2117, 1054, 1839, 2118, 1074, 1398, 2118, 1398, 1842, 2118, 1394, 1847, 2118, 1842, 1394, 2118, 1847, 1074, 2119, 1843, 1845, 2119, 1858, 1857, 2119, 1396, 1843, 2120, 2113, 1841, 2120, 1852, 1868, 2120, 1841, 1852, 2121, 1838, 2116, 2121, 1850, 1838, 2122, 1065, 1834, 2122, 2119, 1857, 2122, 1396, 2119, 2122, 1857, 1402, 2122, 1834, 1396, 2122, 1402, 1065, 2123, 1836, 1066, 2123, 1416, 1418, 2123, 1418, 2124, 2123, 1066, 1416, 2125, 1858, 2119, 2125, 1845, 1846, 2125, 2119, 1845, 2126, 2125, 1846, 2126, 1846, 2127, 2128, 1855, 1862, 2128, 1851, 1855, 2128, 1866, 1401, 2128, 1401, 1851, 2129, 1863, 1865, 2129, 1071, 1409, 2129, 1072, 1071, 2129, 1409, 1863, 2129, 1865, 1072, 2130, 1407, 1849, 2130, 1866, 1421, 2130, 1401, 1866, 2130, 1421, 1407, 2130, 1849, 1401, 2131, 1869, 2132, 2131, 1868, 1869, 2133, 704, 1860, 2133, 1418, 1428, 2133, 705, 704, 2133, 2124, 1418, 2133, 1428, 705, 2134, 1425, 1858, 2134, 1889, 1425, 2135, 1875, 1881, 2135, 1874, 1875, 2136, 2137, 1881, 2136, 1881, 1880, 2138, 1884, 1441, 2138, 1441, 1876, 2138, 1876, 1076, 2138, 1424, 1884, 2138, 1076, 1424, 2139, 1862, 1870, 2139, 1870, 1432, 2139, 1885, 1862, 2139, 1432, 1890, 2139, 1890, 1885, 2140, 1885, 1886, 2140, 1886, 1867, 2140, 1867, 1866, 2140, 1866, 2128, 2140, 2128, 1862, 2140, 1862, 1885, 2141, 1864, 1863, 2141, 2142, 1864, 2143, 1865, 1882, 2143, 1878, 1078, 2143, 1882, 1878, 2143, 1078, 1072, 2143, 1072, 1865, 2144, 1086, 1085, 2144, 1429, 1086, 2144, 1874, 1429, 2144, 1095, 1874, 2144, 1085, 1095, 2145, 1089, 1433, 2145, 1420, 1877, 2145, 1877, 1089, 2145, 1871, 1420, 2145, 1433, 1871, 2146, 2132, 1869, 2146, 1869, 1887, 2146, 1887, 1905, 2147, 1882, 1864, 2147, 1864, 2142, 2148, 1095, 1094, 2148, 1875, 1095, 2148, 1880, 1875, 2148, 1898, 1880, 2148, 1094, 1898, 2149, 2150, 2151, 2149, 1889, 2150, 2149, 1888, 1889, 2152, 1893, 1442, 2152, 1873, 1431, 2152, 1084, 1873, 2152, 1442, 1084, 2152, 1431, 1893, 2153, 1894, 1883, 2153, 1867, 1886, 2153, 1883, 1422, 2153, 1422, 1867, 2154, 1449, 1890, 2154, 1098, 1449, 2154, 1892, 1098, 2154, 1890, 1432, 2154, 1432, 1892, 2155, 1902, 1904, 2155, 1090, 1092, 2155, 1436, 1902, 2155, 1904, 1090, 2155, 1092, 1436, 2156, 1899, 1901, 2156, 1901, 2157, 2158, 1905, 1464, 2158, 1464, 1916, 2159, 734, 1906, 2160, 742, 734, 2160, 734, 2159, 2160, 1888, 2149, 2160, 2159, 1888, 2161, 1900, 1899, 2161, 1112, 1900, 2161, 1113, 1112, 2161, 1899, 1446, 2161, 1446, 1113, 2162, 1901, 1917, 2162, 2157, 1901, 2163, 1915, 1927, 2163, 2164, 1916, 2163, 1916, 1915, 2165, 1903, 1902, 2165, 2166, 1903, 2167, 1914, 1102, 2167, 1904, 1918, 2167, 1090, 1904, 2167, 1918, 1914, 2167, 1102, 1090, 2168, 2169, 1895, 2168, 2170, 2169, 2168, 1895, 1894, 2168, 1894, 2153, 2171, 1460, 1907, 2171, 1452, 1913, 2171, 1913, 1127, 2171, 1907, 1452, 2171, 1127, 1460, 2172, 1903, 2166, 2172, 1918, 1903, 2173, 1450, 1100, 2174, 1465, 1111, 2174, 1897, 1454, 2174, 1111, 1897, 2174, 1454, 1924, 2174, 1924, 1465, 2175, 1900, 1112, 2175, 1931, 1917, 2175, 1132, 1931, 2175, 1917, 1900, 2175, 1112, 1132, 2176, 2173, 1100, 2176, 1100, 1922, 2177, 1444, 1895, 2177, 1912, 1444, 2177, 1925, 1912, 2178, 2163, 1927, 2178, 1927, 757, 2178, 756, 749, 2178, 757, 756, 2179, 1470, 1935, 2179, 1935, 771, 2179, 1125, 1470, 2179, 1128, 1125, 2179, 771, 1128, 2180, 1145, 1119, 2180, 1119, 1462, 2180, 1462, 730, 2180, 730, 1469, 2180, 1941, 1145, 2181, 1934, 2182, 2181, 1932, 1934, 2183, 1936, 1937, 2183, 1937, 2184, 2185, 2176, 1922, 2185, 1923, 1480, 2185, 1922, 1923, 2186, 1932, 1476, 2186, 1148, 1933, 2186, 1476, 1146, 2186, 1146, 1148, 2186, 1933, 1932, 2187, 1934, 1944, 2187, 2182, 1934, 2188, 2189, 1926, 2188, 1926, 1925, 2190, 1929, 1473, 2190, 1489, 1929, 2190, 1473, 1938, 2190, 1938, 1490, 2190, 1490, 1489, 2191, 773, 1935, 2191, 784, 773, 2192, 1480, 1943, 2192, 1943, 1161, 2192, 1500, 1939, 2192, 1161, 1500, 2192, 2185, 1480, 2192, 1939, 2185, 2193, 1482, 1947, 2193, 1508, 1154, 2193, 1154, 1930, 2193, 1930, 1482, 2193, 1947, 1508, 2194, 1953, 1944, 2194, 1933, 1148, 2194, 1148, 1172, 2194, 1172, 1953, 2194, 1944, 1933, 2195, 1926, 2189, 2195, 1949, 1942, 2195, 1942, 1926, 2196, 1937, 1502, 2197, 1502, 1948, 2197, 2196, 1502, 2198, 1185, 1162, 2198, 1956, 1185, 2198, 1162, 1166, 2198, 1516, 1956, 2198, 1166, 1516, 2199, 1954, 810, 2199, 810, 802, 2200, 1951, 1527, 2200, 1527, 1535, 2201, 1187, 829, 2201, 1954, 1524, 2201, 829, 816, 2201, 816, 1954, 2201, 1524, 1187, 2202, 1950, 1949, 2202, 2203, 1950, 2204, 1959, 2205, 2204, 1958, 1959, 2206, 1542, 1543, 2206, 1956, 1955, 2206, 1543, 1956, 2206, 1955, 1542, 2207, 2200, 1535, 2207, 1961, 1958, 2208, 1532, 1964, 2208, 1952, 1532, 2208, 1186, 1952, 2208, 1964, 1565, 2208, 1565, 1186, 2209, 1535, 1962, 2209, 1961, 2207, 2209, 2207, 1535, 2209, 1962, 1200, 2209, 1575, 1961, 2209, 1200, 1575, 2210, 2203, 2211, 2210, 1960, 1950, 2210, 1966, 1960, 2210, 1950, 2203, 2212, 2205, 1959, 2213, 2212, 1959, 2213, 1959, 1965, 2214, 1592, 1609, 2214, 1967, 1592, 2215, 1984, 1616, 2215, 1966, 2210, 2215, 1616, 1615, 2215, 1615, 1966, 2216, 1969, 1634, 2216, 1634, 1633, 2217, 2214, 1609, 2217, 1970, 1969, 2218, 1979, 1982, 2218, 806, 813, 2218, 1981, 1624, 2218, 813, 821, 2218, 1982, 1981, 2218, 1624, 806, 2218, 821, 1979, 2219, 2220, 1972, 2221, 1988, 2219, 2221, 1972, 1971, 2221, 2219, 1972, 2222, 1614, 1983, 2222, 1983, 1642, 2222, 1588, 1614, 2222, 1974, 1588, 2222, 1642, 1974, 2223, 1975, 1212, 2223, 1212, 1638, 2223, 2217, 1609, 2223, 1970, 2217, 2223, 1638, 1970, 2223, 1609, 1975, 2224, 2219, 1988, 2224, 1646, 1645, 2224, 1988, 1646, 2225, 2006, 2005, 2225, 1984, 2006, 2225, 1983, 1984, 2225, 2005, 2015, 2226, 1642, 1983, 2226, 2009, 1642, 2226, 2014, 2009, 2226, 2015, 2014, 2226, 1983, 2225, 2226, 2225, 2015, 2227, 1989, 1639, 2227, 1653, 1989, 2227, 1639, 2004, 2227, 2004, 1228, 2227, 1228, 1653, 2228, 1648, 1214, 2228, 1214, 1213, 2228, 1213, 2020, 2228, 1649, 1648, 2229, 1231, 2026, 2229, 1661, 2013, 2229, 2026, 1661, 2229, 2013, 1644, 2229, 1644, 1231, 2230, 1662, 2040, 2230, 860, 1662, 2230, 2040, 2025, 2230, 855, 860, 2230, 2025, 2019, 2230, 2019, 851, 2230, 851, 855, 2231, 2013, 1661, 2231, 2005, 2013, 2231, 2015, 2005, 2231, 2023, 2015, 2231, 1661, 2023, 2232, 2228, 2020, 2232, 1649, 2228, 2232, 2233, 1649, 2234, 1995, 1992, 2234, 1986, 1995, 2234, 1992, 2028, 2235, 2034, 890, 2235, 890, 889, 2235, 1655, 1649, 2235, 889, 1655, 2236, 2235, 1649, 2236, 2034, 2235, 2236, 1649, 2233, 2237, 2029, 2031, 2237, 2031, 2032, 2238, 2234, 2028, 2238, 0, 1986, 2238, 1986, 2234, 2239, 2027, 2029, 2240, 1678, 888, 2240, 888, 1684, 2240, 2047, 915, 2240, 913, 1678, 2240, 915, 913, 2241, 2028, 2027, 2241, 2027, 2239, 2241, 2238, 2028, 2242, 2057, 2239, 2242, 2237, 2032, 2242, 2239, 2029, 2242, 2029, 2237, 2243, 2045, 2050, 2243, 2032, 2045, 2244, 2057, 2242, 2244, 2242, 2032, 2245, 2057, 2244, 2245, 2244, 2032, 2245, 2243, 2050, 2245, 2032, 2243, 2246, 2057, 2245, 2246, 2245, 2050, 2246, 2050, 2058, 2247, 2246, 2058, 2247, 2058, 2061, 2248, 2067, 1, 2248, 2247, 2061, 2249, 2067, 2248, 2249, 2065, 2067, 2249, 2248, 2061, 2249, 2062, 2065, 2249, 2061, 2062, 2250, 2070, 2071, 2250, 977, 1309, 2250, 1782, 2070, 2250, 1309, 1782, 2250, 2071, 977, 2251, 2072, 1783, 2251, 1311, 977, 2251, 2071, 2072, 2251, 977, 2071, 2251, 1783, 1311, 2252, 2073, 2074, 2252, 1786, 2073, 2252, 990, 1319, 2252, 1319, 1786, 2252, 2074, 990, 2253, 2074, 2078, 2253, 2078, 1792, 2253, 1792, 1322, 2253, 990, 2074, 2254, 1806, 1804, 2254, 1337, 1797, 2254, 1798, 2084, 2254, 1797, 1798, 2254, 2084, 1806, 2254, 1804, 1337, 2255, 2082, 1800, 2255, 1800, 1352, 2255, 2085, 2082, 2256, 1352, 2095, 2256, 2255, 1352, 2256, 2085, 2255, 2257, 1809, 2093, 2257, 2087, 1808, 2257, 1808, 1809, 2258, 1813, 2088, 2258, 2088, 2087, 2258, 2257, 2093, 2258, 2087, 2257, 2259, 2095, 2098, 2259, 2256, 2095, 2259, 2085, 2256, 2259, 2090, 2085, 2260, 2094, 1346, 2260, 1807, 2092, 2260, 1346, 1807, 2261, 2262, 2091, 2261, 2259, 2098, 2261, 2090, 2259, 2261, 2091, 2090, 2263, 2099, 2262, 2263, 2098, 2099, 2263, 2262, 2261, 2263, 2261, 2098, 2264, 2094, 2260, 2265, 2262, 2099, 2265, 2099, 2107, 2266, 2100, 1818, 2266, 1818, 1822, 2266, 1822, 2104, 2267, 2097, 2096, 2267, 2268, 2097, 2267, 2269, 2268, 2267, 2096, 2264, 2270, 1831, 2101, 2270, 2101, 2100, 2270, 2266, 2104, 2270, 2100, 2266, 2271, 2097, 2268, 2271, 2268, 2269, 2271, 2106, 2097, 2272, 2265, 2107, 2273, 2274, 2275, 2273, 2113, 2274, 2273, 2112, 2113, 2273, 2272, 2112, 2276, 2106, 2271, 2277, 2113, 2120, 2277, 2274, 2113, 2278, 2111, 2276, 2278, 2279, 2127, 2278, 2127, 1846, 2278, 1846, 2111, 2280, 1070, 1395, 2280, 2123, 2124, 2280, 1844, 1836, 2280, 1836, 2123, 2280, 2124, 1070, 2280, 1395, 1844, 2281, 2277, 2120, 2282, 2279, 2283, 2282, 2127, 2279, 2282, 2126, 2127, 2284, 2135, 1881, 2285, 2131, 2132, 2285, 2281, 2131, 2285, 2132, 2286, 2285, 2286, 2283, 2287, 1408, 1070, 2287, 2124, 2133, 2287, 2133, 1860, 2287, 1070, 2124, 2287, 1860, 1408, 2288, 2282, 2283, 2289, 2132, 2146, 2289, 2286, 2132, 2289, 2283, 2286, 2289, 2288, 2283, 2290, 2291, 2292, 2293, 2151, 2150, 2293, 2134, 2294, 2293, 1889, 2134, 2293, 2150, 1889, 2295, 2292, 2291, 2296, 1896, 1441, 2296, 2159, 1906, 2296, 1441, 1884, 2296, 1888, 2159, 2296, 1906, 1896, 2296, 1884, 1888, 2297, 2164, 2151, 2297, 2158, 1916, 2297, 2298, 2158, 2297, 1916, 2164, 2299, 2151, 2164, 2299, 2149, 2151, 2299, 2164, 2163, 2300, 1886, 1451, 2300, 1451, 1450, 2300, 1450, 2173, 2301, 1886, 2300, 2301, 2153, 1886, 2302, 2160, 2149, 2302, 2163, 2178, 2302, 2299, 2163, 2302, 2149, 2299, 2303, 2304, 2305, 2306, 2307, 2308, 2309, 2168, 2153, 2309, 2153, 2301, 2310, 2160, 2302, 2310, 742, 2160, 2310, 749, 742, 2310, 2178, 749, 2310, 2302, 2178, 2311, 2312, 2170, 2311, 2170, 2168, 2311, 2168, 2309, 2313, 1895, 2169, 2313, 2177, 1895, 2313, 2169, 2170, 2314, 2315, 2316, 2317, 2312, 2311, 2317, 2184, 2312, 2318, 2180, 1469, 2318, 1941, 2180, 2318, 1469, 1150, 2318, 1150, 1488, 2318, 1488, 1941, 2319, 2177, 2313, 2320, 2316, 2315, 2320, 784, 2191, 2321, 1937, 2196, 2321, 2184, 1937, 2322, 2189, 2188, 2322, 2323, 2189, 2322, 2324, 2323, 2322, 2188, 2319, 2325, 2199, 802, 2326, 2189, 2323, 2326, 2323, 2324, 2326, 2195, 2189, 2327, 2321, 2196, 2328, 2197, 1948, 2328, 1951, 2200, 2328, 1948, 1951, 2329, 2197, 2328, 2329, 2200, 2207, 2329, 2207, 1958, 2329, 2328, 2200, 2330, 2327, 2204, 2330, 2204, 2205, 2330, 2205, 2331, 2330, 2331, 2332, 2333, 2195, 2326, 2334, 2331, 2205, 2334, 2205, 2212, 2335, 2202, 2333, 2335, 2211, 2203, 2335, 2203, 2202, 2335, 2336, 2211, 2337, 2334, 2212, 2338, 2213, 1965, 2338, 1967, 2214, 2338, 1965, 1967, 2339, 2220, 2219, 2339, 2336, 2220, 2339, 2211, 2336, 2340, 2210, 2211, 2340, 2339, 2219, 2340, 2211, 2339, 2341, 2217, 1969, 2341, 2214, 2217, 2341, 2213, 2338, 2341, 2338, 2214, 2342, 1972, 2220, 2342, 1633, 1972, 2342, 2216, 1633, 2342, 2337, 2216, 2343, 2219, 2224, 2343, 2215, 2210, 2343, 2340, 2219, 2343, 2210, 2340, 2344, 2006, 1984, 2344, 1984, 2215, 2344, 2343, 2224, 2344, 2215, 2343, 2345, 1639, 1989, 2345, 1988, 2221, 2345, 2221, 1971, 2345, 1989, 1988, 2345, 1971, 1973, 2345, 1973, 1639, 2346, 1645, 2006, 2346, 2224, 1645, 2346, 2006, 2344, 2346, 2344, 2224, 2347, 1252, 2233, 2347, 2020, 1657, 2347, 2232, 2020, 2347, 2233, 2232, 2347, 1657, 1252, 2348, 2236, 2233, 2348, 2034, 2236, 2348, 2233, 1252, 2348, 1668, 2034, 2349, 1260, 1697, 2349, 2047, 2240, 2349, 1697, 2047, 2349, 1684, 1260, 2349, 2240, 1684, 2350, 0, 2238, 2350, 2057, 0, 2350, 2239, 2057, 2350, 2238, 2241, 2350, 2241, 2239, 2351, 1, 2057, 2351, 2248, 1, 2351, 2246, 2247, 2351, 2247, 2248, 2351, 2057, 2246, 2352, 989, 990, 2352, 2253, 1322, 2352, 990, 2253, 2352, 1322, 989, 2353, 1813, 2258, 2353, 2093, 2094, 2353, 2094, 2264, 2353, 2096, 1813, 2353, 2258, 2093, 2353, 2264, 2096, 2354, 2260, 2092, 2355, 2092, 2091, 2355, 2354, 2092, 2355, 2091, 2262, 2355, 2265, 2354, 2355, 2262, 2265, 2356, 2265, 2272, 2356, 2260, 2354, 2356, 2354, 2265, 2356, 2264, 2260, 2357, 2267, 2264, 2357, 2356, 2272, 2357, 2264, 2356, 2357, 2269, 2267, 2358, 2272, 2273, 2358, 2273, 2275, 2358, 2269, 2357, 2358, 2357, 2272, 2358, 2275, 2269, 2359, 1828, 2108, 2360, 2270, 2104, 2360, 2276, 2111, 2360, 2106, 2276, 2360, 1831, 2270, 2360, 2111, 1831, 2360, 2104, 2106, 2361, 2362, 2363, 2361, 2364, 2362, 2361, 2359, 2364, 2365, 2271, 2269, 2366, 2274, 2277, 2366, 2275, 2274, 2366, 2277, 2365, 2366, 2269, 2275, 2366, 2365, 2269, 2367, 1840, 2112, 2367, 2272, 2107, 2367, 2107, 1840, 2367, 2112, 2272, 2368, 2363, 2362, 2368, 2362, 2369, 2370, 2276, 2271, 2370, 2277, 2281, 2370, 2365, 2277, 2370, 2271, 2365, 2371, 2362, 2364, 2371, 2372, 2362, 2371, 2373, 2372, 2374, 2115, 1837, 2374, 2368, 2369, 2375, 2362, 2372, 2375, 2369, 2362, 2375, 2372, 2373, 2376, 2285, 2283, 2376, 2281, 2285, 2376, 2276, 2370, 2376, 2370, 2281, 2377, 2283, 2279, 2377, 2278, 2276, 2377, 2376, 2283, 2377, 2279, 2278, 2377, 2276, 2376, 2378, 2379, 2116, 2378, 2369, 2375, 2380, 2381, 2284, 2380, 2373, 2382, 2380, 2382, 2381, 2383, 1850, 2121, 2384, 2116, 2379, 2385, 2383, 2386, 2385, 2387, 2388, 2385, 2386, 2387, 2389, 2281, 2120, 2389, 2131, 2281, 2389, 2120, 1868, 2389, 1868, 2131, 2390, 2284, 2381, 2390, 2381, 1414, 2391, 2282, 2288, 2391, 2126, 2282, 2391, 2294, 2126, 2392, 2134, 1858, 2392, 2125, 2126, 2392, 1858, 2125, 2392, 2294, 2134, 2392, 2126, 2294, 2393, 2384, 2379, 2393, 2379, 2137, 2394, 2388, 2387, 2394, 2387, 2395, 2396, 2284, 2390, 2396, 1874, 2135, 2396, 2135, 2284, 2397, 2386, 2384, 2397, 2290, 2292, 2397, 2393, 2290, 2397, 2384, 2393, 2398, 2399, 2387, 2398, 2397, 2292, 2398, 2292, 2399, 2398, 2386, 2397, 2398, 2387, 2386, 2400, 2394, 2395, 2400, 2141, 1863, 2401, 2387, 2399, 2401, 2399, 2292, 2401, 2395, 2387, 2402, 2288, 2289, 2402, 2146, 2298, 2402, 2289, 2146, 2403, 2136, 1880, 2404, 2402, 2298, 2404, 2151, 2293, 2404, 2297, 2151, 2404, 2293, 2294, 2404, 2298, 2297, 2404, 2288, 2402, 2404, 2391, 2288, 2404, 2294, 2391, 2405, 2395, 2401, 2405, 2401, 2292, 2405, 2292, 2295, 2406, 2290, 2403, 2406, 2291, 2290, 2406, 2407, 2291, 2408, 2395, 2405, 2408, 2409, 2142, 2410, 1882, 2147, 2411, 2295, 2291, 2411, 2291, 2407, 2412, 2409, 2408, 2412, 2157, 2409, 2412, 2408, 2405, 2412, 2405, 2295, 2413, 2142, 2409, 2414, 2410, 2415, 2414, 2415, 2304, 2414, 2304, 2416, 2417, 1905, 2158, 2417, 2158, 2298, 2417, 2146, 1905, 2417, 2298, 2146, 2418, 1899, 2156, 2418, 2295, 2411, 2419, 2409, 2157, 2419, 2413, 2409, 2420, 2416, 2304, 2420, 2304, 2303, 2421, 2419, 2306, 2421, 2413, 2419, 2421, 2415, 2413, 2421, 2306, 2308, 2422, 2415, 2421, 2422, 2421, 2308, 2422, 2304, 2415, 2422, 2305, 2304, 2422, 2308, 2305, 2423, 2165, 1902, 2423, 2420, 2303, 2424, 2162, 1917, 2425, 2307, 2426, 2425, 2305, 2308, 2425, 2308, 2307, 2427, 2425, 2426, 2427, 2305, 2425, 2427, 2303, 2305, 2428, 2306, 2424, 2428, 2307, 2306, 2428, 2429, 2307, 2430, 2309, 2301, 2430, 2300, 2173, 2430, 2301, 2300, 2431, 2303, 2427, 2431, 2432, 2166, 2433, 1918, 2172, 2434, 2426, 2307, 2434, 2307, 2429, 2435, 2427, 2426, 2435, 2182, 2432, 2435, 2431, 2427, 2435, 2432, 2431, 2436, 2309, 2430, 2436, 2311, 2309, 2437, 2166, 2432, 2438, 2314, 2316, 2438, 2433, 2314, 2438, 2316, 2439, 2440, 2317, 2311, 2440, 2184, 2317, 2440, 2183, 2184, 2440, 2311, 2436, 2440, 2436, 2183, 2441, 1932, 2181, 2441, 2426, 2434, 2442, 2432, 2182, 2442, 2437, 2432, 2443, 2188, 1925, 2443, 1925, 2177, 2443, 2177, 2319, 2443, 2319, 2188, 2444, 2316, 2320, 2444, 2439, 2316, 2445, 2313, 2170, 2446, 2445, 2170, 2446, 2321, 2445, 2446, 2170, 2312, 2446, 2184, 2321, 2446, 2312, 2184, 2447, 2442, 2448, 2447, 2437, 2442, 2447, 2315, 2314, 2447, 2314, 2437, 2449, 2320, 2191, 2449, 2444, 2320, 2449, 2191, 1935, 2450, 2447, 2448, 2450, 2315, 2447, 2450, 2448, 2451, 2450, 2452, 2315, 2450, 2451, 2452, 2453, 2313, 2445, 2453, 2445, 2321, 2453, 2321, 2327, 2453, 2319, 2313, 2454, 2187, 1944, 2455, 2451, 2325, 2455, 2315, 2452, 2455, 2452, 2451, 2456, 2325, 802, 2456, 802, 795, 2456, 2320, 2315, 2456, 2315, 2455, 2456, 784, 2320, 2456, 795, 784, 2456, 2455, 2325, 2457, 2451, 2448, 2457, 2448, 2454, 2457, 2458, 2451, 2459, 2322, 2319, 2459, 2319, 2453, 2459, 2324, 2322, 2459, 2453, 2327, 2460, 2325, 2451, 2460, 2451, 2458, 2461, 2327, 2330, 2461, 2459, 2327, 2461, 2324, 2459, 2461, 2330, 2332, 2461, 2332, 2324, 2462, 2199, 2325, 2462, 1954, 2199, 2462, 2325, 2460, 2463, 2333, 2202, 2463, 2202, 1949, 2463, 1949, 2195, 2463, 2195, 2333, 2464, 2326, 2324, 2465, 2334, 2464, 2465, 2331, 2334, 2465, 2332, 2331, 2465, 2464, 2324, 2465, 2324, 2332, 2466, 2204, 2327, 2466, 2196, 2197, 2466, 1958, 2204, 2466, 2327, 2196, 2466, 2197, 2329, 2466, 2329, 1958, 2467, 2333, 2326, 2467, 2326, 2464, 2467, 2464, 2334, 2467, 2334, 2337, 2468, 2342, 2220, 2468, 2467, 2337, 2468, 2333, 2467, 2468, 2337, 2342, 2469, 2335, 2333, 2469, 2468, 2220, 2469, 2336, 2335, 2469, 2333, 2468, 2469, 2220, 2336, 2470, 2212, 2213, 2470, 2341, 1969, 2470, 1969, 2216, 2470, 2216, 2337, 2470, 2337, 2212, 2470, 2213, 2341, 2471, 1251, 1668, 2471, 1252, 1251, 2471, 2348, 1252, 2471, 1668, 2348, 2472, 1828, 2359, 2472, 2361, 2363, 2472, 2359, 2361, 2472, 1826, 1828, 2472, 1386, 1826, 2472, 2363, 1386, 2473, 1385, 1386, 2473, 2374, 1837, 2473, 2368, 2374, 2473, 2363, 2368, 2473, 1386, 2363, 2473, 1837, 1385, 2474, 635, 639, 2475, 2116, 2115, 2475, 2115, 2374, 2475, 2374, 2369, 2475, 2378, 2116, 2475, 2369, 2378, 2476, 2375, 2373, 2476, 2373, 2380, 2477, 2375, 2476, 2477, 2378, 2375, 2478, 2386, 2383, 2478, 2121, 2116, 2478, 2383, 2121, 2478, 2384, 2386, 2478, 2116, 2384, 2479, 1850, 2383, 2479, 1410, 1848, 2479, 1848, 1850, 2479, 2388, 1410, 2479, 2383, 2385, 2479, 2385, 2388, 2480, 2378, 2477, 2480, 2379, 2378, 2480, 2137, 2379, 2481, 2400, 1863, 2481, 1409, 1410, 2481, 2394, 2400, 2481, 1410, 2388, 2481, 1863, 1409, 2481, 2388, 2394, 2482, 1874, 2396, 2482, 1413, 1429, 2482, 2396, 2390, 2482, 1429, 1874, 2482, 2390, 1414, 2482, 1414, 1413, 2483, 2403, 2290, 2483, 2136, 2403, 2483, 2137, 2136, 2483, 2290, 2393, 2483, 2393, 2137, 2484, 2400, 2395, 2484, 2141, 2400, 2484, 2395, 2408, 2484, 2408, 2142, 2484, 2142, 2141, 2485, 1447, 2407, 2485, 2403, 1880, 2485, 2406, 2403, 2485, 2407, 2406, 2485, 1898, 1447, 2485, 1880, 1898, 2486, 2410, 2147, 2486, 2415, 2410, 2486, 2142, 2413, 2486, 2413, 2415, 2486, 2147, 2142, 2487, 2416, 1437, 2487, 1437, 1878, 2487, 2414, 2416, 2487, 1878, 1882, 2487, 1882, 2410, 2487, 2410, 2414, 2488, 2407, 1447, 2488, 1899, 2418, 2488, 1446, 1899, 2488, 1447, 1446, 2488, 2411, 2407, 2488, 2418, 2411, 2489, 2156, 2157, 2489, 2157, 2412, 2489, 2412, 2295, 2489, 2418, 2156, 2489, 2295, 2418, 2490, 1437, 2416, 2490, 1436, 1437, 2490, 2423, 1902, 2490, 1902, 1436, 2490, 2416, 2420, 2490, 2420, 2423, 2491, 2157, 2162, 2491, 2162, 2424, 2491, 2424, 2306, 2491, 2419, 2157, 2491, 2306, 2419, 2492, 2166, 2165, 2492, 2303, 2431, 2492, 2423, 2303, 2492, 2165, 2423, 2492, 2431, 2166, 2493, 2424, 1917, 2493, 1917, 1931, 2493, 1931, 1477, 2493, 1477, 2429, 2493, 2428, 2424, 2493, 2429, 2428, 2494, 2166, 2437, 2494, 2437, 2314, 2494, 2172, 2166, 2494, 2314, 2433, 2494, 2433, 2172, 2495, 2433, 2438, 2495, 2438, 2439, 2495, 1918, 2433, 2495, 1471, 1914, 2495, 2439, 1471, 2495, 1914, 1918, 2496, 2173, 2176, 2496, 2430, 2173, 2496, 2436, 2430, 2497, 2441, 2434, 2497, 1476, 1932, 2497, 2429, 1477, 2497, 1477, 1476, 2497, 1932, 2441, 2497, 2434, 2429, 2498, 2441, 2181, 2498, 2426, 2441, 2498, 2182, 2435, 2498, 2181, 2182, 2498, 2435, 2426, 2499, 2439, 2444, 2499, 2444, 2449, 2499, 1935, 1470, 2499, 2449, 1935, 2499, 1471, 2439, 2499, 1470, 1471, 2500, 2436, 2496, 2500, 1936, 2183, 2500, 2183, 2436, 2500, 2496, 1936, 2501, 2448, 2442, 2501, 2442, 2182, 2501, 2454, 2448, 2501, 2182, 2187, 2501, 2187, 2454, 2502, 2458, 2457, 2502, 1944, 1953, 2502, 1525, 2458, 2502, 2457, 2454, 2502, 1953, 1525, 2502, 2454, 1944, 2503, 1524, 1954, 2503, 2458, 1525, 2503, 2460, 2458, 2503, 1954, 2462, 2503, 2462, 2460, 2503, 1525, 1524, 2504, 631, 635, 2504, 635, 2474, 2505, 2371, 2364, 2505, 2504, 2474, 2505, 2474, 2371, 2506, 2474, 639, 2506, 639, 648, 2507, 2476, 2380, 2507, 2477, 2476, 2507, 2480, 2477, 2507, 2137, 2480, 2507, 1881, 2137, 2507, 2380, 2284, 2507, 2284, 1881, 2508, 2496, 2176, 2508, 2185, 1939, 2508, 2176, 2185, 2508, 1939, 1936, 2508, 1936, 2496, 2509, 2505, 2364, 2509, 2359, 2108, 2509, 631, 2504, 2509, 2504, 2505, 2509, 2364, 2359, 2509, 2108, 631, 2510, 648, 653, 2510, 2506, 648, 2510, 2381, 2382, 2511, 2474, 2506, 2511, 2506, 2510, 2512, 2510, 2382, 2512, 2474, 2511, 2512, 2511, 2510, 2512, 2371, 2474, 2512, 2382, 2373, 2512, 2373, 2371, 2513, 2381, 2510, 2513, 653, 659, 2513, 1411, 1414, 2513, 1414, 2381, 2513, 659, 1411, 2513, 2510, 653]
            uniform token subdivisionScheme = "none"
            uniform bool doubleSided = true
            color3f[] primvars:displayColor = [(0.67, 0.61, 0.53)]
            custom string simulationStatus = "unmeasured_occlusion_proxy"
        }
    }
    def Xform "Sensors"
    {
        def Camera "C0_front_main"
        {
            double3 xformOp:translate = (0, 0, 0)
            quatd xformOp:orient = (0.5, 0.5, -0.5, -0.5)
            uniform token[] xformOpOrder = ["xformOp:translate", "xformOp:orient"]
            token projection = "perspective"
            float horizontalAperture = 0.1
            float verticalAperture = 0.05625
            float focalLength = 0.0288675134595
            float fStop = 0
            float focusDistance = 1
            float2 clippingRange = (0.0001, 100)
            custom int2 nominal:resolution = (1920, 1080)
            custom double nominal:fps = 30
            custom string nominal:cameraId = "C0"
            custom string nominal:status = "SIMULATION_ASSUMPTION_NOT_FACTORY_CALIBRATION"
        }
        def Camera "C1_front_left"
        {
            double3 xformOp:translate = (0, 0.0315, 0)
            quatd xformOp:orient = (0.5, 0.5, -0.5, -0.5)
            uniform token[] xformOpOrder = ["xformOp:translate", "xformOp:orient"]
            token projection = "perspective"
            float horizontalAperture = 0.1
            float verticalAperture = 0.08125
            float focalLength = 0.0358098621957
            float fStop = 0
            float focusDistance = 1
            float2 clippingRange = (0.0001, 100)
            custom int2 nominal:resolution = (1600, 1300)
            custom double nominal:fps = 30
            custom string nominal:cameraId = "C1"
            custom string nominal:status = "SIMULATION_ASSUMPTION_NOT_FACTORY_CALIBRATION"
            custom token cameraProjectionType = "fisheyePolynomial"
            custom float fthetaWidth = 1600
            custom float fthetaHeight = 1300
            custom float fthetaCx = 800
            custom float fthetaCy = 650
            custom float fthetaMaxFov = 160
            custom float fthetaPolyA = 0
            custom float fthetaPolyB = 0.00174532925199
            custom float fthetaPolyC = 0
            custom float fthetaPolyD = 0
            custom float fthetaPolyE = 0
            custom string nominal:lensEquation = "theta_rad = radius_px / f_px; requires NVIDIA RTX fisheyePolynomial backend"
        }
        def Camera "C2_front_right"
        {
            double3 xformOp:translate = (0, -0.0315, 0)
            quatd xformOp:orient = (0.5, 0.5, -0.5, -0.5)
            uniform token[] xformOpOrder = ["xformOp:translate", "xformOp:orient"]
            token projection = "perspective"
            float horizontalAperture = 0.1
            float verticalAperture = 0.08125
            float focalLength = 0.0358098621957
            float fStop = 0
            float focusDistance = 1
            float2 clippingRange = (0.0001, 100)
            custom int2 nominal:resolution = (1600, 1300)
            custom double nominal:fps = 30
            custom string nominal:cameraId = "C2"
            custom string nominal:status = "SIMULATION_ASSUMPTION_NOT_FACTORY_CALIBRATION"
            custom token cameraProjectionType = "fisheyePolynomial"
            custom float fthetaWidth = 1600
            custom float fthetaHeight = 1300
            custom float fthetaCx = 800
            custom float fthetaCy = 650
            custom float fthetaMaxFov = 160
            custom float fthetaPolyA = 0
            custom float fthetaPolyB = 0.00174532925199
            custom float fthetaPolyC = 0
            custom float fthetaPolyD = 0
            custom float fthetaPolyE = 0
            custom string nominal:lensEquation = "theta_rad = radius_px / f_px; requires NVIDIA RTX fisheyePolynomial backend"
        }
        def Camera "C3_surround_left_up"
        {
            double3 xformOp:translate = (-0.016, 0.055, 0.02)
            quatd xformOp:orient = (0, 0.707106781187, -0.707106781187, 0)
            uniform token[] xformOpOrder = ["xformOp:translate", "xformOp:orient"]
            token projection = "perspective"
            float horizontalAperture = 0.1
            float verticalAperture = 0.0888888888889
            float focalLength = 0.0231498099043
            float fStop = 0
            float focusDistance = 1
            float2 clippingRange = (0.0001, 100)
            custom int2 nominal:resolution = (1080, 960)
            custom double nominal:fps = 30
            custom string nominal:cameraId = "C3"
            custom string nominal:status = "SIMULATION_ASSUMPTION_NOT_FACTORY_CALIBRATION"
            custom token cameraProjectionType = "fisheyePolynomial"
            custom float fthetaWidth = 1080
            custom float fthetaHeight = 960
            custom float fthetaCx = 540
            custom float fthetaCy = 480
            custom float fthetaMaxFov = 220
            custom float fthetaPolyA = 0
            custom float fthetaPolyB = 0.00399971286915
            custom float fthetaPolyC = 0
            custom float fthetaPolyD = 0
            custom float fthetaPolyE = 0
            custom string nominal:lensEquation = "theta_rad = radius_px / f_px; requires NVIDIA RTX fisheyePolynomial backend"
        }
        def Camera "C4_surround_left_down"
        {
            double3 xformOp:translate = (-0.016, 0.055, -0.02)
            quatd xformOp:orient = (0.707106781187, 0, 0, -0.707106781187)
            uniform token[] xformOpOrder = ["xformOp:translate", "xformOp:orient"]
            token projection = "perspective"
            float horizontalAperture = 0.1
            float verticalAperture = 0.0888888888889
            float focalLength = 0.0231498099043
            float fStop = 0
            float focusDistance = 1
            float2 clippingRange = (0.0001, 100)
            custom int2 nominal:resolution = (1080, 960)
            custom double nominal:fps = 30
            custom string nominal:cameraId = "C4"
            custom string nominal:status = "SIMULATION_ASSUMPTION_NOT_FACTORY_CALIBRATION"
            custom token cameraProjectionType = "fisheyePolynomial"
            custom float fthetaWidth = 1080
            custom float fthetaHeight = 960
            custom float fthetaCx = 540
            custom float fthetaCy = 480
            custom float fthetaMaxFov = 220
            custom float fthetaPolyA = 0
            custom float fthetaPolyB = 0.00399971286915
            custom float fthetaPolyC = 0
            custom float fthetaPolyD = 0
            custom float fthetaPolyE = 0
            custom string nominal:lensEquation = "theta_rad = radius_px / f_px; requires NVIDIA RTX fisheyePolynomial backend"
        }
        def Camera "C5_surround_right_up"
        {
            double3 xformOp:translate = (-0.016, -0.055, 0.02)
            quatd xformOp:orient = (0, 0.707106781187, -0.707106781187, 0)
            uniform token[] xformOpOrder = ["xformOp:translate", "xformOp:orient"]
            token projection = "perspective"
            float horizontalAperture = 0.1
            float verticalAperture = 0.0888888888889
            float focalLength = 0.0231498099043
            float fStop = 0
            float focusDistance = 1
            float2 clippingRange = (0.0001, 100)
            custom int2 nominal:resolution = (1080, 960)
            custom double nominal:fps = 30
            custom string nominal:cameraId = "C5"
            custom string nominal:status = "SIMULATION_ASSUMPTION_NOT_FACTORY_CALIBRATION"
            custom token cameraProjectionType = "fisheyePolynomial"
            custom float fthetaWidth = 1080
            custom float fthetaHeight = 960
            custom float fthetaCx = 540
            custom float fthetaCy = 480
            custom float fthetaMaxFov = 220
            custom float fthetaPolyA = 0
            custom float fthetaPolyB = 0.00399971286915
            custom float fthetaPolyC = 0
            custom float fthetaPolyD = 0
            custom float fthetaPolyE = 0
            custom string nominal:lensEquation = "theta_rad = radius_px / f_px; requires NVIDIA RTX fisheyePolynomial backend"
        }
        def Camera "C6_surround_right_down"
        {
            double3 xformOp:translate = (-0.016, -0.055, -0.02)
            quatd xformOp:orient = (0.707106781187, 0, 0, -0.707106781187)
            uniform token[] xformOpOrder = ["xformOp:translate", "xformOp:orient"]
            token projection = "perspective"
            float horizontalAperture = 0.1
            float verticalAperture = 0.0888888888889
            float focalLength = 0.0231498099043
            float fStop = 0
            float focusDistance = 1
            float2 clippingRange = (0.0001, 100)
            custom int2 nominal:resolution = (1080, 960)
            custom double nominal:fps = 30
            custom string nominal:cameraId = "C6"
            custom string nominal:status = "SIMULATION_ASSUMPTION_NOT_FACTORY_CALIBRATION"
            custom token cameraProjectionType = "fisheyePolynomial"
            custom float fthetaWidth = 1080
            custom float fthetaHeight = 960
            custom float fthetaCx = 540
            custom float fthetaCy = 480
            custom float fthetaMaxFov = 220
            custom float fthetaPolyA = 0
            custom float fthetaPolyB = 0.00399971286915
            custom float fthetaPolyC = 0
            custom float fthetaPolyD = 0
            custom float fthetaPolyE = 0
            custom string nominal:lensEquation = "theta_rad = radius_px / f_px; requires NVIDIA RTX fisheyePolynomial backend"
        }
    }
    def Xform "IMU"
    {
        double3 xformOp:translate = (-0.018, 0, 0)
        uniform token[] xformOpOrder = ["xformOp:translate"]
        custom string typeHint = "mount frame only; attach physical IMU at runtime"
        custom string axes = "+X forward, +Y left, +Z up"
    }
}
